transaction_id,company_id,date,type,category,amount
CT-000001,COMP-01,2025-01-01,inflow,Revenue/Collections,197170.17
CT-000002,COMP-01,2025-01-01,outflow,Operating Expenses,109237.4
CT-000003,COMP-01,2025-01-02,inflow,Revenue/Collections,233242.4
CT-000004,COMP-01,2025-01-02,outflow,Operating Expenses,118397.59
CT-000005,COMP-01,2025-01-03,inflow,Revenue/Collections,216713.42
CT-000006,COMP-01,2025-01-03,outflow,Operating Expenses,124719.89
CT-000007,COMP-01,2025-01-04,inflow,Revenue/Collections,100906.83
CT-000008,COMP-01,2025-01-04,outflow,Vendor Payments,24072.92
CT-000009,COMP-01,2025-01-05,inflow,Revenue/Collections,79683.19
CT-000010,COMP-01,2025-01-05,outflow,Vendor Payments,38012.65
CT-000011,COMP-01,2025-01-06,inflow,Revenue/Collections,177159.02
CT-000012,COMP-01,2025-01-06,outflow,Vendor Payments,133535.0
CT-000013,COMP-01,2025-01-07,inflow,Revenue/Collections,198212.27
CT-000014,COMP-01,2025-01-07,outflow,Operating Expenses,133933.81
CT-000015,COMP-01,2025-01-08,inflow,Revenue/Collections,200782.48
CT-000016,COMP-01,2025-01-08,outflow,Vendor Payments,132650.07
CT-000017,COMP-01,2025-01-09,inflow,Revenue/Collections,191296.04
CT-000018,COMP-01,2025-01-09,outflow,Payroll,127667.62
CT-000019,COMP-01,2025-01-10,inflow,Revenue/Collections,191637.18
CT-000020,COMP-01,2025-01-10,outflow,Vendor Payments,117632.56
CT-000021,COMP-01,2025-01-11,inflow,Revenue/Collections,86970.89
CT-000022,COMP-01,2025-01-11,outflow,Payroll,29665.59
CT-000023,COMP-01,2025-01-12,inflow,Revenue/Collections,76635.77
CT-000024,COMP-01,2025-01-12,outflow,Vendor Payments,40881.46
CT-000025,COMP-01,2025-01-13,inflow,Revenue/Collections,191405.66
CT-000026,COMP-01,2025-01-13,outflow,Payroll,109036.99
CT-000027,COMP-01,2025-01-14,inflow,Revenue/Collections,169132.59
CT-000028,COMP-01,2025-01-14,outflow,Vendor Payments,112352.78
CT-000029,COMP-01,2025-01-15,inflow,Revenue/Collections,191059.14
CT-000030,COMP-01,2025-01-15,outflow,Payroll,132776.14
CT-000031,COMP-01,2025-01-16,inflow,Revenue/Collections,200888.56
CT-000032,COMP-01,2025-01-16,outflow,Payroll,130249.45
CT-000033,COMP-01,2025-01-17,inflow,Revenue/Collections,180573.91
CT-000034,COMP-01,2025-01-17,outflow,Payroll,114298.31
CT-000035,COMP-01,2025-01-18,inflow,Revenue/Collections,61579.26
CT-000036,COMP-01,2025-01-18,outflow,Vendor Payments,25018.24
CT-000037,COMP-01,2025-01-19,inflow,Revenue/Collections,65662.25
CT-000038,COMP-01,2025-01-19,outflow,Vendor Payments,32040.76
CT-000039,COMP-01,2025-01-20,inflow,Revenue/Collections,175973.39
CT-000040,COMP-01,2025-01-20,outflow,Vendor Payments,125339.35
CT-000041,COMP-01,2025-01-21,inflow,Revenue/Collections,182725.75
CT-000042,COMP-01,2025-01-21,outflow,Operating Expenses,122110.95
CT-000043,COMP-01,2025-01-22,inflow,Revenue/Collections,186244.4
CT-000044,COMP-01,2025-01-22,outflow,Operating Expenses,136136.36
CT-000045,COMP-01,2025-01-23,inflow,Revenue/Collections,198458.91
CT-000046,COMP-01,2025-01-23,outflow,Payroll,137462.95
CT-000047,COMP-01,2025-01-24,inflow,Revenue/Collections,170456.25
CT-000048,COMP-01,2025-01-24,outflow,Vendor Payments,104959.95
CT-000049,COMP-01,2025-01-25,inflow,Revenue/Collections,90165.99
CT-000050,COMP-01,2025-01-25,outflow,Payroll,50980.62
CT-000051,COMP-01,2025-01-26,inflow,Revenue/Collections,97359.22
CT-000052,COMP-01,2025-01-26,outflow,Operating Expenses,49680.69
CT-000053,COMP-01,2025-01-27,inflow,Revenue/Collections,180256.59
CT-000054,COMP-01,2025-01-27,outflow,Payroll,186150.05
CT-000055,COMP-01,2025-01-28,inflow,Revenue/Collections,174750.14
CT-000056,COMP-01,2025-01-28,outflow,Payroll,222923.16
CT-000057,COMP-01,2025-01-29,inflow,Revenue/Collections,191292.88
CT-000058,COMP-01,2025-01-29,outflow,Payroll,201000.85
CT-000059,COMP-01,2025-01-30,inflow,Revenue/Collections,193383.04
CT-000060,COMP-01,2025-01-30,outflow,Vendor Payments,215023.16
CT-000061,COMP-01,2025-01-31,inflow,Revenue/Collections,197263.73
CT-000062,COMP-01,2025-01-31,outflow,Operating Expenses,197688.1
CT-000063,COMP-01,2025-02-01,inflow,Revenue/Collections,82677.96
CT-000064,COMP-01,2025-02-01,outflow,Vendor Payments,33308.49
CT-000065,COMP-01,2025-02-02,inflow,Revenue/Collections,102248.06
CT-000066,COMP-01,2025-02-02,outflow,Vendor Payments,39184.14
CT-000067,COMP-01,2025-02-03,inflow,Revenue/Collections,242814.12
CT-000068,COMP-01,2025-02-03,outflow,Vendor Payments,124814.27
CT-000069,COMP-01,2025-02-04,inflow,Revenue/Collections,205748.61
CT-000070,COMP-01,2025-02-04,outflow,Payroll,109128.31
CT-000071,COMP-01,2025-02-05,inflow,Revenue/Collections,198085.2
CT-000072,COMP-01,2025-02-05,outflow,Operating Expenses,135218.61
CT-000073,COMP-01,2025-02-06,inflow,Revenue/Collections,169789.26
CT-000074,COMP-01,2025-02-06,outflow,Operating Expenses,138919.91
CT-000075,COMP-01,2025-02-07,inflow,Revenue/Collections,185169.87
CT-000076,COMP-01,2025-02-07,outflow,Payroll,111189.8
CT-000077,COMP-01,2025-02-08,inflow,Revenue/Collections,75809.4
CT-000078,COMP-01,2025-02-08,outflow,Payroll,41711.59
CT-000079,COMP-01,2025-02-09,inflow,Revenue/Collections,85853.58
CT-000080,COMP-01,2025-02-09,outflow,Payroll,31473.37
CT-000081,COMP-01,2025-02-10,inflow,Revenue/Collections,196140.57
CT-000082,COMP-01,2025-02-10,outflow,Vendor Payments,123937.62
CT-000083,COMP-01,2025-02-11,inflow,Revenue/Collections,198625.35
CT-000084,COMP-01,2025-02-11,outflow,Operating Expenses,109519.6
CT-000085,COMP-01,2025-02-12,inflow,Revenue/Collections,199100.66
CT-000086,COMP-01,2025-02-12,outflow,Vendor Payments,121329.09
CT-000087,COMP-01,2025-02-13,inflow,Revenue/Collections,177248.96
CT-000088,COMP-01,2025-02-13,outflow,Operating Expenses,134339.5
CT-000089,COMP-01,2025-02-14,inflow,Revenue/Collections,186177.12
CT-000090,COMP-01,2025-02-14,outflow,Operating Expenses,123544.68
CT-000091,COMP-01,2025-02-15,inflow,Revenue/Collections,76015.95
CT-000092,COMP-01,2025-02-15,outflow,Payroll,27893.26
CT-000093,COMP-01,2025-02-16,inflow,Revenue/Collections,90133.45
CT-000094,COMP-01,2025-02-16,outflow,Payroll,32198.04
CT-000095,COMP-01,2025-02-17,inflow,Revenue/Collections,173434.42
CT-000096,COMP-01,2025-02-17,outflow,Operating Expenses,122010.79
CT-000097,COMP-01,2025-02-18,inflow,Revenue/Collections,191977.66
CT-000098,COMP-01,2025-02-18,outflow,Payroll,105119.39
CT-000099,COMP-01,2025-02-19,inflow,Revenue/Collections,176713.04
CT-000100,COMP-01,2025-02-19,outflow,Vendor Payments,140539.36
CT-000101,COMP-01,2025-02-20,inflow,Revenue/Collections,178611.1
CT-000102,COMP-01,2025-02-20,outflow,Operating Expenses,111235.51
CT-000103,COMP-01,2025-02-21,inflow,Revenue/Collections,190718.51
CT-000104,COMP-01,2025-02-21,outflow,Payroll,135703.82
CT-000105,COMP-01,2025-02-22,inflow,Revenue/Collections,71356.05
CT-000106,COMP-01,2025-02-22,outflow,Vendor Payments,31549.75
CT-000107,COMP-01,2025-02-23,inflow,Revenue/Collections,71907.9
CT-000108,COMP-01,2025-02-23,outflow,Operating Expenses,27370.14
CT-000109,COMP-01,2025-02-24,inflow,Revenue/Collections,202086.76
CT-000110,COMP-01,2025-02-24,outflow,Vendor Payments,134585.44
CT-000111,COMP-01,2025-02-25,inflow,Revenue/Collections,181958.99
CT-000112,COMP-01,2025-02-25,outflow,Operating Expenses,126087.1
CT-000113,COMP-01,2025-02-26,inflow,Revenue/Collections,179998.38
CT-000114,COMP-01,2025-02-26,outflow,Vendor Payments,199295.98
CT-000115,COMP-01,2025-02-27,inflow,Revenue/Collections,190263.15
CT-000116,COMP-01,2025-02-27,outflow,Operating Expenses,235264.0
CT-000117,COMP-01,2025-02-28,inflow,Revenue/Collections,172032.84
CT-000118,COMP-01,2025-02-28,outflow,Vendor Payments,214658.34
CT-000119,COMP-01,2025-03-01,inflow,Revenue/Collections,79563.74
CT-000120,COMP-01,2025-03-01,outflow,Operating Expenses,43311.34
CT-000121,COMP-01,2025-03-02,inflow,Revenue/Collections,92652.7
CT-000122,COMP-01,2025-03-02,outflow,Payroll,31743.98
CT-000123,COMP-01,2025-03-03,inflow,Revenue/Collections,207280.33
CT-000124,COMP-01,2025-03-03,outflow,Operating Expenses,105722.84
CT-000125,COMP-01,2025-03-04,inflow,Revenue/Collections,215214.28
CT-000126,COMP-01,2025-03-04,outflow,Vendor Payments,121584.5
CT-000127,COMP-01,2025-03-05,inflow,Revenue/Collections,229659.58
CT-000128,COMP-01,2025-03-05,outflow,Vendor Payments,130825.63
CT-000129,COMP-01,2025-03-06,inflow,Revenue/Collections,188607.42
CT-000130,COMP-01,2025-03-06,outflow,Vendor Payments,125422.01
CT-000131,COMP-01,2025-03-07,inflow,Revenue/Collections,182759.93
CT-000132,COMP-01,2025-03-07,outflow,Operating Expenses,130731.05
CT-000133,COMP-01,2025-03-08,inflow,Revenue/Collections,96577.33
CT-000134,COMP-01,2025-03-08,outflow,Operating Expenses,47685.32
CT-000135,COMP-01,2025-03-09,inflow,Revenue/Collections,69636.23
CT-000136,COMP-01,2025-03-09,outflow,Operating Expenses,31912.72
CT-000137,COMP-01,2025-03-10,inflow,Revenue/Collections,193776.46
CT-000138,COMP-01,2025-03-10,outflow,Operating Expenses,121546.3
CT-000139,COMP-01,2025-03-11,inflow,Revenue/Collections,185081.23
CT-000140,COMP-01,2025-03-11,outflow,Payroll,131242.11
CT-000141,COMP-01,2025-03-12,inflow,Revenue/Collections,210960.97
CT-000142,COMP-01,2025-03-12,outflow,Operating Expenses,115451.45
CT-000143,COMP-01,2025-03-13,inflow,Revenue/Collections,182707.74
CT-000144,COMP-01,2025-03-13,outflow,Vendor Payments,137412.97
CT-000145,COMP-01,2025-03-14,inflow,Revenue/Collections,188385.58
CT-000146,COMP-01,2025-03-14,outflow,Payroll,124555.21
CT-000147,COMP-01,2025-03-15,inflow,Revenue/Collections,76980.85
CT-000148,COMP-01,2025-03-15,outflow,Vendor Payments,42874.43
CT-000149,COMP-01,2025-03-16,inflow,Revenue/Collections,84276.96
CT-000150,COMP-01,2025-03-16,outflow,Vendor Payments,38661.77
CT-000151,COMP-01,2025-03-17,inflow,Revenue/Collections,189635.44
CT-000152,COMP-01,2025-03-17,outflow,Payroll,130525.56
CT-000153,COMP-01,2025-03-18,inflow,Revenue/Collections,196715.88
CT-000154,COMP-01,2025-03-18,outflow,Operating Expenses,141219.75
CT-000155,COMP-01,2025-03-19,inflow,Revenue/Collections,208954.18
CT-000156,COMP-01,2025-03-19,outflow,Payroll,112303.61
CT-000157,COMP-01,2025-03-20,inflow,Revenue/Collections,205169.62
CT-000158,COMP-01,2025-03-20,outflow,Payroll,116156.21
CT-000159,COMP-01,2025-03-21,inflow,Revenue/Collections,183360.18
CT-000160,COMP-01,2025-03-21,outflow,Operating Expenses,126924.97
CT-000161,COMP-01,2025-03-22,inflow,Revenue/Collections,89642.74
CT-000162,COMP-01,2025-03-22,outflow,Payroll,24294.39
CT-000163,COMP-01,2025-03-23,inflow,Revenue/Collections,76678.45
CT-000164,COMP-01,2025-03-23,outflow,Payroll,27597.75
CT-000165,COMP-01,2025-03-24,inflow,Revenue/Collections,198769.06
CT-000166,COMP-01,2025-03-24,outflow,Payroll,123481.89
CT-000167,COMP-01,2025-03-25,inflow,Revenue/Collections,181091.09
CT-000168,COMP-01,2025-03-25,outflow,Vendor Payments,140370.24
CT-000169,COMP-01,2025-03-26,inflow,Revenue/Collections,176331.33
CT-000170,COMP-01,2025-03-26,outflow,Payroll,181178.27
CT-000171,COMP-01,2025-03-27,inflow,Revenue/Collections,213697.89
CT-000172,COMP-01,2025-03-27,outflow,Payroll,171931.89
CT-000173,COMP-01,2025-03-28,inflow,Revenue/Collections,201601.82
CT-000174,COMP-01,2025-03-28,outflow,Vendor Payments,216443.24
CT-000175,COMP-01,2025-03-29,inflow,Revenue/Collections,77991.05
CT-000176,COMP-01,2025-03-29,outflow,Operating Expenses,63186.37
CT-000177,COMP-01,2025-03-30,inflow,Revenue/Collections,65695.68
CT-000178,COMP-01,2025-03-30,outflow,Vendor Payments,78196.12
CT-000179,COMP-01,2025-03-31,inflow,Revenue/Collections,184440.3
CT-000180,COMP-01,2025-03-31,outflow,Operating Expenses,236979.46
CT-000181,COMP-01,2025-04-01,inflow,Revenue/Collections,200222.26
CT-000182,COMP-01,2025-04-01,outflow,Vendor Payments,119258.4
CT-000183,COMP-01,2025-04-02,inflow,Revenue/Collections,229156.12
CT-000184,COMP-01,2025-04-02,outflow,Payroll,126968.99
CT-000185,COMP-01,2025-04-03,inflow,Revenue/Collections,245736.67
CT-000186,COMP-01,2025-04-03,outflow,Operating Expenses,140152.18
CT-000187,COMP-01,2025-04-04,inflow,Revenue/Collections,205558.45
CT-000188,COMP-01,2025-04-04,outflow,Vendor Payments,133423.75
CT-000189,COMP-01,2025-04-05,inflow,Revenue/Collections,75314.75
CT-000190,COMP-01,2025-04-05,outflow,Operating Expenses,34943.96
CT-000191,COMP-01,2025-04-06,inflow,Revenue/Collections,83281.32
CT-000192,COMP-01,2025-04-06,outflow,Vendor Payments,30660.42
CT-000193,COMP-01,2025-04-07,inflow,Revenue/Collections,184998.25
CT-000194,COMP-01,2025-04-07,outflow,Payroll,137448.08
CT-000195,COMP-01,2025-04-08,inflow,Revenue/Collections,212779.38
CT-000196,COMP-01,2025-04-08,outflow,Operating Expenses,115980.58
CT-000197,COMP-01,2025-04-09,inflow,Revenue/Collections,185149.84
CT-000198,COMP-01,2025-04-09,outflow,Operating Expenses,137203.56
CT-000199,COMP-01,2025-04-10,inflow,Revenue/Collections,186505.05
CT-000200,COMP-01,2025-04-10,outflow,Operating Expenses,133895.99
CT-000201,COMP-01,2025-04-11,inflow,Revenue/Collections,194322.36
CT-000202,COMP-01,2025-04-11,outflow,Vendor Payments,124016.64
CT-000203,COMP-01,2025-04-12,inflow,Revenue/Collections,95370.77
CT-000204,COMP-01,2025-04-12,outflow,Payroll,31698.96
CT-000205,COMP-01,2025-04-13,inflow,Revenue/Collections,60677.84
CT-000206,COMP-01,2025-04-13,outflow,Operating Expenses,27614.45
CT-000207,COMP-01,2025-04-14,inflow,Revenue/Collections,200854.36
CT-000208,COMP-01,2025-04-14,outflow,Vendor Payments,120945.45
CT-000209,COMP-01,2025-04-15,inflow,Revenue/Collections,208856.29
CT-000210,COMP-01,2025-04-15,outflow,Vendor Payments,136654.94
CT-000211,COMP-01,2025-04-16,inflow,Revenue/Collections,183020.3
CT-000212,COMP-01,2025-04-16,outflow,Vendor Payments,142574.31
CT-000213,COMP-01,2025-04-17,inflow,Revenue/Collections,211771.21
CT-000214,COMP-01,2025-04-17,outflow,Vendor Payments,136811.13
CT-000215,COMP-01,2025-04-18,inflow,Revenue/Collections,215377.71
CT-000216,COMP-01,2025-04-18,outflow,Operating Expenses,112918.76
CT-000217,COMP-01,2025-04-19,inflow,Revenue/Collections,68566.69
CT-000218,COMP-01,2025-04-19,outflow,Vendor Payments,42368.85
CT-000219,COMP-01,2025-04-20,inflow,Revenue/Collections,70052.65
CT-000220,COMP-01,2025-04-20,outflow,Vendor Payments,39061.63
CT-000221,COMP-01,2025-04-21,inflow,Revenue/Collections,183090.41
CT-000222,COMP-01,2025-04-21,outflow,Payroll,123048.05
CT-000223,COMP-01,2025-04-22,inflow,Revenue/Collections,193622.24
CT-000224,COMP-01,2025-04-22,outflow,Payroll,145744.58
CT-000225,COMP-01,2025-04-23,inflow,Revenue/Collections,196395.29
CT-000226,COMP-01,2025-04-23,outflow,Payroll,132360.19
CT-000227,COMP-01,2025-04-24,inflow,Revenue/Collections,184700.24
CT-000228,COMP-01,2025-04-24,outflow,Payroll,118958.52
CT-000229,COMP-01,2025-04-25,inflow,Revenue/Collections,208617.8
CT-000230,COMP-01,2025-04-25,outflow,Payroll,124752.24
CT-000231,COMP-01,2025-04-26,inflow,Revenue/Collections,87002.4
CT-000232,COMP-01,2025-04-26,outflow,Operating Expenses,64190.17
CT-000233,COMP-01,2025-04-27,inflow,Revenue/Collections,81511.0
CT-000234,COMP-01,2025-04-27,outflow,Operating Expenses,45878.05
CT-000235,COMP-01,2025-04-28,inflow,Revenue/Collections,185399.91
CT-000236,COMP-01,2025-04-28,outflow,Operating Expenses,159074.28
CT-000237,COMP-01,2025-04-29,inflow,Revenue/Collections,186378.03
CT-000238,COMP-01,2025-04-29,outflow,Payroll,194103.81
CT-000239,COMP-01,2025-04-30,inflow,Revenue/Collections,185720.82
CT-000240,COMP-01,2025-04-30,outflow,Vendor Payments,187802.08
CT-000241,COMP-01,2025-05-01,inflow,Revenue/Collections,221435.07
CT-000242,COMP-01,2025-05-01,outflow,Vendor Payments,144404.5
CT-000243,COMP-01,2025-05-02,inflow,Revenue/Collections,207339.46
CT-000244,COMP-01,2025-05-02,outflow,Payroll,136326.64
CT-000245,COMP-01,2025-05-03,inflow,Revenue/Collections,85687.15
CT-000246,COMP-01,2025-05-03,outflow,Operating Expenses,24836.69
CT-000247,COMP-01,2025-05-04,inflow,Revenue/Collections,96115.04
CT-000248,COMP-01,2025-05-04,outflow,Operating Expenses,32646.94
CT-000249,COMP-01,2025-05-05,inflow,Revenue/Collections,255027.21
CT-000250,COMP-01,2025-05-05,outflow,Operating Expenses,136404.88
CT-000251,COMP-01,2025-05-06,inflow,Revenue/Collections,205993.37
CT-000252,COMP-01,2025-05-06,outflow,Vendor Payments,140288.07
CT-000253,COMP-01,2025-05-07,inflow,Revenue/Collections,191191.64
CT-000254,COMP-01,2025-05-07,outflow,Operating Expenses,116238.71
CT-000255,COMP-01,2025-05-08,inflow,Revenue/Collections,219043.77
CT-000256,COMP-01,2025-05-08,outflow,Payroll,117286.7
CT-000257,COMP-01,2025-05-09,inflow,Revenue/Collections,206511.16
CT-000258,COMP-01,2025-05-09,outflow,Operating Expenses,112833.52
CT-000259,COMP-01,2025-05-10,inflow,Revenue/Collections,84189.34
CT-000260,COMP-01,2025-05-10,outflow,Payroll,46612.12
CT-000261,COMP-01,2025-05-11,inflow,Revenue/Collections,73909.96
CT-000262,COMP-01,2025-05-11,outflow,Payroll,43512.92
CT-000263,COMP-01,2025-05-12,inflow,Revenue/Collections,219357.69
CT-000264,COMP-01,2025-05-12,outflow,Payroll,121395.14
CT-000265,COMP-01,2025-05-13,inflow,Revenue/Collections,199552.95
CT-000266,COMP-01,2025-05-13,outflow,Payroll,140685.17
CT-000267,COMP-01,2025-05-14,inflow,Revenue/Collections,184504.73
CT-000268,COMP-01,2025-05-14,outflow,Payroll,144186.97
CT-000269,COMP-01,2025-05-15,inflow,Revenue/Collections,197450.36
CT-000270,COMP-01,2025-05-15,outflow,Operating Expenses,124449.56
CT-000271,COMP-01,2025-05-16,inflow,Revenue/Collections,186133.13
CT-000272,COMP-01,2025-05-16,outflow,Vendor Payments,119013.35
CT-000273,COMP-01,2025-05-17,inflow,Revenue/Collections,84789.67
CT-000274,COMP-01,2025-05-17,outflow,Operating Expenses,45974.49
CT-000275,COMP-01,2025-05-18,inflow,Revenue/Collections,68728.55
CT-000276,COMP-01,2025-05-18,outflow,Operating Expenses,37567.13
CT-000277,COMP-01,2025-05-19,inflow,Revenue/Collections,190434.22
CT-000278,COMP-01,2025-05-19,outflow,Operating Expenses,141129.22
CT-000279,COMP-01,2025-05-20,inflow,Revenue/Collections,206940.35
CT-000280,COMP-01,2025-05-20,outflow,Vendor Payments,145503.23
CT-000281,COMP-01,2025-05-21,inflow,Revenue/Collections,214303.06
CT-000282,COMP-01,2025-05-21,outflow,Vendor Payments,119437.79
CT-000283,COMP-01,2025-05-22,inflow,Revenue/Collections,213067.74
CT-000284,COMP-01,2025-05-22,outflow,Payroll,112657.27
CT-000285,COMP-01,2025-05-23,inflow,Revenue/Collections,215198.77
CT-000286,COMP-01,2025-05-23,outflow,Operating Expenses,138993.9
CT-000287,COMP-01,2025-05-24,inflow,Revenue/Collections,61715.42
CT-000288,COMP-01,2025-05-24,outflow,Payroll,46815.29
CT-000289,COMP-01,2025-05-25,inflow,Revenue/Collections,66221.73
CT-000290,COMP-01,2025-05-25,outflow,Payroll,44333.52
CT-000291,COMP-01,2025-05-26,inflow,Revenue/Collections,215003.52
CT-000292,COMP-01,2025-05-26,outflow,Payroll,198134.79
CT-000293,COMP-01,2025-05-27,inflow,Revenue/Collections,213184.66
CT-000294,COMP-01,2025-05-27,outflow,Operating Expenses,248124.99
CT-000295,COMP-01,2025-05-28,inflow,Revenue/Collections,222325.84
CT-000296,COMP-01,2025-05-28,outflow,Vendor Payments,252322.05
CT-000297,COMP-01,2025-05-29,inflow,Revenue/Collections,206463.53
CT-000298,COMP-01,2025-05-29,outflow,Payroll,211904.64
CT-000299,COMP-01,2025-05-30,inflow,Revenue/Collections,208478.28
CT-000300,COMP-01,2025-05-30,outflow,Vendor Payments,227515.25
CT-000301,COMP-01,2025-05-31,inflow,Revenue/Collections,95055.95
CT-000302,COMP-01,2025-05-31,outflow,Operating Expenses,77861.02
CT-000303,COMP-01,2025-06-01,inflow,Revenue/Collections,119811.53
CT-000304,COMP-01,2025-06-01,outflow,Operating Expenses,31016.9
CT-000305,COMP-01,2025-06-02,inflow,Revenue/Collections,230656.16
CT-000306,COMP-01,2025-06-02,outflow,Payroll,112240.66
CT-000307,COMP-01,2025-06-03,inflow,Revenue/Collections,258028.37
CT-000308,COMP-01,2025-06-03,outflow,Vendor Payments,136604.06
CT-000309,COMP-01,2025-06-04,inflow,Revenue/Collections,277617.6
CT-000310,COMP-01,2025-06-04,outflow,Vendor Payments,115772.11
CT-000311,COMP-01,2025-06-05,inflow,Revenue/Collections,225897.82
CT-000312,COMP-01,2025-06-05,outflow,Vendor Payments,112488.99
CT-000313,COMP-01,2025-06-06,inflow,Revenue/Collections,204740.91
CT-000314,COMP-01,2025-06-06,outflow,Payroll,139005.12
CT-000315,COMP-01,2025-06-07,inflow,Revenue/Collections,74495.16
CT-000316,COMP-01,2025-06-07,outflow,Operating Expenses,28127.8
CT-000317,COMP-01,2025-06-08,inflow,Revenue/Collections,93419.57
CT-000318,COMP-01,2025-06-08,outflow,Operating Expenses,47126.52
CT-000319,COMP-01,2025-06-09,inflow,Revenue/Collections,218190.19
CT-000320,COMP-01,2025-06-09,outflow,Vendor Payments,126455.33
CT-000321,COMP-01,2025-06-10,inflow,Revenue/Collections,191914.47
CT-000322,COMP-01,2025-06-10,outflow,Operating Expenses,145912.82
CT-000323,COMP-01,2025-06-11,inflow,Revenue/Collections,199361.69
CT-000324,COMP-01,2025-06-11,outflow,Payroll,114335.81
CT-000325,COMP-01,2025-06-12,inflow,Revenue/Collections,225101.32
CT-000326,COMP-01,2025-06-12,outflow,Payroll,133616.06
CT-000327,COMP-01,2025-06-13,inflow,Revenue/Collections,216097.64
CT-000328,COMP-01,2025-06-13,outflow,Payroll,125174.59
CT-000329,COMP-01,2025-06-14,inflow,Revenue/Collections,78600.46
CT-000330,COMP-01,2025-06-14,outflow,Vendor Payments,44592.6
CT-000331,COMP-01,2025-06-15,inflow,Revenue/Collections,78315.65
CT-000332,COMP-01,2025-06-15,outflow,Vendor Payments,39982.99
CT-000333,COMP-01,2025-06-16,inflow,Revenue/Collections,221494.76
CT-000334,COMP-01,2025-06-16,outflow,Operating Expenses,119637.87
CT-000335,COMP-01,2025-06-17,inflow,Revenue/Collections,199281.2
CT-000336,COMP-01,2025-06-17,outflow,Vendor Payments,131147.93
CT-000337,COMP-01,2025-06-18,inflow,Revenue/Collections,207014.61
CT-000338,COMP-01,2025-06-18,outflow,Payroll,152825.52
CT-000339,COMP-01,2025-06-19,inflow,Revenue/Collections,195021.11
CT-000340,COMP-01,2025-06-19,outflow,Vendor Payments,131155.9
CT-000341,COMP-01,2025-06-20,inflow,Revenue/Collections,189507.05
CT-000342,COMP-01,2025-06-20,outflow,Operating Expenses,130767.51
CT-000343,COMP-01,2025-06-21,inflow,Revenue/Collections,67551.21
CT-000344,COMP-01,2025-06-21,outflow,Payroll,48540.22
CT-000345,COMP-01,2025-06-22,inflow,Revenue/Collections,81434.54
CT-000346,COMP-01,2025-06-22,outflow,Payroll,31292.81
CT-000347,COMP-01,2025-06-23,inflow,Revenue/Collections,200133.2
CT-000348,COMP-01,2025-06-23,outflow,Operating Expenses,120811.32
CT-000349,COMP-01,2025-06-24,inflow,Revenue/Collections,224509.97
CT-000350,COMP-01,2025-06-24,outflow,Vendor Payments,141858.37
CT-000351,COMP-01,2025-06-25,inflow,Revenue/Collections,199959.22
CT-000352,COMP-01,2025-06-25,outflow,Payroll,116878.27
CT-000353,COMP-01,2025-06-26,inflow,Revenue/Collections,201138.84
CT-000354,COMP-01,2025-06-26,outflow,Vendor Payments,204403.03
CT-000355,COMP-01,2025-06-27,inflow,Revenue/Collections,213280.61
CT-000356,COMP-01,2025-06-27,outflow,Vendor Payments,214073.05
CT-000357,COMP-01,2025-06-28,inflow,Revenue/Collections,107786.25
CT-000358,COMP-01,2025-06-28,outflow,Payroll,57662.32
CT-000359,COMP-01,2025-06-29,inflow,Revenue/Collections,77827.8
CT-000360,COMP-01,2025-06-29,outflow,Vendor Payments,83749.0
CT-000361,COMP-01,2025-06-30,inflow,Revenue/Collections,215994.39
CT-000362,COMP-01,2025-06-30,outflow,Vendor Payments,194533.21
CT-000363,COMP-01,2025-07-01,inflow,Revenue/Collections,245717.2
CT-000364,COMP-01,2025-07-01,outflow,Vendor Payments,152015.95
CT-000365,COMP-01,2025-07-02,inflow,Revenue/Collections,228855.9
CT-000366,COMP-01,2025-07-02,outflow,Vendor Payments,149800.96
CT-000367,COMP-01,2025-07-03,inflow,Revenue/Collections,225442.91
CT-000368,COMP-01,2025-07-03,outflow,Operating Expenses,146230.25
CT-000369,COMP-01,2025-07-04,inflow,Revenue/Collections,231804.43
CT-000370,COMP-01,2025-07-04,outflow,Vendor Payments,129875.27
CT-000371,COMP-01,2025-07-05,inflow,Revenue/Collections,89308.01
CT-000372,COMP-01,2025-07-05,outflow,Payroll,33313.6
CT-000373,COMP-01,2025-07-06,inflow,Revenue/Collections,102083.19
CT-000374,COMP-01,2025-07-06,outflow,Payroll,44115.48
CT-000375,COMP-01,2025-07-07,inflow,Revenue/Collections,206217.57
CT-000376,COMP-01,2025-07-07,outflow,Payroll,147194.0
CT-000377,COMP-01,2025-07-08,inflow,Revenue/Collections,203173.09
CT-000378,COMP-01,2025-07-08,outflow,Payroll,134787.89
CT-000379,COMP-01,2025-07-09,inflow,Revenue/Collections,193792.07
CT-000380,COMP-01,2025-07-09,outflow,Operating Expenses,153232.68
CT-000381,COMP-01,2025-07-10,inflow,Revenue/Collections,225241.22
CT-000382,COMP-01,2025-07-10,outflow,Operating Expenses,130382.76
CT-000383,COMP-01,2025-07-11,inflow,Revenue/Collections,189857.2
CT-000384,COMP-01,2025-07-11,outflow,Operating Expenses,144006.32
CT-000385,COMP-01,2025-07-12,inflow,Revenue/Collections,102641.87
CT-000386,COMP-01,2025-07-12,outflow,Operating Expenses,49048.62
CT-000387,COMP-01,2025-07-13,inflow,Revenue/Collections,99016.35
CT-000388,COMP-01,2025-07-13,outflow,Vendor Payments,30616.64
CT-000389,COMP-01,2025-07-14,inflow,Revenue/Collections,198646.07
CT-000390,COMP-01,2025-07-14,outflow,Payroll,141741.69
CT-000391,COMP-01,2025-07-15,inflow,Revenue/Collections,229694.56
CT-000392,COMP-01,2025-07-15,outflow,Payroll,119600.29
CT-000393,COMP-01,2025-07-16,inflow,Revenue/Collections,193753.93
CT-000394,COMP-01,2025-07-16,outflow,Operating Expenses,124547.12
CT-000395,COMP-01,2025-07-17,inflow,Revenue/Collections,218787.25
CT-000396,COMP-01,2025-07-17,outflow,Vendor Payments,126081.58
CT-000397,COMP-01,2025-07-18,inflow,Revenue/Collections,224205.73
CT-000398,COMP-01,2025-07-18,outflow,Payroll,155085.25
CT-000399,COMP-01,2025-07-19,inflow,Revenue/Collections,81174.17
CT-000400,COMP-01,2025-07-19,outflow,Payroll,28206.41
CT-000401,COMP-01,2025-07-20,inflow,Revenue/Collections,71762.11
CT-000402,COMP-01,2025-07-20,outflow,Payroll,43191.1
CT-000403,COMP-01,2025-07-21,inflow,Revenue/Collections,228760.23
CT-000404,COMP-01,2025-07-21,outflow,Vendor Payments,130926.56
CT-000405,COMP-01,2025-07-22,inflow,Revenue/Collections,197187.46
CT-000406,COMP-01,2025-07-22,outflow,Payroll,134752.18
CT-000407,COMP-01,2025-07-23,inflow,Revenue/Collections,200075.69
CT-000408,COMP-01,2025-07-23,outflow,Payroll,142732.4
CT-000409,COMP-01,2025-07-24,inflow,Revenue/Collections,207136.65
CT-000410,COMP-01,2025-07-24,outflow,Payroll,142802.63
CT-000411,COMP-01,2025-07-25,inflow,Revenue/Collections,225618.29
CT-000412,COMP-01,2025-07-25,outflow,Operating Expenses,141990.71
CT-000413,COMP-01,2025-07-26,inflow,Revenue/Collections,80671.86
CT-000414,COMP-01,2025-07-26,outflow,Vendor Payments,46087.03
CT-000415,COMP-01,2025-07-27,inflow,Revenue/Collections,99011.29
CT-000416,COMP-01,2025-07-27,outflow,Payroll,56542.42
CT-000417,COMP-01,2025-07-28,inflow,Revenue/Collections,231084.05
CT-000418,COMP-01,2025-07-28,outflow,Payroll,176908.55
CT-000419,COMP-01,2025-07-29,inflow,Revenue/Collections,190604.4
CT-000420,COMP-01,2025-07-29,outflow,Operating Expenses,260800.8
CT-000421,COMP-01,2025-07-30,inflow,Revenue/Collections,191928.46
CT-000422,COMP-01,2025-07-30,outflow,Payroll,215596.39
CT-000423,COMP-01,2025-07-31,inflow,Revenue/Collections,222919.14
CT-000424,COMP-01,2025-07-31,outflow,Vendor Payments,216808.08
CT-000425,COMP-01,2025-08-01,inflow,Revenue/Collections,279333.99
CT-000426,COMP-01,2025-08-01,outflow,Vendor Payments,136429.96
CT-000427,COMP-01,2025-08-02,inflow,Revenue/Collections,117927.2
CT-000428,COMP-01,2025-08-02,outflow,Operating Expenses,45889.85
CT-000429,COMP-01,2025-08-03,inflow,Revenue/Collections,117332.72
CT-000430,COMP-01,2025-08-03,outflow,Vendor Payments,55074.35
CT-000431,COMP-01,2025-08-04,inflow,Revenue/Collections,283599.73
CT-000432,COMP-01,2025-08-04,outflow,Vendor Payments,146548.39
CT-000433,COMP-01,2025-08-05,inflow,Revenue/Collections,249136.15
CT-000434,COMP-01,2025-08-05,outflow,Vendor Payments,133378.92
CT-000435,COMP-01,2025-08-06,inflow,Revenue/Collections,221869.52
CT-000436,COMP-01,2025-08-06,outflow,Operating Expenses,123698.42
CT-000437,COMP-01,2025-08-07,inflow,Revenue/Collections,232097.98
CT-000438,COMP-01,2025-08-07,outflow,Vendor Payments,156891.91
CT-000439,COMP-01,2025-08-08,inflow,Revenue/Collections,229527.41
CT-000440,COMP-01,2025-08-08,outflow,Payroll,147252.7
CT-000441,COMP-01,2025-08-09,inflow,Revenue/Collections,73202.77
CT-000442,COMP-01,2025-08-09,outflow,Vendor Payments,47847.45
CT-000443,COMP-01,2025-08-10,inflow,Revenue/Collections,85397.49
CT-000444,COMP-01,2025-08-10,outflow,Operating Expenses,41889.46
CT-000445,COMP-01,2025-08-11,inflow,Revenue/Collections,229763.88
CT-000446,COMP-01,2025-08-11,outflow,Payroll,122266.59
CT-000447,COMP-01,2025-08-12,inflow,Revenue/Collections,208557.71
CT-000448,COMP-01,2025-08-12,outflow,Vendor Payments,129516.67
CT-000449,COMP-01,2025-08-13,inflow,Revenue/Collections,219961.55
CT-000450,COMP-01,2025-08-13,outflow,Payroll,122097.14
CT-000451,COMP-01,2025-08-14,inflow,Revenue/Collections,192799.6
CT-000452,COMP-01,2025-08-14,outflow,Payroll,140095.07
CT-000453,COMP-01,2025-08-15,inflow,Revenue/Collections,200692.34
CT-000454,COMP-01,2025-08-15,outflow,Operating Expenses,128201.63
CT-000455,COMP-01,2025-08-16,inflow,Revenue/Collections,81819.32
CT-000456,COMP-01,2025-08-16,outflow,Vendor Payments,29528.08
CT-000457,COMP-01,2025-08-17,inflow,Revenue/Collections,63359.32
CT-000458,COMP-01,2025-08-17,outflow,Operating Expenses,39257.39
CT-000459,COMP-01,2025-08-18,inflow,Revenue/Collections,227121.07
CT-000460,COMP-01,2025-08-18,outflow,Operating Expenses,158249.46
CT-000461,COMP-01,2025-08-19,inflow,Revenue/Collections,193972.73
CT-000462,COMP-01,2025-08-19,outflow,Vendor Payments,151359.2
CT-000463,COMP-01,2025-08-20,inflow,Revenue/Collections,213686.14
CT-000464,COMP-01,2025-08-20,outflow,Payroll,137059.47
CT-000465,COMP-01,2025-08-21,inflow,Revenue/Collections,198844.43
CT-000466,COMP-01,2025-08-21,outflow,Operating Expenses,140764.5
CT-000467,COMP-01,2025-08-22,inflow,Revenue/Collections,211368.32
CT-000468,COMP-01,2025-08-22,outflow,Vendor Payments,144931.81
CT-000469,COMP-01,2025-08-23,inflow,Revenue/Collections,74039.6
CT-000470,COMP-01,2025-08-23,outflow,Operating Expenses,40392.32
CT-000471,COMP-01,2025-08-24,inflow,Revenue/Collections,86354.26
CT-000472,COMP-01,2025-08-24,outflow,Payroll,32169.66
CT-000473,COMP-01,2025-08-25,inflow,Revenue/Collections,234062.88
CT-000474,COMP-01,2025-08-25,outflow,Payroll,147081.7
CT-000475,COMP-01,2025-08-26,inflow,Revenue/Collections,214660.9
CT-000476,COMP-01,2025-08-26,outflow,Vendor Payments,238995.53
CT-000477,COMP-01,2025-08-27,inflow,Revenue/Collections,195580.11
CT-000478,COMP-01,2025-08-27,outflow,Operating Expenses,252833.11
CT-000479,COMP-01,2025-08-28,inflow,Revenue/Collections,210346.36
CT-000480,COMP-01,2025-08-28,outflow,Operating Expenses,221832.23
CT-000481,COMP-01,2025-08-29,inflow,Revenue/Collections,205758.98
CT-000482,COMP-01,2025-08-29,outflow,Vendor Payments,231220.33
CT-000483,COMP-01,2025-08-30,inflow,Revenue/Collections,72722.41
CT-000484,COMP-01,2025-08-30,outflow,Vendor Payments,61825.11
CT-000485,COMP-01,2025-08-31,inflow,Revenue/Collections,70428.23
CT-000486,COMP-01,2025-08-31,outflow,Payroll,98349.27
CT-000487,COMP-01,2025-09-01,inflow,Revenue/Collections,260095.8
CT-000488,COMP-01,2025-09-01,outflow,Operating Expenses,146970.01
CT-000489,COMP-01,2025-09-02,inflow,Revenue/Collections,248689.8
CT-000490,COMP-01,2025-09-02,outflow,Payroll,135175.14
CT-000491,COMP-01,2025-09-03,inflow,Revenue/Collections,275723.69
CT-000492,COMP-01,2025-09-03,outflow,Payroll,136426.63
CT-000493,COMP-01,2025-09-04,inflow,Revenue/Collections,270648.68
CT-000494,COMP-01,2025-09-04,outflow,Vendor Payments,155704.13
CT-000495,COMP-01,2025-09-05,inflow,Revenue/Collections,265974.33
CT-000496,COMP-01,2025-09-05,outflow,Vendor Payments,133191.31
CT-000497,COMP-01,2025-09-06,inflow,Revenue/Collections,85628.14
CT-000498,COMP-01,2025-09-06,outflow,Operating Expenses,41363.04
CT-000499,COMP-01,2025-09-07,inflow,Revenue/Collections,106720.99
CT-000500,COMP-01,2025-09-07,outflow,Operating Expenses,27864.14
CT-000501,COMP-01,2025-09-08,inflow,Revenue/Collections,210274.4
CT-000502,COMP-01,2025-09-08,outflow,Operating Expenses,126374.27
CT-000503,COMP-01,2025-09-09,inflow,Revenue/Collections,207156.08
CT-000504,COMP-01,2025-09-09,outflow,Operating Expenses,146148.27
CT-000505,COMP-01,2025-09-10,inflow,Revenue/Collections,201067.75
CT-000506,COMP-01,2025-09-10,outflow,Operating Expenses,120053.98
CT-000507,COMP-01,2025-09-11,inflow,Revenue/Collections,223328.05
CT-000508,COMP-01,2025-09-11,outflow,Vendor Payments,157396.14
CT-000509,COMP-01,2025-09-12,inflow,Revenue/Collections,213613.08
CT-000510,COMP-01,2025-09-12,outflow,Operating Expenses,156637.3
CT-000511,COMP-01,2025-09-13,inflow,Revenue/Collections,95384.56
CT-000512,COMP-01,2025-09-13,outflow,Operating Expenses,33161.45
CT-000513,COMP-01,2025-09-14,inflow,Revenue/Collections,76695.66
CT-000514,COMP-01,2025-09-14,outflow,Vendor Payments,31603.64
CT-000515,COMP-01,2025-09-15,inflow,Revenue/Collections,212782.7
CT-000516,COMP-01,2025-09-15,outflow,Payroll,134447.17
CT-000517,COMP-01,2025-09-16,inflow,Revenue/Collections,215791.03
CT-000518,COMP-01,2025-09-16,outflow,Operating Expenses,155465.52
CT-000519,COMP-01,2025-09-17,inflow,Revenue/Collections,230648.15
CT-000520,COMP-01,2025-09-17,outflow,Payroll,152720.48
CT-000521,COMP-01,2025-09-18,inflow,Revenue/Collections,222387.67
CT-000522,COMP-01,2025-09-18,outflow,Payroll,150299.76
CT-000523,COMP-01,2025-09-19,inflow,Revenue/Collections,240909.44
CT-000524,COMP-01,2025-09-19,outflow,Vendor Payments,130801.12
CT-000525,COMP-01,2025-09-20,inflow,Revenue/Collections,93677.57
CT-000526,COMP-01,2025-09-20,outflow,Operating Expenses,45401.86
CT-000527,COMP-01,2025-09-21,inflow,Revenue/Collections,76768.5
CT-000528,COMP-01,2025-09-21,outflow,Payroll,60255.39
CT-000529,COMP-01,2025-09-22,inflow,Revenue/Collections,222030.05
CT-000530,COMP-01,2025-09-22,outflow,Operating Expenses,138721.58
CT-000531,COMP-01,2025-09-23,inflow,Revenue/Collections,239001.83
CT-000532,COMP-01,2025-09-23,outflow,Operating Expenses,142077.35
CT-000533,COMP-01,2025-09-24,inflow,Revenue/Collections,205385.3
CT-000534,COMP-01,2025-09-24,outflow,Operating Expenses,146622.72
CT-000535,COMP-01,2025-09-25,inflow,Revenue/Collections,220117.23
CT-000536,COMP-01,2025-09-25,outflow,Vendor Payments,157540.43
CT-000537,COMP-01,2025-09-26,inflow,Revenue/Collections,224429.41
CT-000538,COMP-01,2025-09-26,outflow,Payroll,243222.72
CT-000539,COMP-01,2025-09-27,inflow,Revenue/Collections,68386.85
CT-000540,COMP-01,2025-09-27,outflow,Operating Expenses,56704.64
CT-000541,COMP-01,2025-09-28,inflow,Revenue/Collections,100358.85
CT-000542,COMP-01,2025-09-28,outflow,Payroll,88044.42
CT-000543,COMP-01,2025-09-29,inflow,Revenue/Collections,223606.09
CT-000544,COMP-01,2025-09-29,outflow,Payroll,245844.24
CT-000545,COMP-01,2025-09-30,inflow,Revenue/Collections,220593.75
CT-000546,COMP-01,2025-09-30,outflow,Operating Expenses,278376.69
CT-000547,COMP-01,2025-10-01,inflow,Revenue/Collections,270855.78
CT-000548,COMP-01,2025-10-01,outflow,Operating Expenses,151675.39
CT-000549,COMP-01,2025-10-02,inflow,Revenue/Collections,258118.76
CT-000550,COMP-01,2025-10-02,outflow,Operating Expenses,130278.5
CT-000551,COMP-01,2025-10-03,inflow,Revenue/Collections,287456.02
CT-000552,COMP-01,2025-10-03,outflow,Operating Expenses,151263.46
CT-000553,COMP-01,2025-10-04,inflow,Revenue/Collections,87997.75
CT-000554,COMP-01,2025-10-04,outflow,Operating Expenses,41397.44
CT-000555,COMP-01,2025-10-05,inflow,Revenue/Collections,127219.35
CT-000556,COMP-01,2025-10-05,outflow,Payroll,43838.33
CT-000557,COMP-01,2025-10-06,inflow,Revenue/Collections,223639.55
CT-000558,COMP-01,2025-10-06,outflow,Operating Expenses,152807.91
CT-000559,COMP-01,2025-10-07,inflow,Revenue/Collections,230947.62
CT-000560,COMP-01,2025-10-07,outflow,Payroll,131133.35
CT-000561,COMP-01,2025-10-08,inflow,Revenue/Collections,205215.44
CT-000562,COMP-01,2025-10-08,outflow,Payroll,146775.29
CT-000563,COMP-01,2025-10-09,inflow,Revenue/Collections,238132.5
CT-000564,COMP-01,2025-10-09,outflow,Payroll,154121.42
CT-000565,COMP-01,2025-10-10,inflow,Revenue/Collections,231106.36
CT-000566,COMP-01,2025-10-10,outflow,Operating Expenses,144085.85
CT-000567,COMP-01,2025-10-11,inflow,Revenue/Collections,121028.76
CT-000568,COMP-01,2025-10-11,outflow,Payroll,51056.86
CT-000569,COMP-01,2025-10-12,inflow,Revenue/Collections,82412.53
CT-000570,COMP-01,2025-10-12,outflow,Vendor Payments,31152.97
CT-000571,COMP-01,2025-10-13,inflow,Revenue/Collections,233389.58
CT-000572,COMP-01,2025-10-13,outflow,Operating Expenses,138947.04
CT-000573,COMP-01,2025-10-14,inflow,Revenue/Collections,220876.25
CT-000574,COMP-01,2025-10-14,outflow,Operating Expenses,145098.26
CT-000575,COMP-01,2025-10-15,inflow,Revenue/Collections,234232.99
CT-000576,COMP-01,2025-10-15,outflow,Operating Expenses,151916.77
CT-000577,COMP-01,2025-10-16,inflow,Revenue/Collections,229680.26
CT-000578,COMP-01,2025-10-16,outflow,Vendor Payments,150583.72
CT-000579,COMP-01,2025-10-17,inflow,Revenue/Collections,203809.81
CT-000580,COMP-01,2025-10-17,outflow,Operating Expenses,158063.81
CT-000581,COMP-01,2025-10-18,inflow,Revenue/Collections,76728.6
CT-000582,COMP-01,2025-10-18,outflow,Operating Expenses,41046.4
CT-000583,COMP-01,2025-10-19,inflow,Revenue/Collections,65785.97
CT-000584,COMP-01,2025-10-19,outflow,Operating Expenses,55581.81
CT-000585,COMP-01,2025-10-20,inflow,Revenue/Collections,233225.96
CT-000586,COMP-01,2025-10-20,outflow,Payroll,126111.94
CT-000587,COMP-01,2025-10-21,inflow,Revenue/Collections,245882.05
CT-000588,COMP-01,2025-10-21,outflow,Payroll,127070.41
CT-000589,COMP-01,2025-10-22,inflow,Revenue/Collections,213633.89
CT-000590,COMP-01,2025-10-22,outflow,Operating Expenses,159672.26
CT-000591,COMP-01,2025-10-23,inflow,Revenue/Collections,237420.07
CT-000592,COMP-01,2025-10-23,outflow,Payroll,129367.88
CT-000593,COMP-01,2025-10-24,inflow,Revenue/Collections,227238.57
CT-000594,COMP-01,2025-10-24,outflow,Vendor Payments,140293.35
CT-000595,COMP-01,2025-10-25,inflow,Revenue/Collections,86807.49
CT-000596,COMP-01,2025-10-25,outflow,Vendor Payments,47100.64
CT-000597,COMP-01,2025-10-26,inflow,Revenue/Collections,80542.17
CT-000598,COMP-01,2025-10-26,outflow,Operating Expenses,56608.14
CT-000599,COMP-01,2025-10-27,inflow,Revenue/Collections,222252.35
CT-000600,COMP-01,2025-10-27,outflow,Operating Expenses,273905.4
CT-000601,COMP-01,2025-10-28,inflow,Revenue/Collections,239482.72
CT-000602,COMP-01,2025-10-28,outflow,Operating Expenses,184950.18
CT-000603,COMP-01,2025-10-29,inflow,Revenue/Collections,213015.46
CT-000604,COMP-01,2025-10-29,outflow,Operating Expenses,222871.18
CT-000605,COMP-01,2025-10-30,inflow,Revenue/Collections,246662.17
CT-000606,COMP-01,2025-10-30,outflow,Vendor Payments,238674.25
CT-000607,COMP-01,2025-10-31,inflow,Revenue/Collections,235633.3
CT-000608,COMP-01,2025-10-31,outflow,Vendor Payments,203126.64
CT-000609,COMP-01,2025-11-01,inflow,Revenue/Collections,96058.14
CT-000610,COMP-01,2025-11-01,outflow,Payroll,37046.27
CT-000611,COMP-01,2025-11-02,inflow,Revenue/Collections,106777.18
CT-000612,COMP-01,2025-11-02,outflow,Operating Expenses,40634.11
CT-000613,COMP-01,2025-11-03,inflow,Revenue/Collections,289260.52
CT-000614,COMP-01,2025-11-03,outflow,Payroll,160853.94
CT-000615,COMP-01,2025-11-04,inflow,Revenue/Collections,308445.59
CT-000616,COMP-01,2025-11-04,outflow,Operating Expenses,155161.63
CT-000617,COMP-01,2025-11-05,inflow,Revenue/Collections,247411.72
CT-000618,COMP-01,2025-11-05,outflow,Vendor Payments,125818.98
CT-000619,COMP-01,2025-11-06,inflow,Revenue/Collections,212016.63
CT-000620,COMP-01,2025-11-06,outflow,Vendor Payments,133219.07
CT-000621,COMP-01,2025-11-07,inflow,Revenue/Collections,234558.08
CT-000622,COMP-01,2025-11-07,outflow,Vendor Payments,149407.73
CT-000623,COMP-01,2025-11-08,inflow,Revenue/Collections,71177.8
CT-000624,COMP-01,2025-11-08,outflow,Payroll,51951.52
CT-000625,COMP-01,2025-11-09,inflow,Revenue/Collections,87129.28
CT-000626,COMP-01,2025-11-09,outflow,Operating Expenses,38313.51
CT-000627,COMP-01,2025-11-10,inflow,Revenue/Collections,223367.23
CT-000628,COMP-01,2025-11-10,outflow,Operating Expenses,128681.22
CT-000629,COMP-01,2025-11-11,inflow,Revenue/Collections,215503.33
CT-000630,COMP-01,2025-11-11,outflow,Operating Expenses,137530.93
CT-000631,COMP-01,2025-11-12,inflow,Revenue/Collections,246300.74
CT-000632,COMP-01,2025-11-12,outflow,Payroll,165301.96
CT-000633,COMP-01,2025-11-13,inflow,Revenue/Collections,243095.79
CT-000634,COMP-01,2025-11-13,outflow,Vendor Payments,162082.55
CT-000635,COMP-01,2025-11-14,inflow,Revenue/Collections,221158.36
CT-000636,COMP-01,2025-11-14,outflow,Operating Expenses,150641.64
CT-000637,COMP-01,2025-11-15,inflow,Revenue/Collections,70324.51
CT-000638,COMP-01,2025-11-15,outflow,Vendor Payments,44213.69
CT-000639,COMP-01,2025-11-16,inflow,Revenue/Collections,101918.08
CT-000640,COMP-01,2025-11-16,outflow,Operating Expenses,60201.66
CT-000641,COMP-01,2025-11-17,inflow,Revenue/Collections,250150.1
CT-000642,COMP-01,2025-11-17,outflow,Payroll,168924.59
CT-000643,COMP-01,2025-11-18,inflow,Revenue/Collections,232238.64
CT-000644,COMP-01,2025-11-18,outflow,Payroll,141887.76
CT-000645,COMP-01,2025-11-19,inflow,Revenue/Collections,236925.57
CT-000646,COMP-01,2025-11-19,outflow,Payroll,169982.61
CT-000647,COMP-01,2025-11-20,inflow,Revenue/Collections,220248.99
CT-000648,COMP-01,2025-11-20,outflow,Vendor Payments,148691.29
CT-000649,COMP-01,2025-11-21,inflow,Revenue/Collections,251266.55
CT-000650,COMP-01,2025-11-21,outflow,Payroll,161805.92
CT-000651,COMP-01,2025-11-22,inflow,Revenue/Collections,102175.47
CT-000652,COMP-01,2025-11-22,outflow,Operating Expenses,47429.83
CT-000653,COMP-01,2025-11-23,inflow,Revenue/Collections,97030.65
CT-000654,COMP-01,2025-11-23,outflow,Operating Expenses,40566.71
CT-000655,COMP-01,2025-11-24,inflow,Revenue/Collections,225003.87
CT-000656,COMP-01,2025-11-24,outflow,Vendor Payments,146439.12
CT-000657,COMP-01,2025-11-25,inflow,Revenue/Collections,208295.46
CT-000658,COMP-01,2025-11-25,outflow,Operating Expenses,139816.95
CT-000659,COMP-01,2025-11-26,inflow,Revenue/Collections,242955.24
CT-000660,COMP-01,2025-11-26,outflow,Vendor Payments,235285.9
CT-000661,COMP-01,2025-11-27,inflow,Revenue/Collections,247924.48
CT-000662,COMP-01,2025-11-27,outflow,Payroll,244362.15
CT-000663,COMP-01,2025-11-28,inflow,Revenue/Collections,222393.4
CT-000664,COMP-01,2025-11-28,outflow,Operating Expenses,271146.89
CT-000665,COMP-01,2025-11-29,inflow,Revenue/Collections,103144.21
CT-000666,COMP-01,2025-11-29,outflow,Payroll,96793.6
CT-000667,COMP-01,2025-11-30,inflow,Revenue/Collections,83818.09
CT-000668,COMP-01,2025-11-30,outflow,Operating Expenses,53354.67
CT-000669,COMP-01,2025-12-01,inflow,Revenue/Collections,238121.2
CT-000670,COMP-01,2025-12-01,outflow,Vendor Payments,153534.13
CT-000671,COMP-01,2025-12-02,inflow,Revenue/Collections,250736.82
CT-000672,COMP-01,2025-12-02,outflow,Operating Expenses,139653.25
CT-000673,COMP-01,2025-12-03,inflow,Revenue/Collections,260863.64
CT-000674,COMP-01,2025-12-03,outflow,Operating Expenses,148043.38
CT-000675,COMP-01,2025-12-04,inflow,Revenue/Collections,272542.57
CT-000676,COMP-01,2025-12-04,outflow,Payroll,135524.59
CT-000677,COMP-01,2025-12-05,inflow,Revenue/Collections,282194.92
CT-000678,COMP-01,2025-12-05,outflow,Vendor Payments,148096.54
CT-000679,COMP-01,2025-12-06,inflow,Revenue/Collections,78530.38
CT-000680,COMP-01,2025-12-06,outflow,Vendor Payments,34120.03
CT-000681,COMP-01,2025-12-07,inflow,Revenue/Collections,97819.29
CT-000682,COMP-01,2025-12-07,outflow,Vendor Payments,59913.45
CT-000683,COMP-01,2025-12-08,inflow,Revenue/Collections,240288.59
CT-000684,COMP-01,2025-12-08,outflow,Payroll,161228.42
CT-000685,COMP-01,2025-12-09,inflow,Revenue/Collections,221020.4
CT-000686,COMP-01,2025-12-09,outflow,Operating Expenses,135124.79
CT-000687,COMP-01,2025-12-10,inflow,Revenue/Collections,213021.59
CT-000688,COMP-01,2025-12-10,outflow,Payroll,156463.0
CT-000689,COMP-01,2025-12-11,inflow,Revenue/Collections,223299.84
CT-000690,COMP-01,2025-12-11,outflow,Vendor Payments,140678.0
CT-000691,COMP-01,2025-12-12,inflow,Revenue/Collections,232234.33
CT-000692,COMP-01,2025-12-12,outflow,Vendor Payments,133468.9
CT-000693,COMP-01,2025-12-13,inflow,Revenue/Collections,118424.83
CT-000694,COMP-01,2025-12-13,outflow,Operating Expenses,55241.55
CT-000695,COMP-01,2025-12-14,inflow,Revenue/Collections,73739.66
CT-000696,COMP-01,2025-12-14,outflow,Operating Expenses,34818.82
CT-000697,COMP-01,2025-12-15,inflow,Revenue/Collections,249214.0
CT-000698,COMP-01,2025-12-15,outflow,Operating Expenses,135326.52
CT-000699,COMP-01,2025-12-16,inflow,Revenue/Collections,248033.95
CT-000700,COMP-01,2025-12-16,outflow,Operating Expenses,171365.41
CT-000701,COMP-01,2025-12-17,inflow,Revenue/Collections,247332.75
CT-000702,COMP-01,2025-12-17,outflow,Operating Expenses,159963.96
CT-000703,COMP-01,2025-12-18,inflow,Revenue/Collections,216360.53
CT-000704,COMP-01,2025-12-18,outflow,Operating Expenses,170540.64
CT-000705,COMP-01,2025-12-19,inflow,Revenue/Collections,253052.7
CT-000706,COMP-01,2025-12-19,outflow,Payroll,170984.21
CT-000707,COMP-01,2025-12-20,inflow,Revenue/Collections,115165.28
CT-000708,COMP-01,2025-12-20,outflow,Payroll,34328.83
CT-000709,COMP-01,2025-12-21,inflow,Revenue/Collections,126668.05
CT-000710,COMP-01,2025-12-21,outflow,Operating Expenses,32353.53
CT-000711,COMP-01,2025-12-22,inflow,Revenue/Collections,232118.13
CT-000712,COMP-01,2025-12-22,outflow,Payroll,149050.07
CT-000713,COMP-01,2025-12-23,inflow,Revenue/Collections,215093.67
CT-000714,COMP-01,2025-12-23,outflow,Payroll,148055.72
CT-000715,COMP-01,2025-12-24,inflow,Revenue/Collections,219812.56
CT-000716,COMP-01,2025-12-24,outflow,Vendor Payments,152423.44
CT-000717,COMP-01,2025-12-25,inflow,Revenue/Collections,215181.92
CT-000718,COMP-01,2025-12-25,outflow,Payroll,135185.7
CT-000719,COMP-01,2025-12-26,inflow,Revenue/Collections,220140.93
CT-000720,COMP-01,2025-12-26,outflow,Operating Expenses,250882.66
CT-000721,COMP-01,2025-12-27,inflow,Revenue/Collections,104192.46
CT-000722,COMP-01,2025-12-27,outflow,Vendor Payments,78483.63
CT-000723,COMP-01,2025-12-28,inflow,Revenue/Collections,84244.49
CT-000724,COMP-01,2025-12-28,outflow,Payroll,112885.83
CT-000725,COMP-01,2025-12-29,inflow,Revenue/Collections,239027.41
CT-000726,COMP-01,2025-12-29,outflow,Payroll,279935.2
CT-000727,COMP-01,2025-12-30,inflow,Revenue/Collections,235910.07
CT-000728,COMP-01,2025-12-30,outflow,Vendor Payments,266322.87
CT-000729,COMP-01,2025-12-31,inflow,Revenue/Collections,224423.14
CT-000730,COMP-01,2025-12-31,outflow,Payroll,200526.18
CT-000731,COMP-01,2026-01-01,inflow,Revenue/Collections,245101.34
CT-000732,COMP-01,2026-01-01,outflow,Payroll,164807.75
CT-000733,COMP-01,2026-01-02,inflow,Revenue/Collections,321187.81
CT-000734,COMP-01,2026-01-02,outflow,Payroll,173405.78
CT-000735,COMP-01,2026-01-03,inflow,Revenue/Collections,100092.11
CT-000736,COMP-01,2026-01-03,outflow,Operating Expenses,32231.44
CT-000737,COMP-01,2026-01-04,inflow,Revenue/Collections,104583.82
CT-000738,COMP-01,2026-01-04,outflow,Payroll,61468.52
CT-000739,COMP-01,2026-01-05,inflow,Revenue/Collections,307601.01
CT-000740,COMP-01,2026-01-05,outflow,Payroll,147415.8
CT-000741,COMP-01,2026-01-06,inflow,Revenue/Collections,219688.37
CT-000742,COMP-01,2026-01-06,outflow,Payroll,148369.36
CT-000743,COMP-01,2026-01-07,inflow,Revenue/Collections,226691.9
CT-000744,COMP-01,2026-01-07,outflow,Vendor Payments,174227.64
CT-000745,COMP-01,2026-01-08,inflow,Revenue/Collections,259591.72
CT-000746,COMP-01,2026-01-08,outflow,Payroll,173681.51
CT-000747,COMP-01,2026-01-09,inflow,Revenue/Collections,245244.43
CT-000748,COMP-01,2026-01-09,outflow,Payroll,173505.17
CT-000749,COMP-01,2026-01-10,inflow,Revenue/Collections,70635.08
CT-000750,COMP-01,2026-01-10,outflow,Operating Expenses,67505.03
CT-000751,COMP-01,2026-01-11,inflow,Revenue/Collections,97785.42
CT-000752,COMP-01,2026-01-11,outflow,Vendor Payments,35429.07
CT-000753,COMP-01,2026-01-12,inflow,Revenue/Collections,254122.06
CT-000754,COMP-01,2026-01-12,outflow,Payroll,162296.15
CT-000755,COMP-01,2026-01-13,inflow,Revenue/Collections,220386.93
CT-000756,COMP-01,2026-01-13,outflow,Vendor Payments,150438.86
CT-000757,COMP-01,2026-01-14,inflow,Revenue/Collections,218527.73
CT-000758,COMP-01,2026-01-14,outflow,Vendor Payments,138750.15
CT-000759,COMP-01,2026-01-15,inflow,Revenue/Collections,219639.03
CT-000760,COMP-01,2026-01-15,outflow,Vendor Payments,140279.93
CT-000761,COMP-01,2026-01-16,inflow,Revenue/Collections,241733.19
CT-000762,COMP-01,2026-01-16,outflow,Payroll,147891.98
CT-000763,COMP-01,2026-01-17,inflow,Revenue/Collections,109179.56
CT-000764,COMP-01,2026-01-17,outflow,Vendor Payments,40220.29
CT-000765,COMP-01,2026-01-18,inflow,Revenue/Collections,97655.75
CT-000766,COMP-01,2026-01-18,outflow,Operating Expenses,46187.29
CT-000767,COMP-01,2026-01-19,inflow,Revenue/Collections,218347.18
CT-000768,COMP-01,2026-01-19,outflow,Payroll,157232.6
CT-000769,COMP-01,2026-01-20,inflow,Revenue/Collections,259262.86
CT-000770,COMP-01,2026-01-20,outflow,Operating Expenses,144973.87
CT-000771,COMP-01,2026-01-21,inflow,Revenue/Collections,234566.28
CT-000772,COMP-01,2026-01-21,outflow,Operating Expenses,170831.0
CT-000773,COMP-01,2026-01-22,inflow,Revenue/Collections,225546.94
CT-000774,COMP-01,2026-01-22,outflow,Payroll,167372.93
CT-000775,COMP-01,2026-01-23,inflow,Revenue/Collections,223763.2
CT-000776,COMP-01,2026-01-23,outflow,Vendor Payments,167317.23
CT-000777,COMP-01,2026-01-24,inflow,Revenue/Collections,86204.56
CT-000778,COMP-01,2026-01-24,outflow,Payroll,38141.41
CT-000779,COMP-01,2026-01-25,inflow,Revenue/Collections,108314.35
CT-000780,COMP-01,2026-01-25,outflow,Operating Expenses,59732.63
CT-000781,COMP-01,2026-01-26,inflow,Revenue/Collections,262240.9
CT-000782,COMP-01,2026-01-26,outflow,Payroll,220793.34
CT-000783,COMP-01,2026-01-27,inflow,Revenue/Collections,229632.65
CT-000784,COMP-01,2026-01-27,outflow,Operating Expenses,231972.27
CT-000785,COMP-01,2026-01-28,inflow,Revenue/Collections,234987.35
CT-000786,COMP-01,2026-01-28,outflow,Operating Expenses,260041.4
CT-000787,COMP-01,2026-01-29,inflow,Revenue/Collections,255991.23
CT-000788,COMP-01,2026-01-29,outflow,Operating Expenses,227657.71
CT-000789,COMP-01,2026-01-30,inflow,Revenue/Collections,222270.97
CT-000790,COMP-01,2026-01-30,outflow,Operating Expenses,328668.09
CT-000791,COMP-01,2026-01-31,inflow,Revenue/Collections,101864.61
CT-000792,COMP-01,2026-01-31,outflow,Payroll,88213.29
CT-000793,COMP-01,2026-02-01,inflow,Revenue/Collections,100395.21
CT-000794,COMP-01,2026-02-01,outflow,Operating Expenses,51245.0
CT-000795,COMP-01,2026-02-02,inflow,Revenue/Collections,271159.26
CT-000796,COMP-01,2026-02-02,outflow,Operating Expenses,141556.69
CT-000797,COMP-01,2026-02-03,inflow,Revenue/Collections,285016.4
CT-000798,COMP-01,2026-02-03,outflow,Payroll,150833.15
CT-000799,COMP-01,2026-02-04,inflow,Revenue/Collections,320994.14
CT-000800,COMP-01,2026-02-04,outflow,Vendor Payments,138006.78
CT-000801,COMP-01,2026-02-05,inflow,Revenue/Collections,296198.8
CT-000802,COMP-01,2026-02-05,outflow,Vendor Payments,147321.84
CT-000803,COMP-01,2026-02-06,inflow,Revenue/Collections,253888.79
CT-000804,COMP-01,2026-02-06,outflow,Vendor Payments,172004.62
CT-000805,COMP-01,2026-02-07,inflow,Revenue/Collections,118734.95
CT-000806,COMP-01,2026-02-07,outflow,Vendor Payments,47745.3
CT-000807,COMP-01,2026-02-08,inflow,Revenue/Collections,74753.12
CT-000808,COMP-01,2026-02-08,outflow,Payroll,43530.89
CT-000809,COMP-01,2026-02-09,inflow,Revenue/Collections,230712.5
CT-000810,COMP-01,2026-02-09,outflow,Vendor Payments,169474.11
CT-000811,COMP-01,2026-02-10,inflow,Revenue/Collections,256874.17
CT-000812,COMP-01,2026-02-10,outflow,Payroll,166047.06
CT-000813,COMP-01,2026-02-11,inflow,Revenue/Collections,219772.98
CT-000814,COMP-01,2026-02-11,outflow,Vendor Payments,155862.15
CT-000815,COMP-01,2026-02-12,inflow,Revenue/Collections,250932.23
CT-000816,COMP-01,2026-02-12,outflow,Operating Expenses,170879.23
CT-000817,COMP-01,2026-02-13,inflow,Revenue/Collections,228717.19
CT-000818,COMP-01,2026-02-13,outflow,Vendor Payments,172976.73
CT-000819,COMP-01,2026-02-14,inflow,Revenue/Collections,72562.8
CT-000820,COMP-01,2026-02-14,outflow,Operating Expenses,46876.92
CT-000821,COMP-01,2026-02-15,inflow,Revenue/Collections,109524.14
CT-000822,COMP-01,2026-02-15,outflow,Vendor Payments,62402.98
CT-000823,COMP-01,2026-02-16,inflow,Revenue/Collections,226621.76
CT-000824,COMP-01,2026-02-16,outflow,Operating Expenses,168746.37
CT-000825,COMP-01,2026-02-17,inflow,Revenue/Collections,237699.53
CT-000826,COMP-01,2026-02-17,outflow,Payroll,144955.73
CT-000827,COMP-01,2026-02-18,inflow,Revenue/Collections,237114.01
CT-000828,COMP-01,2026-02-18,outflow,Vendor Payments,160295.6
CT-000829,COMP-01,2026-02-19,inflow,Revenue/Collections,265040.64
CT-000830,COMP-01,2026-02-19,outflow,Vendor Payments,170899.37
CT-000831,COMP-01,2026-02-20,inflow,Revenue/Collections,262738.29
CT-000832,COMP-01,2026-02-20,outflow,Payroll,144604.25
CT-000833,COMP-01,2026-02-21,inflow,Revenue/Collections,108331.35
CT-000834,COMP-01,2026-02-21,outflow,Payroll,44467.56
CT-000835,COMP-01,2026-02-22,inflow,Revenue/Collections,81399.69
CT-000836,COMP-01,2026-02-22,outflow,Payroll,52856.5
CT-000837,COMP-01,2026-02-23,inflow,Revenue/Collections,228539.91
CT-000838,COMP-01,2026-02-23,outflow,Operating Expenses,164334.68
CT-000839,COMP-01,2026-02-24,inflow,Revenue/Collections,223378.39
CT-000840,COMP-01,2026-02-24,outflow,Payroll,167267.39
CT-000841,COMP-01,2026-02-25,inflow,Revenue/Collections,249318.25
CT-000842,COMP-01,2026-02-25,outflow,Payroll,157416.92
CT-000843,COMP-01,2026-02-26,inflow,Revenue/Collections,246802.96
CT-000844,COMP-01,2026-02-26,outflow,Payroll,253020.07
CT-000845,COMP-01,2026-02-27,inflow,Revenue/Collections,260342.64
CT-000846,COMP-01,2026-02-27,outflow,Payroll,314337.01
CT-000847,COMP-01,2026-02-28,inflow,Revenue/Collections,98171.32
CT-000848,COMP-01,2026-02-28,outflow,Vendor Payments,75882.15
CT-000849,COMP-01,2026-03-01,inflow,Revenue/Collections,149209.28
CT-000850,COMP-01,2026-03-01,outflow,Vendor Payments,60379.56
CT-000851,COMP-01,2026-03-02,inflow,Revenue/Collections,302087.87
CT-000852,COMP-01,2026-03-02,outflow,Operating Expenses,141481.8
CT-000853,COMP-01,2026-03-03,inflow,Revenue/Collections,330494.65
CT-000854,COMP-01,2026-03-03,outflow,Operating Expenses,140362.74
CT-000855,COMP-01,2026-03-04,inflow,Revenue/Collections,289938.45
CT-000856,COMP-01,2026-03-04,outflow,Operating Expenses,177188.94
CT-000857,COMP-01,2026-03-05,inflow,Revenue/Collections,286190.48
CT-000858,COMP-01,2026-03-05,outflow,Payroll,167054.71
CT-000859,COMP-01,2026-03-06,inflow,Revenue/Collections,247977.62
CT-000860,COMP-01,2026-03-06,outflow,Payroll,150287.22
CT-000861,COMP-01,2026-03-07,inflow,Revenue/Collections,128452.81
CT-000862,COMP-01,2026-03-07,outflow,Operating Expenses,34309.34
CT-000863,COMP-01,2026-03-08,inflow,Revenue/Collections,89013.18
CT-000864,COMP-01,2026-03-08,outflow,Operating Expenses,35579.14
CT-000865,COMP-01,2026-03-09,inflow,Revenue/Collections,229148.85
CT-000866,COMP-01,2026-03-09,outflow,Operating Expenses,144031.14
CT-000867,COMP-01,2026-03-10,inflow,Revenue/Collections,234632.58
CT-000868,COMP-01,2026-03-10,outflow,Vendor Payments,154389.9
CT-000869,COMP-01,2026-03-11,inflow,Revenue/Collections,251585.48
CT-000870,COMP-01,2026-03-11,outflow,Payroll,157478.38
CT-000871,COMP-01,2026-03-12,inflow,Revenue/Collections,271550.8
CT-000872,COMP-01,2026-03-12,outflow,Operating Expenses,173176.14
CT-000873,COMP-01,2026-03-13,inflow,Revenue/Collections,246935.32
CT-000874,COMP-01,2026-03-13,outflow,Operating Expenses,172764.11
CT-000875,COMP-01,2026-03-14,inflow,Revenue/Collections,108168.33
CT-000876,COMP-01,2026-03-14,outflow,Operating Expenses,58255.32
CT-000877,COMP-01,2026-03-15,inflow,Revenue/Collections,89592.24
CT-000878,COMP-01,2026-03-15,outflow,Operating Expenses,31352.04
CT-000879,COMP-01,2026-03-16,inflow,Revenue/Collections,232992.11
CT-000880,COMP-01,2026-03-16,outflow,Vendor Payments,147021.46
CT-000881,COMP-01,2026-03-17,inflow,Revenue/Collections,249947.49
CT-000882,COMP-01,2026-03-17,outflow,Vendor Payments,139845.96
CT-000883,COMP-01,2026-03-18,inflow,Revenue/Collections,269096.58
CT-000884,COMP-01,2026-03-18,outflow,Operating Expenses,168460.78
CT-000885,COMP-01,2026-03-19,inflow,Revenue/Collections,241178.62
CT-000886,COMP-01,2026-03-19,outflow,Payroll,173518.78
CT-000887,COMP-01,2026-03-20,inflow,Revenue/Collections,259233.19
CT-000888,COMP-01,2026-03-20,outflow,Operating Expenses,169675.08
CT-000889,COMP-01,2026-03-21,inflow,Revenue/Collections,111110.08
CT-000890,COMP-01,2026-03-21,outflow,Operating Expenses,45597.66
CT-000891,COMP-01,2026-03-22,inflow,Revenue/Collections,126692.87
CT-000892,COMP-01,2026-03-22,outflow,Operating Expenses,45248.97
CT-000893,COMP-01,2026-03-23,inflow,Revenue/Collections,237495.93
CT-000894,COMP-01,2026-03-23,outflow,Vendor Payments,168806.6
CT-000895,COMP-01,2026-03-24,inflow,Revenue/Collections,248325.3
CT-000896,COMP-01,2026-03-24,outflow,Payroll,151144.77
CT-000897,COMP-01,2026-03-25,inflow,Revenue/Collections,273232.98
CT-000898,COMP-01,2026-03-25,outflow,Operating Expenses,182108.13
CT-000899,COMP-01,2026-03-26,inflow,Revenue/Collections,250977.33
CT-000900,COMP-01,2026-03-26,outflow,Vendor Payments,280462.51
CT-000901,COMP-01,2026-03-27,inflow,Revenue/Collections,257665.66
CT-000902,COMP-01,2026-03-27,outflow,Vendor Payments,238824.84
CT-000903,COMP-01,2026-03-28,inflow,Revenue/Collections,84997.35
CT-000904,COMP-01,2026-03-28,outflow,Payroll,85439.47
CT-000905,COMP-01,2026-03-29,inflow,Revenue/Collections,97894.4
CT-000906,COMP-01,2026-03-29,outflow,Payroll,95952.23
CT-000907,COMP-01,2026-03-30,inflow,Revenue/Collections,268255.49
CT-000908,COMP-01,2026-03-30,outflow,Operating Expenses,232515.96
CT-000909,COMP-01,2026-03-31,inflow,Revenue/Collections,273011.03
CT-000910,COMP-01,2026-03-31,outflow,Vendor Payments,315050.49
CT-000911,COMP-01,2026-04-01,inflow,Revenue/Collections,291858.54
CT-000912,COMP-01,2026-04-01,outflow,Payroll,179392.03
CT-000913,COMP-01,2026-04-02,inflow,Revenue/Collections,273016.5
CT-000914,COMP-01,2026-04-02,outflow,Payroll,181901.16
CT-000915,COMP-01,2026-04-03,inflow,Revenue/Collections,332820.64
CT-000916,COMP-01,2026-04-03,outflow,Vendor Payments,167880.99
CT-000917,COMP-01,2026-04-04,inflow,Revenue/Collections,131427.86
CT-000918,COMP-01,2026-04-04,outflow,Vendor Payments,53207.56
CT-000919,COMP-01,2026-04-05,inflow,Revenue/Collections,93908.97
CT-000920,COMP-01,2026-04-05,outflow,Operating Expenses,30520.31
CT-000921,COMP-01,2026-04-06,inflow,Revenue/Collections,259827.46
CT-000922,COMP-01,2026-04-06,outflow,Operating Expenses,163672.23
CT-000923,COMP-01,2026-04-07,inflow,Revenue/Collections,258446.04
CT-000924,COMP-01,2026-04-07,outflow,Payroll,143588.75
CT-000925,COMP-01,2026-04-08,inflow,Revenue/Collections,257049.47
CT-000926,COMP-01,2026-04-08,outflow,Payroll,178048.44
CT-000927,COMP-01,2026-04-09,inflow,Revenue/Collections,263099.13
CT-000928,COMP-01,2026-04-09,outflow,Operating Expenses,142225.04
CT-000929,COMP-01,2026-04-10,inflow,Revenue/Collections,277221.44
CT-000930,COMP-01,2026-04-10,outflow,Vendor Payments,156952.8
CT-000931,COMP-01,2026-04-11,inflow,Revenue/Collections,133804.07
CT-000932,COMP-01,2026-04-11,outflow,Vendor Payments,44827.54
CT-000933,COMP-01,2026-04-12,inflow,Revenue/Collections,88933.01
CT-000934,COMP-01,2026-04-12,outflow,Vendor Payments,38626.97
CT-000935,COMP-01,2026-04-13,inflow,Revenue/Collections,229891.73
CT-000936,COMP-01,2026-04-13,outflow,Operating Expenses,187267.3
CT-000937,COMP-01,2026-04-14,inflow,Revenue/Collections,251304.16
CT-000938,COMP-01,2026-04-14,outflow,Operating Expenses,173097.21
CT-000939,COMP-01,2026-04-15,inflow,Revenue/Collections,274710.29
CT-000940,COMP-01,2026-04-15,outflow,Payroll,172441.61
CT-000941,COMP-01,2026-04-16,inflow,Revenue/Collections,269972.18
CT-000942,COMP-01,2026-04-16,outflow,Payroll,171478.48
CT-000943,COMP-01,2026-04-17,inflow,Revenue/Collections,231208.53
CT-000944,COMP-01,2026-04-17,outflow,Operating Expenses,169568.94
CT-000945,COMP-01,2026-04-18,inflow,Revenue/Collections,117807.34
CT-000946,COMP-01,2026-04-18,outflow,Vendor Payments,49856.7
CT-000947,COMP-01,2026-04-19,inflow,Revenue/Collections,101721.56
CT-000948,COMP-01,2026-04-19,outflow,Vendor Payments,57788.39
CT-000949,COMP-01,2026-04-20,inflow,Revenue/Collections,269051.33
CT-000950,COMP-01,2026-04-20,outflow,Vendor Payments,143366.95
CT-000951,COMP-01,2026-04-21,inflow,Revenue/Collections,250997.36
CT-000952,COMP-01,2026-04-21,outflow,Operating Expenses,188731.1
CT-000953,COMP-01,2026-04-22,inflow,Revenue/Collections,238771.27
CT-000954,COMP-01,2026-04-22,outflow,Vendor Payments,142035.04
CT-000955,COMP-01,2026-04-23,inflow,Revenue/Collections,246964.29
CT-000956,COMP-01,2026-04-23,outflow,Operating Expenses,176813.94
CT-000957,COMP-01,2026-04-24,inflow,Revenue/Collections,233942.89
CT-000958,COMP-01,2026-04-24,outflow,Vendor Payments,151196.56
CT-000959,COMP-01,2026-04-25,inflow,Revenue/Collections,111443.3
CT-000960,COMP-01,2026-04-25,outflow,Vendor Payments,41214.0
CT-000961,COMP-01,2026-04-26,inflow,Revenue/Collections,119880.64
CT-000962,COMP-01,2026-04-26,outflow,Vendor Payments,86822.75
CT-000963,COMP-01,2026-04-27,inflow,Revenue/Collections,238013.88
CT-000964,COMP-01,2026-04-27,outflow,Vendor Payments,265555.86
CT-000965,COMP-01,2026-04-28,inflow,Revenue/Collections,267322.85
CT-000966,COMP-01,2026-04-28,outflow,Operating Expenses,253283.39
CT-000967,COMP-01,2026-04-29,inflow,Revenue/Collections,263176.47
CT-000968,COMP-01,2026-04-29,outflow,Vendor Payments,322121.47
CT-000969,COMP-01,2026-04-30,inflow,Revenue/Collections,262942.06
CT-000970,COMP-01,2026-04-30,outflow,Vendor Payments,278258.24
CT-000971,COMP-01,2026-05-01,inflow,Revenue/Collections,290420.23
CT-000972,COMP-01,2026-05-01,outflow,Vendor Payments,157809.1
CT-000973,COMP-01,2026-05-02,inflow,Revenue/Collections,130287.99
CT-000974,COMP-01,2026-05-02,outflow,Vendor Payments,44252.67
CT-000975,COMP-01,2026-05-03,inflow,Revenue/Collections,129882.21
CT-000976,COMP-01,2026-05-03,outflow,Operating Expenses,42186.76
CT-000977,COMP-01,2026-05-04,inflow,Revenue/Collections,303689.09
CT-000978,COMP-01,2026-05-04,outflow,Operating Expenses,165232.95
CT-000979,COMP-01,2026-05-05,inflow,Revenue/Collections,281762.96
CT-000980,COMP-01,2026-05-05,outflow,Vendor Payments,180476.88
CT-000981,COMP-01,2026-05-06,inflow,Revenue/Collections,238420.7
CT-000982,COMP-01,2026-05-06,outflow,Vendor Payments,177583.72
CT-000983,COMP-01,2026-05-07,inflow,Revenue/Collections,271715.79
CT-000984,COMP-01,2026-05-07,outflow,Operating Expenses,161520.6
CT-000985,COMP-01,2026-05-08,inflow,Revenue/Collections,239895.83
CT-000986,COMP-01,2026-05-08,outflow,Operating Expenses,173557.65
CT-000987,COMP-01,2026-05-09,inflow,Revenue/Collections,114586.04
CT-000988,COMP-01,2026-05-09,outflow,Operating Expenses,44457.99
CT-000989,COMP-01,2026-05-10,inflow,Revenue/Collections,115467.7
CT-000990,COMP-01,2026-05-10,outflow,Operating Expenses,49922.05
CT-000991,COMP-01,2026-05-11,inflow,Revenue/Collections,241908.56
CT-000992,COMP-01,2026-05-11,outflow,Vendor Payments,166662.93
CT-000993,COMP-01,2026-05-12,inflow,Revenue/Collections,239835.68
CT-000994,COMP-01,2026-05-12,outflow,Operating Expenses,151928.64
CT-000995,COMP-01,2026-05-13,inflow,Revenue/Collections,255493.81
CT-000996,COMP-01,2026-05-13,outflow,Operating Expenses,187797.55
CT-000997,COMP-01,2026-05-14,inflow,Revenue/Collections,268223.94
CT-000998,COMP-01,2026-05-14,outflow,Operating Expenses,150842.43
CT-000999,COMP-01,2026-05-15,inflow,Revenue/Collections,281863.63
CT-001000,COMP-01,2026-05-15,outflow,Payroll,187541.36
CT-001001,COMP-01,2026-05-16,inflow,Revenue/Collections,90938.66
CT-001002,COMP-01,2026-05-16,outflow,Operating Expenses,44574.5
CT-001003,COMP-01,2026-05-17,inflow,Revenue/Collections,99792.38
CT-001004,COMP-01,2026-05-17,outflow,Vendor Payments,36797.87
CT-001005,COMP-01,2026-05-18,inflow,Revenue/Collections,264858.78
CT-001006,COMP-01,2026-05-18,outflow,Vendor Payments,175820.0
CT-001007,COMP-01,2026-05-19,inflow,Revenue/Collections,255653.19
CT-001008,COMP-01,2026-05-19,outflow,Operating Expenses,174226.54
CT-001009,COMP-01,2026-05-20,inflow,Revenue/Collections,281597.01
CT-001010,COMP-01,2026-05-20,outflow,Vendor Payments,146756.49
CT-001011,COMP-01,2026-05-21,inflow,Revenue/Collections,283079.84
CT-001012,COMP-01,2026-05-21,outflow,Payroll,186810.88
CT-001013,COMP-01,2026-05-22,inflow,Revenue/Collections,279258.81
CT-001014,COMP-01,2026-05-22,outflow,Payroll,144366.64
CT-001015,COMP-01,2026-05-23,inflow,Revenue/Collections,101950.98
CT-001016,COMP-01,2026-05-23,outflow,Operating Expenses,64188.95
CT-001017,COMP-01,2026-05-24,inflow,Revenue/Collections,93363.57
CT-001018,COMP-01,2026-05-24,outflow,Payroll,47104.61
CT-001019,COMP-01,2026-05-25,inflow,Revenue/Collections,242318.11
CT-001020,COMP-01,2026-05-25,outflow,Payroll,173851.04
CT-001021,COMP-01,2026-05-26,inflow,Revenue/Collections,282755.2
CT-001022,COMP-01,2026-05-26,outflow,Operating Expenses,239382.72
CT-001023,COMP-01,2026-05-27,inflow,Revenue/Collections,260650.85
CT-001024,COMP-01,2026-05-27,outflow,Payroll,224320.76
CT-001025,COMP-01,2026-05-28,inflow,Revenue/Collections,259810.33
CT-001026,COMP-01,2026-05-28,outflow,Operating Expenses,292903.24
CT-001027,COMP-01,2026-05-29,inflow,Revenue/Collections,269168.25
CT-001028,COMP-01,2026-05-29,outflow,Payroll,243097.7
CT-001029,COMP-01,2026-05-30,inflow,Revenue/Collections,79902.0
CT-001030,COMP-01,2026-05-30,outflow,Payroll,94911.84
CT-001031,COMP-01,2026-05-31,inflow,Revenue/Collections,123522.58
CT-001032,COMP-01,2026-05-31,outflow,Operating Expenses,93815.95
CT-001033,COMP-01,2026-06-01,inflow,Revenue/Collections,304897.27
CT-001034,COMP-01,2026-06-01,outflow,Payroll,155640.68
CT-001035,COMP-01,2026-06-02,inflow,Revenue/Collections,332390.44
CT-001036,COMP-01,2026-06-02,outflow,Vendor Payments,148859.46
CT-001037,COMP-01,2026-06-03,inflow,Revenue/Collections,264671.52
CT-001038,COMP-01,2026-06-03,outflow,Vendor Payments,175972.91
CT-001039,COMP-01,2026-06-04,inflow,Revenue/Collections,285845.15
CT-001040,COMP-01,2026-06-04,outflow,Payroll,185179.22
CT-001041,COMP-01,2026-06-05,inflow,Revenue/Collections,314471.23
CT-001042,COMP-01,2026-06-05,outflow,Payroll,174713.28
CT-001043,COMP-01,2026-06-06,inflow,Revenue/Collections,94384.76
CT-001044,COMP-01,2026-06-06,outflow,Vendor Payments,61545.33
CT-001045,COMP-01,2026-06-07,inflow,Revenue/Collections,97888.0
CT-001046,COMP-01,2026-06-07,outflow,Operating Expenses,48377.78
CT-001047,COMP-01,2026-06-08,inflow,Revenue/Collections,249934.08
CT-001048,COMP-01,2026-06-08,outflow,Payroll,145430.9
CT-001049,COMP-01,2026-06-09,inflow,Revenue/Collections,243796.17
CT-001050,COMP-01,2026-06-09,outflow,Operating Expenses,195245.09
CT-001051,COMP-01,2026-06-10,inflow,Revenue/Collections,254865.49
CT-001052,COMP-01,2026-06-10,outflow,Operating Expenses,194116.8
CT-001053,COMP-01,2026-06-11,inflow,Revenue/Collections,241773.14
CT-001054,COMP-01,2026-06-11,outflow,Vendor Payments,185340.25
CT-001055,COMP-01,2026-06-12,inflow,Revenue/Collections,285077.5
CT-001056,COMP-01,2026-06-12,outflow,Payroll,176309.52
CT-001057,COMP-01,2026-06-13,inflow,Revenue/Collections,117892.15
CT-001058,COMP-01,2026-06-13,outflow,Operating Expenses,59279.67
CT-001059,COMP-01,2026-06-14,inflow,Revenue/Collections,88059.4
CT-001060,COMP-01,2026-06-14,outflow,Payroll,72345.91
CT-001061,COMP-01,2026-06-15,inflow,Revenue/Collections,279430.56
CT-001062,COMP-01,2026-06-15,outflow,Payroll,149421.19
CT-001063,COMP-01,2026-06-16,inflow,Revenue/Collections,264213.68
CT-001064,COMP-01,2026-06-16,outflow,Vendor Payments,146238.03
CT-001065,COMP-01,2026-06-17,inflow,Revenue/Collections,259990.61
CT-001066,COMP-01,2026-06-17,outflow,Operating Expenses,187870.17
CT-001067,COMP-01,2026-06-18,inflow,Revenue/Collections,240304.47
CT-001068,COMP-01,2026-06-18,outflow,Payroll,159613.82
CT-001069,COMP-01,2026-06-19,inflow,Revenue/Collections,256888.8
CT-001070,COMP-01,2026-06-19,outflow,Vendor Payments,191654.08
CT-001071,COMP-01,2026-06-20,inflow,Revenue/Collections,98446.68
CT-001072,COMP-01,2026-06-20,outflow,Operating Expenses,52419.24
CT-001073,COMP-01,2026-06-21,inflow,Revenue/Collections,92460.94
CT-001074,COMP-01,2026-06-21,outflow,Vendor Payments,42303.77
CT-001075,COMP-01,2026-06-22,inflow,Revenue/Collections,272349.96
CT-001076,COMP-01,2026-06-22,outflow,Vendor Payments,177166.42
CT-001077,COMP-01,2026-06-23,inflow,Revenue/Collections,286608.27
CT-001078,COMP-01,2026-06-23,outflow,Payroll,148671.08
CT-001079,COMP-01,2026-06-24,inflow,Revenue/Collections,270975.46
CT-001080,COMP-01,2026-06-24,outflow,Operating Expenses,197275.09
CT-001081,COMP-01,2026-06-25,inflow,Revenue/Collections,276200.92
CT-001082,COMP-01,2026-06-25,outflow,Payroll,163988.14
CT-001083,COMP-01,2026-06-26,inflow,Revenue/Collections,270694.69
CT-001084,COMP-01,2026-06-26,outflow,Payroll,249602.18
CT-001085,COMP-01,2026-06-27,inflow,Revenue/Collections,117324.58
CT-001086,COMP-01,2026-06-27,outflow,Vendor Payments,109957.69
CT-001087,COMP-01,2026-06-28,inflow,Revenue/Collections,121602.8
CT-001088,COMP-01,2026-06-28,outflow,Operating Expenses,89100.93
CT-001089,COMP-01,2026-06-29,inflow,Revenue/Collections,242385.29
CT-001090,COMP-01,2026-06-29,outflow,Operating Expenses,254879.23
CT-001091,COMP-01,2026-06-30,inflow,Revenue/Collections,250802.06
CT-001092,COMP-01,2026-06-30,outflow,Vendor Payments,255615.54
CT-001093,COMP-02,2025-01-01,inflow,Revenue/Collections,407415.18
CT-001094,COMP-02,2025-01-01,outflow,Operating Expenses,207061.87
CT-001095,COMP-02,2025-01-02,inflow,Revenue/Collections,345468.9
CT-001096,COMP-02,2025-01-02,outflow,Payroll,255678.3
CT-001097,COMP-02,2025-01-03,inflow,Revenue/Collections,340125.71
CT-001098,COMP-02,2025-01-03,outflow,Operating Expenses,215537.54
CT-001099,COMP-02,2025-01-04,inflow,Revenue/Collections,154599.67
CT-001100,COMP-02,2025-01-04,outflow,Payroll,84047.45
CT-001101,COMP-02,2025-01-05,inflow,Revenue/Collections,150409.7
CT-001102,COMP-02,2025-01-05,outflow,Payroll,78998.92
CT-001103,COMP-02,2025-01-06,inflow,Revenue/Collections,337005.38
CT-001104,COMP-02,2025-01-06,outflow,Payroll,194476.53
CT-001105,COMP-02,2025-01-07,inflow,Revenue/Collections,337116.3
CT-001106,COMP-02,2025-01-07,outflow,Payroll,199646.93
CT-001107,COMP-02,2025-01-08,inflow,Revenue/Collections,289587.87
CT-001108,COMP-02,2025-01-08,outflow,Vendor Payments,200976.19
CT-001109,COMP-02,2025-01-09,inflow,Revenue/Collections,294767.01
CT-001110,COMP-02,2025-01-09,outflow,Operating Expenses,195690.79
CT-001111,COMP-02,2025-01-10,inflow,Revenue/Collections,334863.52
CT-001112,COMP-02,2025-01-10,outflow,Vendor Payments,212048.05
CT-001113,COMP-02,2025-01-11,inflow,Revenue/Collections,115879.16
CT-001114,COMP-02,2025-01-11,outflow,Vendor Payments,70971.37
CT-001115,COMP-02,2025-01-12,inflow,Revenue/Collections,139694.84
CT-001116,COMP-02,2025-01-12,outflow,Vendor Payments,52038.92
CT-001117,COMP-02,2025-01-13,inflow,Revenue/Collections,303322.14
CT-001118,COMP-02,2025-01-13,outflow,Payroll,217879.33
CT-001119,COMP-02,2025-01-14,inflow,Revenue/Collections,316087.83
CT-001120,COMP-02,2025-01-14,outflow,Payroll,213439.35
CT-001121,COMP-02,2025-01-15,inflow,Revenue/Collections,296846.39
CT-001122,COMP-02,2025-01-15,outflow,Payroll,218148.56
CT-001123,COMP-02,2025-01-16,inflow,Revenue/Collections,345642.2
CT-001124,COMP-02,2025-01-16,outflow,Vendor Payments,238480.54
CT-001125,COMP-02,2025-01-17,inflow,Revenue/Collections,336341.66
CT-001126,COMP-02,2025-01-17,outflow,Payroll,223435.55
CT-001127,COMP-02,2025-01-18,inflow,Revenue/Collections,93352.59
CT-001128,COMP-02,2025-01-18,outflow,Vendor Payments,59581.15
CT-001129,COMP-02,2025-01-19,inflow,Revenue/Collections,109450.85
CT-001130,COMP-02,2025-01-19,outflow,Vendor Payments,87969.66
CT-001131,COMP-02,2025-01-20,inflow,Revenue/Collections,315574.1
CT-001132,COMP-02,2025-01-20,outflow,Payroll,259289.99
CT-001133,COMP-02,2025-01-21,inflow,Revenue/Collections,328331.89
CT-001134,COMP-02,2025-01-21,outflow,Operating Expenses,227334.22
CT-001135,COMP-02,2025-01-22,inflow,Revenue/Collections,348277.86
CT-001136,COMP-02,2025-01-22,outflow,Payroll,247395.97
CT-001137,COMP-02,2025-01-23,inflow,Revenue/Collections,309000.41
CT-001138,COMP-02,2025-01-23,outflow,Operating Expenses,214525.0
CT-001139,COMP-02,2025-01-24,inflow,Revenue/Collections,338386.18
CT-001140,COMP-02,2025-01-24,outflow,Vendor Payments,211459.48
CT-001141,COMP-02,2025-01-25,inflow,Revenue/Collections,146124.22
CT-001142,COMP-02,2025-01-25,outflow,Vendor Payments,75151.97
CT-001143,COMP-02,2025-01-26,inflow,Revenue/Collections,107993.01
CT-001144,COMP-02,2025-01-26,outflow,Operating Expenses,175263.61
CT-001145,COMP-02,2025-01-27,inflow,Revenue/Collections,301644.02
CT-001146,COMP-02,2025-01-27,outflow,Vendor Payments,419480.87
CT-001147,COMP-02,2025-01-28,inflow,Revenue/Collections,320598.55
CT-001148,COMP-02,2025-01-28,outflow,Payroll,325933.74
CT-001149,COMP-02,2025-01-29,inflow,Revenue/Collections,321421.26
CT-001150,COMP-02,2025-01-29,outflow,Vendor Payments,325516.25
CT-001151,COMP-02,2025-01-30,inflow,Revenue/Collections,310104.9
CT-001152,COMP-02,2025-01-30,outflow,Vendor Payments,377226.6
CT-001153,COMP-02,2025-01-31,inflow,Revenue/Collections,333039.57
CT-001154,COMP-02,2025-01-31,outflow,Operating Expenses,430992.44
CT-001155,COMP-02,2025-02-01,inflow,Revenue/Collections,143936.78
CT-001156,COMP-02,2025-02-01,outflow,Vendor Payments,76531.56
CT-001157,COMP-02,2025-02-02,inflow,Revenue/Collections,178316.23
CT-001158,COMP-02,2025-02-02,outflow,Vendor Payments,51824.93
CT-001159,COMP-02,2025-02-03,inflow,Revenue/Collections,348831.62
CT-001160,COMP-02,2025-02-03,outflow,Operating Expenses,216170.54
CT-001161,COMP-02,2025-02-04,inflow,Revenue/Collections,427324.1
CT-001162,COMP-02,2025-02-04,outflow,Payroll,262970.08
CT-001163,COMP-02,2025-02-05,inflow,Revenue/Collections,392282.58
CT-001164,COMP-02,2025-02-05,outflow,Operating Expenses,199408.62
CT-001165,COMP-02,2025-02-06,inflow,Revenue/Collections,304909.52
CT-001166,COMP-02,2025-02-06,outflow,Payroll,205207.38
CT-001167,COMP-02,2025-02-07,inflow,Revenue/Collections,291370.21
CT-001168,COMP-02,2025-02-07,outflow,Payroll,262258.2
CT-001169,COMP-02,2025-02-08,inflow,Revenue/Collections,150724.56
CT-001170,COMP-02,2025-02-08,outflow,Operating Expenses,60750.43
CT-001171,COMP-02,2025-02-09,inflow,Revenue/Collections,111295.6
CT-001172,COMP-02,2025-02-09,outflow,Operating Expenses,100911.37
CT-001173,COMP-02,2025-02-10,inflow,Revenue/Collections,326858.0
CT-001174,COMP-02,2025-02-10,outflow,Vendor Payments,234347.82
CT-001175,COMP-02,2025-02-11,inflow,Revenue/Collections,326680.44
CT-001176,COMP-02,2025-02-11,outflow,Vendor Payments,217742.13
CT-001177,COMP-02,2025-02-12,inflow,Revenue/Collections,299188.26
CT-001178,COMP-02,2025-02-12,outflow,Operating Expenses,256099.4
CT-001179,COMP-02,2025-02-13,inflow,Revenue/Collections,303647.64
CT-001180,COMP-02,2025-02-13,outflow,Operating Expenses,257167.46
CT-001181,COMP-02,2025-02-14,inflow,Revenue/Collections,349616.29
CT-001182,COMP-02,2025-02-14,outflow,Operating Expenses,216307.9
CT-001183,COMP-02,2025-02-15,inflow,Revenue/Collections,152911.64
CT-001184,COMP-02,2025-02-15,outflow,Payroll,90545.08
CT-001185,COMP-02,2025-02-16,inflow,Revenue/Collections,125679.39
CT-001186,COMP-02,2025-02-16,outflow,Vendor Payments,58599.87
CT-001187,COMP-02,2025-02-17,inflow,Revenue/Collections,350191.26
CT-001188,COMP-02,2025-02-17,outflow,Payroll,215836.4
CT-001189,COMP-02,2025-02-18,inflow,Revenue/Collections,322261.43
CT-001190,COMP-02,2025-02-18,outflow,Operating Expenses,252289.56
CT-001191,COMP-02,2025-02-19,inflow,Revenue/Collections,351957.14
CT-001192,COMP-02,2025-02-19,outflow,Payroll,203526.02
CT-001193,COMP-02,2025-02-20,inflow,Revenue/Collections,295972.39
CT-001194,COMP-02,2025-02-20,outflow,Vendor Payments,265819.28
CT-001195,COMP-02,2025-02-21,inflow,Revenue/Collections,349075.64
CT-001196,COMP-02,2025-02-21,outflow,Operating Expenses,236164.44
CT-001197,COMP-02,2025-02-22,inflow,Revenue/Collections,156629.95
CT-001198,COMP-02,2025-02-22,outflow,Payroll,78065.67
CT-001199,COMP-02,2025-02-23,inflow,Revenue/Collections,114592.38
CT-001200,COMP-02,2025-02-23,outflow,Payroll,69290.1
CT-001201,COMP-02,2025-02-24,inflow,Revenue/Collections,342523.25
CT-001202,COMP-02,2025-02-24,outflow,Payroll,238349.07
CT-001203,COMP-02,2025-02-25,inflow,Revenue/Collections,312351.59
CT-001204,COMP-02,2025-02-25,outflow,Operating Expenses,246747.34
CT-001205,COMP-02,2025-02-26,inflow,Revenue/Collections,336764.49
CT-001206,COMP-02,2025-02-26,outflow,Operating Expenses,307666.6
CT-001207,COMP-02,2025-02-27,inflow,Revenue/Collections,339454.07
CT-001208,COMP-02,2025-02-27,outflow,Vendor Payments,375366.9
CT-001209,COMP-02,2025-02-28,inflow,Revenue/Collections,358026.12
CT-001210,COMP-02,2025-02-28,outflow,Payroll,384121.16
CT-001211,COMP-02,2025-03-01,inflow,Revenue/Collections,123579.44
CT-001212,COMP-02,2025-03-01,outflow,Vendor Payments,63505.01
CT-001213,COMP-02,2025-03-02,inflow,Revenue/Collections,167145.27
CT-001214,COMP-02,2025-03-02,outflow,Vendor Payments,78512.67
CT-001215,COMP-02,2025-03-03,inflow,Revenue/Collections,370805.79
CT-001216,COMP-02,2025-03-03,outflow,Operating Expenses,241561.53
CT-001217,COMP-02,2025-03-04,inflow,Revenue/Collections,391848.9
CT-001218,COMP-02,2025-03-04,outflow,Vendor Payments,248848.82
CT-001219,COMP-02,2025-03-05,inflow,Revenue/Collections,357574.02
CT-001220,COMP-02,2025-03-05,outflow,Payroll,215511.4
CT-001221,COMP-02,2025-03-06,inflow,Revenue/Collections,354484.85
CT-001222,COMP-02,2025-03-06,outflow,Payroll,231644.04
CT-001223,COMP-02,2025-03-07,inflow,Revenue/Collections,339626.15
CT-001224,COMP-02,2025-03-07,outflow,Vendor Payments,228037.94
CT-001225,COMP-02,2025-03-08,inflow,Revenue/Collections,147526.47
CT-001226,COMP-02,2025-03-08,outflow,Payroll,48568.62
CT-001227,COMP-02,2025-03-09,inflow,Revenue/Collections,168408.64
CT-001228,COMP-02,2025-03-09,outflow,Operating Expenses,94173.81
CT-001229,COMP-02,2025-03-10,inflow,Revenue/Collections,352283.22
CT-001230,COMP-02,2025-03-10,outflow,Payroll,243520.92
CT-001231,COMP-02,2025-03-11,inflow,Revenue/Collections,330296.0
CT-001232,COMP-02,2025-03-11,outflow,Vendor Payments,245246.34
CT-001233,COMP-02,2025-03-12,inflow,Revenue/Collections,307956.24
CT-001234,COMP-02,2025-03-12,outflow,Payroll,219613.34
CT-001235,COMP-02,2025-03-13,inflow,Revenue/Collections,311683.66
CT-001236,COMP-02,2025-03-13,outflow,Payroll,251734.51
CT-001237,COMP-02,2025-03-14,inflow,Revenue/Collections,302658.63
CT-001238,COMP-02,2025-03-14,outflow,Operating Expenses,223655.73
CT-001239,COMP-02,2025-03-15,inflow,Revenue/Collections,158669.44
CT-001240,COMP-02,2025-03-15,outflow,Payroll,71037.07
CT-001241,COMP-02,2025-03-16,inflow,Revenue/Collections,155505.98
CT-001242,COMP-02,2025-03-16,outflow,Operating Expenses,74223.53
CT-001243,COMP-02,2025-03-17,inflow,Revenue/Collections,321390.45
CT-001244,COMP-02,2025-03-17,outflow,Operating Expenses,223793.82
CT-001245,COMP-02,2025-03-18,inflow,Revenue/Collections,359173.84
CT-001246,COMP-02,2025-03-18,outflow,Vendor Payments,204117.24
CT-001247,COMP-02,2025-03-19,inflow,Revenue/Collections,309177.64
CT-001248,COMP-02,2025-03-19,outflow,Vendor Payments,214316.17
CT-001249,COMP-02,2025-03-20,inflow,Revenue/Collections,350033.59
CT-001250,COMP-02,2025-03-20,outflow,Operating Expenses,229155.04
CT-001251,COMP-02,2025-03-21,inflow,Revenue/Collections,304366.66
CT-001252,COMP-02,2025-03-21,outflow,Operating Expenses,269222.85
CT-001253,COMP-02,2025-03-22,inflow,Revenue/Collections,127561.75
CT-001254,COMP-02,2025-03-22,outflow,Payroll,54978.96
CT-001255,COMP-02,2025-03-23,inflow,Revenue/Collections,107818.29
CT-001256,COMP-02,2025-03-23,outflow,Payroll,65201.87
CT-001257,COMP-02,2025-03-24,inflow,Revenue/Collections,299776.62
CT-001258,COMP-02,2025-03-24,outflow,Operating Expenses,257013.45
CT-001259,COMP-02,2025-03-25,inflow,Revenue/Collections,312512.72
CT-001260,COMP-02,2025-03-25,outflow,Vendor Payments,241103.32
CT-001261,COMP-02,2025-03-26,inflow,Revenue/Collections,362224.19
CT-001262,COMP-02,2025-03-26,outflow,Vendor Payments,396655.03
CT-001263,COMP-02,2025-03-27,inflow,Revenue/Collections,310199.39
CT-001264,COMP-02,2025-03-27,outflow,Vendor Payments,371653.09
CT-001265,COMP-02,2025-03-28,inflow,Revenue/Collections,336521.54
CT-001266,COMP-02,2025-03-28,outflow,Operating Expenses,418890.12
CT-001267,COMP-02,2025-03-29,inflow,Revenue/Collections,125779.83
CT-001268,COMP-02,2025-03-29,outflow,Payroll,165549.29
CT-001269,COMP-02,2025-03-30,inflow,Revenue/Collections,151832.11
CT-001270,COMP-02,2025-03-30,outflow,Payroll,115136.45
CT-001271,COMP-02,2025-03-31,inflow,Revenue/Collections,307824.68
CT-001272,COMP-02,2025-03-31,outflow,Operating Expenses,475147.91
CT-001273,COMP-02,2025-04-01,inflow,Revenue/Collections,406914.3
CT-001274,COMP-02,2025-04-01,outflow,Payroll,204106.78
CT-001275,COMP-02,2025-04-02,inflow,Revenue/Collections,352085.64
CT-001276,COMP-02,2025-04-02,outflow,Payroll,220020.9
CT-001277,COMP-02,2025-04-03,inflow,Revenue/Collections,420120.66
CT-001278,COMP-02,2025-04-03,outflow,Payroll,239123.02
CT-001279,COMP-02,2025-04-04,inflow,Revenue/Collections,426034.24
CT-001280,COMP-02,2025-04-04,outflow,Vendor Payments,219332.94
CT-001281,COMP-02,2025-04-05,inflow,Revenue/Collections,141829.27
CT-001282,COMP-02,2025-04-05,outflow,Operating Expenses,105423.63
CT-001283,COMP-02,2025-04-06,inflow,Revenue/Collections,154597.15
CT-001284,COMP-02,2025-04-06,outflow,Payroll,70126.24
CT-001285,COMP-02,2025-04-07,inflow,Revenue/Collections,357893.88
CT-001286,COMP-02,2025-04-07,outflow,Operating Expenses,259233.41
CT-001287,COMP-02,2025-04-08,inflow,Revenue/Collections,338077.0
CT-001288,COMP-02,2025-04-08,outflow,Operating Expenses,231795.41
CT-001289,COMP-02,2025-04-09,inflow,Revenue/Collections,355007.18
CT-001290,COMP-02,2025-04-09,outflow,Operating Expenses,270637.57
CT-001291,COMP-02,2025-04-10,inflow,Revenue/Collections,344790.03
CT-001292,COMP-02,2025-04-10,outflow,Operating Expenses,260791.6
CT-001293,COMP-02,2025-04-11,inflow,Revenue/Collections,328168.3
CT-001294,COMP-02,2025-04-11,outflow,Operating Expenses,255869.76
CT-001295,COMP-02,2025-04-12,inflow,Revenue/Collections,157741.12
CT-001296,COMP-02,2025-04-12,outflow,Operating Expenses,52994.59
CT-001297,COMP-02,2025-04-13,inflow,Revenue/Collections,170962.92
CT-001298,COMP-02,2025-04-13,outflow,Payroll,62901.07
CT-001299,COMP-02,2025-04-14,inflow,Revenue/Collections,320825.37
CT-001300,COMP-02,2025-04-14,outflow,Payroll,248351.46
CT-001301,COMP-02,2025-04-15,inflow,Revenue/Collections,355815.45
CT-001302,COMP-02,2025-04-15,outflow,Operating Expenses,246192.3
CT-001303,COMP-02,2025-04-16,inflow,Revenue/Collections,318784.55
CT-001304,COMP-02,2025-04-16,outflow,Vendor Payments,205769.21
CT-001305,COMP-02,2025-04-17,inflow,Revenue/Collections,363261.78
CT-001306,COMP-02,2025-04-17,outflow,Operating Expenses,209310.34
CT-001307,COMP-02,2025-04-18,inflow,Revenue/Collections,368871.93
CT-001308,COMP-02,2025-04-18,outflow,Vendor Payments,238886.55
CT-001309,COMP-02,2025-04-19,inflow,Revenue/Collections,145425.36
CT-001310,COMP-02,2025-04-19,outflow,Vendor Payments,81049.3
CT-001311,COMP-02,2025-04-20,inflow,Revenue/Collections,142439.78
CT-001312,COMP-02,2025-04-20,outflow,Operating Expenses,69061.12
CT-001313,COMP-02,2025-04-21,inflow,Revenue/Collections,334494.3
CT-001314,COMP-02,2025-04-21,outflow,Operating Expenses,230547.2
CT-001315,COMP-02,2025-04-22,inflow,Revenue/Collections,332122.23
CT-001316,COMP-02,2025-04-22,outflow,Vendor Payments,248582.8
CT-001317,COMP-02,2025-04-23,inflow,Revenue/Collections,319223.92
CT-001318,COMP-02,2025-04-23,outflow,Payroll,270862.46
CT-001319,COMP-02,2025-04-24,inflow,Revenue/Collections,311228.33
CT-001320,COMP-02,2025-04-24,outflow,Payroll,207247.72
CT-001321,COMP-02,2025-04-25,inflow,Revenue/Collections,336296.28
CT-001322,COMP-02,2025-04-25,outflow,Payroll,219823.74
CT-001323,COMP-02,2025-04-26,inflow,Revenue/Collections,119617.86
CT-001324,COMP-02,2025-04-26,outflow,Vendor Payments,124204.06
CT-001325,COMP-02,2025-04-27,inflow,Revenue/Collections,123304.29
CT-001326,COMP-02,2025-04-27,outflow,Payroll,77482.81
CT-001327,COMP-02,2025-04-28,inflow,Revenue/Collections,332840.69
CT-001328,COMP-02,2025-04-28,outflow,Vendor Payments,406369.97
CT-001329,COMP-02,2025-04-29,inflow,Revenue/Collections,343946.21
CT-001330,COMP-02,2025-04-29,outflow,Payroll,391070.74
CT-001331,COMP-02,2025-04-30,inflow,Revenue/Collections,306062.1
CT-001332,COMP-02,2025-04-30,outflow,Vendor Payments,351589.62
CT-001333,COMP-02,2025-05-01,inflow,Revenue/Collections,448491.39
CT-001334,COMP-02,2025-05-01,outflow,Operating Expenses,255564.91
CT-001335,COMP-02,2025-05-02,inflow,Revenue/Collections,393356.27
CT-001336,COMP-02,2025-05-02,outflow,Operating Expenses,249439.94
CT-001337,COMP-02,2025-05-03,inflow,Revenue/Collections,148151.83
CT-001338,COMP-02,2025-05-03,outflow,Payroll,98379.2
CT-001339,COMP-02,2025-05-04,inflow,Revenue/Collections,150464.73
CT-001340,COMP-02,2025-05-04,outflow,Operating Expenses,66588.3
CT-001341,COMP-02,2025-05-05,inflow,Revenue/Collections,409820.32
CT-001342,COMP-02,2025-05-05,outflow,Operating Expenses,269017.21
CT-001343,COMP-02,2025-05-06,inflow,Revenue/Collections,316858.16
CT-001344,COMP-02,2025-05-06,outflow,Payroll,269566.31
CT-001345,COMP-02,2025-05-07,inflow,Revenue/Collections,313763.17
CT-001346,COMP-02,2025-05-07,outflow,Vendor Payments,250700.33
CT-001347,COMP-02,2025-05-08,inflow,Revenue/Collections,328909.15
CT-001348,COMP-02,2025-05-08,outflow,Vendor Payments,279300.89
CT-001349,COMP-02,2025-05-09,inflow,Revenue/Collections,330253.01
CT-001350,COMP-02,2025-05-09,outflow,Payroll,231768.64
CT-001351,COMP-02,2025-05-10,inflow,Revenue/Collections,134801.68
CT-001352,COMP-02,2025-05-10,outflow,Operating Expenses,67871.74
CT-001353,COMP-02,2025-05-11,inflow,Revenue/Collections,165519.69
CT-001354,COMP-02,2025-05-11,outflow,Vendor Payments,58197.87
CT-001355,COMP-02,2025-05-12,inflow,Revenue/Collections,366562.7
CT-001356,COMP-02,2025-05-12,outflow,Operating Expenses,269716.45
CT-001357,COMP-02,2025-05-13,inflow,Revenue/Collections,315676.45
CT-001358,COMP-02,2025-05-13,outflow,Operating Expenses,219214.18
CT-001359,COMP-02,2025-05-14,inflow,Revenue/Collections,311019.38
CT-001360,COMP-02,2025-05-14,outflow,Payroll,258897.57
CT-001361,COMP-02,2025-05-15,inflow,Revenue/Collections,319528.18
CT-001362,COMP-02,2025-05-15,outflow,Vendor Payments,211637.12
CT-001363,COMP-02,2025-05-16,inflow,Revenue/Collections,359765.38
CT-001364,COMP-02,2025-05-16,outflow,Payroll,223281.15
CT-001365,COMP-02,2025-05-17,inflow,Revenue/Collections,110429.83
CT-001366,COMP-02,2025-05-17,outflow,Operating Expenses,87633.3
CT-001367,COMP-02,2025-05-18,inflow,Revenue/Collections,168648.35
CT-001368,COMP-02,2025-05-18,outflow,Vendor Payments,61290.97
CT-001369,COMP-02,2025-05-19,inflow,Revenue/Collections,324728.35
CT-001370,COMP-02,2025-05-19,outflow,Operating Expenses,281744.27
CT-001371,COMP-02,2025-05-20,inflow,Revenue/Collections,327389.68
CT-001372,COMP-02,2025-05-20,outflow,Payroll,216735.9
CT-001373,COMP-02,2025-05-21,inflow,Revenue/Collections,338422.51
CT-001374,COMP-02,2025-05-21,outflow,Payroll,237175.27
CT-001375,COMP-02,2025-05-22,inflow,Revenue/Collections,338138.02
CT-001376,COMP-02,2025-05-22,outflow,Payroll,259458.12
CT-001377,COMP-02,2025-05-23,inflow,Revenue/Collections,323370.8
CT-001378,COMP-02,2025-05-23,outflow,Operating Expenses,251682.9
CT-001379,COMP-02,2025-05-24,inflow,Revenue/Collections,116380.56
CT-001380,COMP-02,2025-05-24,outflow,Vendor Payments,64909.52
CT-001381,COMP-02,2025-05-25,inflow,Revenue/Collections,135473.69
CT-001382,COMP-02,2025-05-25,outflow,Vendor Payments,51146.74
CT-001383,COMP-02,2025-05-26,inflow,Revenue/Collections,337620.72
CT-001384,COMP-02,2025-05-26,outflow,Vendor Payments,374847.05
CT-001385,COMP-02,2025-05-27,inflow,Revenue/Collections,346041.89
CT-001386,COMP-02,2025-05-27,outflow,Vendor Payments,399661.78
CT-001387,COMP-02,2025-05-28,inflow,Revenue/Collections,357282.01
CT-001388,COMP-02,2025-05-28,outflow,Operating Expenses,322398.92
CT-001389,COMP-02,2025-05-29,inflow,Revenue/Collections,319062.32
CT-001390,COMP-02,2025-05-29,outflow,Vendor Payments,407373.73
CT-001391,COMP-02,2025-05-30,inflow,Revenue/Collections,317480.11
CT-001392,COMP-02,2025-05-30,outflow,Payroll,442858.36
CT-001393,COMP-02,2025-05-31,inflow,Revenue/Collections,139073.93
CT-001394,COMP-02,2025-05-31,outflow,Vendor Payments,101612.89
CT-001395,COMP-02,2025-06-01,inflow,Revenue/Collections,136540.88
CT-001396,COMP-02,2025-06-01,outflow,Payroll,71761.63
CT-001397,COMP-02,2025-06-02,inflow,Revenue/Collections,389214.37
CT-001398,COMP-02,2025-06-02,outflow,Vendor Payments,230961.62
CT-001399,COMP-02,2025-06-03,inflow,Revenue/Collections,385440.31
CT-001400,COMP-02,2025-06-03,outflow,Payroll,228468.51
CT-001401,COMP-02,2025-06-04,inflow,Revenue/Collections,411846.09
CT-001402,COMP-02,2025-06-04,outflow,Vendor Payments,280716.05
CT-001403,COMP-02,2025-06-05,inflow,Revenue/Collections,416360.83
CT-001404,COMP-02,2025-06-05,outflow,Vendor Payments,277462.07
CT-001405,COMP-02,2025-06-06,inflow,Revenue/Collections,345738.44
CT-001406,COMP-02,2025-06-06,outflow,Vendor Payments,254180.12
CT-001407,COMP-02,2025-06-07,inflow,Revenue/Collections,106878.07
CT-001408,COMP-02,2025-06-07,outflow,Vendor Payments,80683.41
CT-001409,COMP-02,2025-06-08,inflow,Revenue/Collections,104885.6
CT-001410,COMP-02,2025-06-08,outflow,Payroll,108851.65
CT-001411,COMP-02,2025-06-09,inflow,Revenue/Collections,376257.78
CT-001412,COMP-02,2025-06-09,outflow,Vendor Payments,233066.24
CT-001413,COMP-02,2025-06-10,inflow,Revenue/Collections,361676.25
CT-001414,COMP-02,2025-06-10,outflow,Vendor Payments,262245.12
CT-001415,COMP-02,2025-06-11,inflow,Revenue/Collections,336657.56
CT-001416,COMP-02,2025-06-11,outflow,Vendor Payments,228961.8
CT-001417,COMP-02,2025-06-12,inflow,Revenue/Collections,358729.15
CT-001418,COMP-02,2025-06-12,outflow,Vendor Payments,274731.37
CT-001419,COMP-02,2025-06-13,inflow,Revenue/Collections,377670.68
CT-001420,COMP-02,2025-06-13,outflow,Vendor Payments,253675.31
CT-001421,COMP-02,2025-06-14,inflow,Revenue/Collections,163450.25
CT-001422,COMP-02,2025-06-14,outflow,Vendor Payments,83344.72
CT-001423,COMP-02,2025-06-15,inflow,Revenue/Collections,115947.01
CT-001424,COMP-02,2025-06-15,outflow,Vendor Payments,67156.16
CT-001425,COMP-02,2025-06-16,inflow,Revenue/Collections,372545.25
CT-001426,COMP-02,2025-06-16,outflow,Vendor Payments,285539.84
CT-001427,COMP-02,2025-06-17,inflow,Revenue/Collections,355091.05
CT-001428,COMP-02,2025-06-17,outflow,Payroll,279344.03
CT-001429,COMP-02,2025-06-18,inflow,Revenue/Collections,363985.23
CT-001430,COMP-02,2025-06-18,outflow,Vendor Payments,249572.4
CT-001431,COMP-02,2025-06-19,inflow,Revenue/Collections,327820.33
CT-001432,COMP-02,2025-06-19,outflow,Payroll,274790.17
CT-001433,COMP-02,2025-06-20,inflow,Revenue/Collections,326298.57
CT-001434,COMP-02,2025-06-20,outflow,Operating Expenses,258195.71
CT-001435,COMP-02,2025-06-21,inflow,Revenue/Collections,126003.73
CT-001436,COMP-02,2025-06-21,outflow,Vendor Payments,61208.75
CT-001437,COMP-02,2025-06-22,inflow,Revenue/Collections,128991.36
CT-001438,COMP-02,2025-06-22,outflow,Payroll,77726.67
CT-001439,COMP-02,2025-06-23,inflow,Revenue/Collections,378596.72
CT-001440,COMP-02,2025-06-23,outflow,Operating Expenses,245364.3
CT-001441,COMP-02,2025-06-24,inflow,Revenue/Collections,319560.97
CT-001442,COMP-02,2025-06-24,outflow,Vendor Payments,288046.94
CT-001443,COMP-02,2025-06-25,inflow,Revenue/Collections,321093.91
CT-001444,COMP-02,2025-06-25,outflow,Payroll,263327.44
CT-001445,COMP-02,2025-06-26,inflow,Revenue/Collections,319726.6
CT-001446,COMP-02,2025-06-26,outflow,Vendor Payments,410893.49
CT-001447,COMP-02,2025-06-27,inflow,Revenue/Collections,326432.25
CT-001448,COMP-02,2025-06-27,outflow,Payroll,481366.63
CT-001449,COMP-02,2025-06-28,inflow,Revenue/Collections,165570.62
CT-001450,COMP-02,2025-06-28,outflow,Payroll,86468.41
CT-001451,COMP-02,2025-06-29,inflow,Revenue/Collections,137493.27
CT-001452,COMP-02,2025-06-29,outflow,Vendor Payments,129151.87
CT-001453,COMP-02,2025-06-30,inflow,Revenue/Collections,348261.75
CT-001454,COMP-02,2025-06-30,outflow,Operating Expenses,386844.86
CT-001455,COMP-02,2025-07-01,inflow,Revenue/Collections,384997.51
CT-001456,COMP-02,2025-07-01,outflow,Vendor Payments,268791.89
CT-001457,COMP-02,2025-07-02,inflow,Revenue/Collections,383490.31
CT-001458,COMP-02,2025-07-02,outflow,Vendor Payments,263536.71
CT-001459,COMP-02,2025-07-03,inflow,Revenue/Collections,383292.96
CT-001460,COMP-02,2025-07-03,outflow,Vendor Payments,255438.56
CT-001461,COMP-02,2025-07-04,inflow,Revenue/Collections,474985.25
CT-001462,COMP-02,2025-07-04,outflow,Payroll,217185.89
CT-001463,COMP-02,2025-07-05,inflow,Revenue/Collections,117413.24
CT-001464,COMP-02,2025-07-05,outflow,Payroll,57263.76
CT-001465,COMP-02,2025-07-06,inflow,Revenue/Collections,164434.95
CT-001466,COMP-02,2025-07-06,outflow,Vendor Payments,61432.79
CT-001467,COMP-02,2025-07-07,inflow,Revenue/Collections,362223.48
CT-001468,COMP-02,2025-07-07,outflow,Vendor Payments,257642.02
CT-001469,COMP-02,2025-07-08,inflow,Revenue/Collections,339891.54
CT-001470,COMP-02,2025-07-08,outflow,Payroll,230399.04
CT-001471,COMP-02,2025-07-09,inflow,Revenue/Collections,335520.94
CT-001472,COMP-02,2025-07-09,outflow,Payroll,269424.78
CT-001473,COMP-02,2025-07-10,inflow,Revenue/Collections,371778.68
CT-001474,COMP-02,2025-07-10,outflow,Payroll,270587.96
CT-001475,COMP-02,2025-07-11,inflow,Revenue/Collections,380781.93
CT-001476,COMP-02,2025-07-11,outflow,Payroll,278117.01
CT-001477,COMP-02,2025-07-12,inflow,Revenue/Collections,152463.61
CT-001478,COMP-02,2025-07-12,outflow,Payroll,85025.8
CT-001479,COMP-02,2025-07-13,inflow,Revenue/Collections,166011.06
CT-001480,COMP-02,2025-07-13,outflow,Payroll,101998.0
CT-001481,COMP-02,2025-07-14,inflow,Revenue/Collections,329592.9
CT-001482,COMP-02,2025-07-14,outflow,Vendor Payments,272896.91
CT-001483,COMP-02,2025-07-15,inflow,Revenue/Collections,373867.72
CT-001484,COMP-02,2025-07-15,outflow,Vendor Payments,217687.38
CT-001485,COMP-02,2025-07-16,inflow,Revenue/Collections,386118.45
CT-001486,COMP-02,2025-07-16,outflow,Operating Expenses,278308.79
CT-001487,COMP-02,2025-07-17,inflow,Revenue/Collections,381039.18
CT-001488,COMP-02,2025-07-17,outflow,Vendor Payments,224056.43
CT-001489,COMP-02,2025-07-18,inflow,Revenue/Collections,384317.27
CT-001490,COMP-02,2025-07-18,outflow,Vendor Payments,242752.82
CT-001491,COMP-02,2025-07-19,inflow,Revenue/Collections,126280.58
CT-001492,COMP-02,2025-07-19,outflow,Payroll,57554.09
CT-001493,COMP-02,2025-07-20,inflow,Revenue/Collections,134105.1
CT-001494,COMP-02,2025-07-20,outflow,Payroll,111997.0
CT-001495,COMP-02,2025-07-21,inflow,Revenue/Collections,369228.4
CT-001496,COMP-02,2025-07-21,outflow,Payroll,275044.21
CT-001497,COMP-02,2025-07-22,inflow,Revenue/Collections,384926.52
CT-001498,COMP-02,2025-07-22,outflow,Vendor Payments,281305.88
CT-001499,COMP-02,2025-07-23,inflow,Revenue/Collections,345697.56
CT-001500,COMP-02,2025-07-23,outflow,Payroll,279481.76
CT-001501,COMP-02,2025-07-24,inflow,Revenue/Collections,353284.67
CT-001502,COMP-02,2025-07-24,outflow,Vendor Payments,230541.21
CT-001503,COMP-02,2025-07-25,inflow,Revenue/Collections,356181.07
CT-001504,COMP-02,2025-07-25,outflow,Payroll,223911.59
CT-001505,COMP-02,2025-07-26,inflow,Revenue/Collections,174000.66
CT-001506,COMP-02,2025-07-26,outflow,Payroll,119359.5
CT-001507,COMP-02,2025-07-27,inflow,Revenue/Collections,140272.59
CT-001508,COMP-02,2025-07-27,outflow,Vendor Payments,89090.01
CT-001509,COMP-02,2025-07-28,inflow,Revenue/Collections,384192.68
CT-001510,COMP-02,2025-07-28,outflow,Vendor Payments,540538.0
CT-001511,COMP-02,2025-07-29,inflow,Revenue/Collections,337544.44
CT-001512,COMP-02,2025-07-29,outflow,Operating Expenses,434318.97
CT-001513,COMP-02,2025-07-30,inflow,Revenue/Collections,346478.17
CT-001514,COMP-02,2025-07-30,outflow,Operating Expenses,418849.99
CT-001515,COMP-02,2025-07-31,inflow,Revenue/Collections,333239.08
CT-001516,COMP-02,2025-07-31,outflow,Payroll,381590.7
CT-001517,COMP-02,2025-08-01,inflow,Revenue/Collections,470491.6
CT-001518,COMP-02,2025-08-01,outflow,Vendor Payments,262353.66
CT-001519,COMP-02,2025-08-02,inflow,Revenue/Collections,180954.7
CT-001520,COMP-02,2025-08-02,outflow,Operating Expenses,116195.76
CT-001521,COMP-02,2025-08-03,inflow,Revenue/Collections,136729.19
CT-001522,COMP-02,2025-08-03,outflow,Vendor Payments,62591.8
CT-001523,COMP-02,2025-08-04,inflow,Revenue/Collections,438029.56
CT-001524,COMP-02,2025-08-04,outflow,Payroll,234973.19
CT-001525,COMP-02,2025-08-05,inflow,Revenue/Collections,411490.14
CT-001526,COMP-02,2025-08-05,outflow,Vendor Payments,254386.31
CT-001527,COMP-02,2025-08-06,inflow,Revenue/Collections,389316.17
CT-001528,COMP-02,2025-08-06,outflow,Vendor Payments,296103.72
CT-001529,COMP-02,2025-08-07,inflow,Revenue/Collections,385612.94
CT-001530,COMP-02,2025-08-07,outflow,Vendor Payments,231877.87
CT-001531,COMP-02,2025-08-08,inflow,Revenue/Collections,358494.41
CT-001532,COMP-02,2025-08-08,outflow,Operating Expenses,291204.64
CT-001533,COMP-02,2025-08-09,inflow,Revenue/Collections,131981.49
CT-001534,COMP-02,2025-08-09,outflow,Operating Expenses,92883.79
CT-001535,COMP-02,2025-08-10,inflow,Revenue/Collections,151628.3
CT-001536,COMP-02,2025-08-10,outflow,Operating Expenses,65109.73
CT-001537,COMP-02,2025-08-11,inflow,Revenue/Collections,361547.4
CT-001538,COMP-02,2025-08-11,outflow,Operating Expenses,281833.04
CT-001539,COMP-02,2025-08-12,inflow,Revenue/Collections,396978.37
CT-001540,COMP-02,2025-08-12,outflow,Operating Expenses,286655.68
CT-001541,COMP-02,2025-08-13,inflow,Revenue/Collections,366601.22
CT-001542,COMP-02,2025-08-13,outflow,Operating Expenses,224514.07
CT-001543,COMP-02,2025-08-14,inflow,Revenue/Collections,333078.52
CT-001544,COMP-02,2025-08-14,outflow,Operating Expenses,253370.4
CT-001545,COMP-02,2025-08-15,inflow,Revenue/Collections,374423.86
CT-001546,COMP-02,2025-08-15,outflow,Vendor Payments,280149.19
CT-001547,COMP-02,2025-08-16,inflow,Revenue/Collections,135958.03
CT-001548,COMP-02,2025-08-16,outflow,Operating Expenses,95975.66
CT-001549,COMP-02,2025-08-17,inflow,Revenue/Collections,142791.44
CT-001550,COMP-02,2025-08-17,outflow,Operating Expenses,48939.15
CT-001551,COMP-02,2025-08-18,inflow,Revenue/Collections,363244.37
CT-001552,COMP-02,2025-08-18,outflow,Payroll,256083.68
CT-001553,COMP-02,2025-08-19,inflow,Revenue/Collections,391281.67
CT-001554,COMP-02,2025-08-19,outflow,Payroll,296873.52
CT-001555,COMP-02,2025-08-20,inflow,Revenue/Collections,383011.93
CT-001556,COMP-02,2025-08-20,outflow,Vendor Payments,255910.61
CT-001557,COMP-02,2025-08-21,inflow,Revenue/Collections,368830.8
CT-001558,COMP-02,2025-08-21,outflow,Vendor Payments,237729.31
CT-001559,COMP-02,2025-08-22,inflow,Revenue/Collections,381965.08
CT-001560,COMP-02,2025-08-22,outflow,Payroll,266155.61
CT-001561,COMP-02,2025-08-23,inflow,Revenue/Collections,148585.08
CT-001562,COMP-02,2025-08-23,outflow,Operating Expenses,80406.32
CT-001563,COMP-02,2025-08-24,inflow,Revenue/Collections,141597.21
CT-001564,COMP-02,2025-08-24,outflow,Vendor Payments,66503.87
CT-001565,COMP-02,2025-08-25,inflow,Revenue/Collections,387801.98
CT-001566,COMP-02,2025-08-25,outflow,Payroll,286301.57
CT-001567,COMP-02,2025-08-26,inflow,Revenue/Collections,361123.67
CT-001568,COMP-02,2025-08-26,outflow,Payroll,395456.65
CT-001569,COMP-02,2025-08-27,inflow,Revenue/Collections,378441.49
CT-001570,COMP-02,2025-08-27,outflow,Operating Expenses,471287.57
CT-001571,COMP-02,2025-08-28,inflow,Revenue/Collections,335500.4
CT-001572,COMP-02,2025-08-28,outflow,Payroll,352498.48
CT-001573,COMP-02,2025-08-29,inflow,Revenue/Collections,386529.21
CT-001574,COMP-02,2025-08-29,outflow,Payroll,543376.68
CT-001575,COMP-02,2025-08-30,inflow,Revenue/Collections,160504.91
CT-001576,COMP-02,2025-08-30,outflow,Vendor Payments,168150.28
CT-001577,COMP-02,2025-08-31,inflow,Revenue/Collections,137610.91
CT-001578,COMP-02,2025-08-31,outflow,Operating Expenses,133457.21
CT-001579,COMP-02,2025-09-01,inflow,Revenue/Collections,403390.16
CT-001580,COMP-02,2025-09-01,outflow,Operating Expenses,236346.46
CT-001581,COMP-02,2025-09-02,inflow,Revenue/Collections,472777.6
CT-001582,COMP-02,2025-09-02,outflow,Vendor Payments,262279.37
CT-001583,COMP-02,2025-09-03,inflow,Revenue/Collections,415703.55
CT-001584,COMP-02,2025-09-03,outflow,Payroll,247950.98
CT-001585,COMP-02,2025-09-04,inflow,Revenue/Collections,496095.86
CT-001586,COMP-02,2025-09-04,outflow,Payroll,267347.11
CT-001587,COMP-02,2025-09-05,inflow,Revenue/Collections,402138.71
CT-001588,COMP-02,2025-09-05,outflow,Payroll,233284.19
CT-001589,COMP-02,2025-09-06,inflow,Revenue/Collections,117605.43
CT-001590,COMP-02,2025-09-06,outflow,Payroll,79916.99
CT-001591,COMP-02,2025-09-07,inflow,Revenue/Collections,113611.14
CT-001592,COMP-02,2025-09-07,outflow,Operating Expenses,89242.61
CT-001593,COMP-02,2025-09-08,inflow,Revenue/Collections,373599.73
CT-001594,COMP-02,2025-09-08,outflow,Operating Expenses,236836.24
CT-001595,COMP-02,2025-09-09,inflow,Revenue/Collections,341293.34
CT-001596,COMP-02,2025-09-09,outflow,Operating Expenses,248729.95
CT-001597,COMP-02,2025-09-10,inflow,Revenue/Collections,340915.31
CT-001598,COMP-02,2025-09-10,outflow,Operating Expenses,247245.91
CT-001599,COMP-02,2025-09-11,inflow,Revenue/Collections,404780.79
CT-001600,COMP-02,2025-09-11,outflow,Operating Expenses,254094.07
CT-001601,COMP-02,2025-09-12,inflow,Revenue/Collections,353718.78
CT-001602,COMP-02,2025-09-12,outflow,Operating Expenses,299609.56
CT-001603,COMP-02,2025-09-13,inflow,Revenue/Collections,128018.98
CT-001604,COMP-02,2025-09-13,outflow,Vendor Payments,55427.19
CT-001605,COMP-02,2025-09-14,inflow,Revenue/Collections,117301.87
CT-001606,COMP-02,2025-09-14,outflow,Operating Expenses,78287.96
CT-001607,COMP-02,2025-09-15,inflow,Revenue/Collections,402193.55
CT-001608,COMP-02,2025-09-15,outflow,Vendor Payments,234345.88
CT-001609,COMP-02,2025-09-16,inflow,Revenue/Collections,371651.27
CT-001610,COMP-02,2025-09-16,outflow,Vendor Payments,255080.27
CT-001611,COMP-02,2025-09-17,inflow,Revenue/Collections,390236.33
CT-001612,COMP-02,2025-09-17,outflow,Payroll,285964.23
CT-001613,COMP-02,2025-09-18,inflow,Revenue/Collections,373523.28
CT-001614,COMP-02,2025-09-18,outflow,Vendor Payments,268457.31
CT-001615,COMP-02,2025-09-19,inflow,Revenue/Collections,372816.04
CT-001616,COMP-02,2025-09-19,outflow,Payroll,232002.01
CT-001617,COMP-02,2025-09-20,inflow,Revenue/Collections,178548.95
CT-001618,COMP-02,2025-09-20,outflow,Vendor Payments,58638.78
CT-001619,COMP-02,2025-09-21,inflow,Revenue/Collections,146654.33
CT-001620,COMP-02,2025-09-21,outflow,Payroll,87565.15
CT-001621,COMP-02,2025-09-22,inflow,Revenue/Collections,382865.47
CT-001622,COMP-02,2025-09-22,outflow,Vendor Payments,237898.85
CT-001623,COMP-02,2025-09-23,inflow,Revenue/Collections,375167.48
CT-001624,COMP-02,2025-09-23,outflow,Vendor Payments,260064.53
CT-001625,COMP-02,2025-09-24,inflow,Revenue/Collections,397892.19
CT-001626,COMP-02,2025-09-24,outflow,Vendor Payments,302899.76
CT-001627,COMP-02,2025-09-25,inflow,Revenue/Collections,392749.11
CT-001628,COMP-02,2025-09-25,outflow,Operating Expenses,242832.69
CT-001629,COMP-02,2025-09-26,inflow,Revenue/Collections,403894.0
CT-001630,COMP-02,2025-09-26,outflow,Operating Expenses,352441.29
CT-001631,COMP-02,2025-09-27,inflow,Revenue/Collections,152100.49
CT-001632,COMP-02,2025-09-27,outflow,Operating Expenses,113500.99
CT-001633,COMP-02,2025-09-28,inflow,Revenue/Collections,138128.71
CT-001634,COMP-02,2025-09-28,outflow,Payroll,124691.97
CT-001635,COMP-02,2025-09-29,inflow,Revenue/Collections,394528.91
CT-001636,COMP-02,2025-09-29,outflow,Operating Expenses,463108.36
CT-001637,COMP-02,2025-09-30,inflow,Revenue/Collections,345965.48
CT-001638,COMP-02,2025-09-30,outflow,Vendor Payments,496755.88
CT-001639,COMP-02,2025-10-01,inflow,Revenue/Collections,432994.35
CT-001640,COMP-02,2025-10-01,outflow,Operating Expenses,246762.09
CT-001641,COMP-02,2025-10-02,inflow,Revenue/Collections,504983.72
CT-001642,COMP-02,2025-10-02,outflow,Payroll,231021.52
CT-001643,COMP-02,2025-10-03,inflow,Revenue/Collections,518922.86
CT-001644,COMP-02,2025-10-03,outflow,Operating Expenses,263829.7
CT-001645,COMP-02,2025-10-04,inflow,Revenue/Collections,173394.62
CT-001646,COMP-02,2025-10-04,outflow,Payroll,70874.79
CT-001647,COMP-02,2025-10-05,inflow,Revenue/Collections,246913.03
CT-001648,COMP-02,2025-10-05,outflow,Operating Expenses,78169.53
CT-001649,COMP-02,2025-10-06,inflow,Revenue/Collections,391776.9
CT-001650,COMP-02,2025-10-06,outflow,Payroll,305983.01
CT-001651,COMP-02,2025-10-07,inflow,Revenue/Collections,352133.04
CT-001652,COMP-02,2025-10-07,outflow,Vendor Payments,255878.52
CT-001653,COMP-02,2025-10-08,inflow,Revenue/Collections,368317.5
CT-001654,COMP-02,2025-10-08,outflow,Payroll,299775.8
CT-001655,COMP-02,2025-10-09,inflow,Revenue/Collections,371537.83
CT-001656,COMP-02,2025-10-09,outflow,Operating Expenses,269173.48
CT-001657,COMP-02,2025-10-10,inflow,Revenue/Collections,404994.09
CT-001658,COMP-02,2025-10-10,outflow,Payroll,295956.87
CT-001659,COMP-02,2025-10-11,inflow,Revenue/Collections,133582.27
CT-001660,COMP-02,2025-10-11,outflow,Vendor Payments,67473.13
CT-001661,COMP-02,2025-10-12,inflow,Revenue/Collections,134935.05
CT-001662,COMP-02,2025-10-12,outflow,Operating Expenses,56771.66
CT-001663,COMP-02,2025-10-13,inflow,Revenue/Collections,360967.45
CT-001664,COMP-02,2025-10-13,outflow,Operating Expenses,297146.03
CT-001665,COMP-02,2025-10-14,inflow,Revenue/Collections,354618.97
CT-001666,COMP-02,2025-10-14,outflow,Vendor Payments,256738.09
CT-001667,COMP-02,2025-10-15,inflow,Revenue/Collections,407272.84
CT-001668,COMP-02,2025-10-15,outflow,Operating Expenses,230332.55
CT-001669,COMP-02,2025-10-16,inflow,Revenue/Collections,398464.0
CT-001670,COMP-02,2025-10-16,outflow,Operating Expenses,231806.37
CT-001671,COMP-02,2025-10-17,inflow,Revenue/Collections,343632.28
CT-001672,COMP-02,2025-10-17,outflow,Vendor Payments,260090.82
CT-001673,COMP-02,2025-10-18,inflow,Revenue/Collections,115139.4
CT-001674,COMP-02,2025-10-18,outflow,Operating Expenses,53985.03
CT-001675,COMP-02,2025-10-19,inflow,Revenue/Collections,112319.95
CT-001676,COMP-02,2025-10-19,outflow,Payroll,111983.79
CT-001677,COMP-02,2025-10-20,inflow,Revenue/Collections,355467.79
CT-001678,COMP-02,2025-10-20,outflow,Payroll,238219.49
CT-001679,COMP-02,2025-10-21,inflow,Revenue/Collections,405410.99
CT-001680,COMP-02,2025-10-21,outflow,Vendor Payments,238873.73
CT-001681,COMP-02,2025-10-22,inflow,Revenue/Collections,384641.09
CT-001682,COMP-02,2025-10-22,outflow,Payroll,239028.59
CT-001683,COMP-02,2025-10-23,inflow,Revenue/Collections,383098.9
CT-001684,COMP-02,2025-10-23,outflow,Operating Expenses,291121.56
CT-001685,COMP-02,2025-10-24,inflow,Revenue/Collections,377231.76
CT-001686,COMP-02,2025-10-24,outflow,Operating Expenses,308040.8
CT-001687,COMP-02,2025-10-25,inflow,Revenue/Collections,141002.36
CT-001688,COMP-02,2025-10-25,outflow,Operating Expenses,71016.89
CT-001689,COMP-02,2025-10-26,inflow,Revenue/Collections,144930.18
CT-001690,COMP-02,2025-10-26,outflow,Payroll,168866.38
CT-001691,COMP-02,2025-10-27,inflow,Revenue/Collections,369469.35
CT-001692,COMP-02,2025-10-27,outflow,Payroll,441884.9
CT-001693,COMP-02,2025-10-28,inflow,Revenue/Collections,366314.68
CT-001694,COMP-02,2025-10-28,outflow,Vendor Payments,427633.52
CT-001695,COMP-02,2025-10-29,inflow,Revenue/Collections,379218.84
CT-001696,COMP-02,2025-10-29,outflow,Vendor Payments,545644.48
CT-001697,COMP-02,2025-10-30,inflow,Revenue/Collections,393453.22
CT-001698,COMP-02,2025-10-30,outflow,Operating Expenses,455763.06
CT-001699,COMP-02,2025-10-31,inflow,Revenue/Collections,362562.06
CT-001700,COMP-02,2025-10-31,outflow,Vendor Payments,439779.55
CT-001701,COMP-02,2025-11-01,inflow,Revenue/Collections,153694.29
CT-001702,COMP-02,2025-11-01,outflow,Vendor Payments,81236.93
CT-001703,COMP-02,2025-11-02,inflow,Revenue/Collections,161576.92
CT-001704,COMP-02,2025-11-02,outflow,Payroll,64016.28
CT-001705,COMP-02,2025-11-03,inflow,Revenue/Collections,469202.17
CT-001706,COMP-02,2025-11-03,outflow,Operating Expenses,241308.93
CT-001707,COMP-02,2025-11-04,inflow,Revenue/Collections,404520.46
CT-001708,COMP-02,2025-11-04,outflow,Operating Expenses,233807.05
CT-001709,COMP-02,2025-11-05,inflow,Revenue/Collections,491105.13
CT-001710,COMP-02,2025-11-05,outflow,Vendor Payments,233691.77
CT-001711,COMP-02,2025-11-06,inflow,Revenue/Collections,401231.69
CT-001712,COMP-02,2025-11-06,outflow,Operating Expenses,303388.74
CT-001713,COMP-02,2025-11-07,inflow,Revenue/Collections,382798.33
CT-001714,COMP-02,2025-11-07,outflow,Payroll,259382.38
CT-001715,COMP-02,2025-11-08,inflow,Revenue/Collections,154243.91
CT-001716,COMP-02,2025-11-08,outflow,Vendor Payments,94871.34
CT-001717,COMP-02,2025-11-09,inflow,Revenue/Collections,159518.43
CT-001718,COMP-02,2025-11-09,outflow,Vendor Payments,69834.91
CT-001719,COMP-02,2025-11-10,inflow,Revenue/Collections,363108.8
CT-001720,COMP-02,2025-11-10,outflow,Operating Expenses,253236.96
CT-001721,COMP-02,2025-11-11,inflow,Revenue/Collections,409199.54
CT-001722,COMP-02,2025-11-11,outflow,Payroll,274609.99
CT-001723,COMP-02,2025-11-12,inflow,Revenue/Collections,377796.15
CT-001724,COMP-02,2025-11-12,outflow,Vendor Payments,243437.36
CT-001725,COMP-02,2025-11-13,inflow,Revenue/Collections,368691.53
CT-001726,COMP-02,2025-11-13,outflow,Payroll,265362.36
CT-001727,COMP-02,2025-11-14,inflow,Revenue/Collections,370284.1
CT-001728,COMP-02,2025-11-14,outflow,Payroll,300577.88
CT-001729,COMP-02,2025-11-15,inflow,Revenue/Collections,150121.61
CT-001730,COMP-02,2025-11-15,outflow,Payroll,113526.71
CT-001731,COMP-02,2025-11-16,inflow,Revenue/Collections,171427.8
CT-001732,COMP-02,2025-11-16,outflow,Vendor Payments,106910.72
CT-001733,COMP-02,2025-11-17,inflow,Revenue/Collections,414324.81
CT-001734,COMP-02,2025-11-17,outflow,Operating Expenses,242366.1
CT-001735,COMP-02,2025-11-18,inflow,Revenue/Collections,377331.21
CT-001736,COMP-02,2025-11-18,outflow,Vendor Payments,237584.61
CT-001737,COMP-02,2025-11-19,inflow,Revenue/Collections,396274.57
CT-001738,COMP-02,2025-11-19,outflow,Payroll,263762.9
CT-001739,COMP-02,2025-11-20,inflow,Revenue/Collections,370175.63
CT-001740,COMP-02,2025-11-20,outflow,Vendor Payments,247150.48
CT-001741,COMP-02,2025-11-21,inflow,Revenue/Collections,346241.6
CT-001742,COMP-02,2025-11-21,outflow,Operating Expenses,259531.82
CT-001743,COMP-02,2025-11-22,inflow,Revenue/Collections,195892.64
CT-001744,COMP-02,2025-11-22,outflow,Payroll,75330.94
CT-001745,COMP-02,2025-11-23,inflow,Revenue/Collections,156131.1
CT-001746,COMP-02,2025-11-23,outflow,Vendor Payments,97776.65
CT-001747,COMP-02,2025-11-24,inflow,Revenue/Collections,379981.23
CT-001748,COMP-02,2025-11-24,outflow,Vendor Payments,243920.72
CT-001749,COMP-02,2025-11-25,inflow,Revenue/Collections,366584.96
CT-001750,COMP-02,2025-11-25,outflow,Vendor Payments,318228.93
CT-001751,COMP-02,2025-11-26,inflow,Revenue/Collections,362414.21
CT-001752,COMP-02,2025-11-26,outflow,Payroll,510338.91
CT-001753,COMP-02,2025-11-27,inflow,Revenue/Collections,368690.29
CT-001754,COMP-02,2025-11-27,outflow,Payroll,495895.95
CT-001755,COMP-02,2025-11-28,inflow,Revenue/Collections,398496.42
CT-001756,COMP-02,2025-11-28,outflow,Vendor Payments,509925.01
CT-001757,COMP-02,2025-11-29,inflow,Revenue/Collections,144800.71
CT-001758,COMP-02,2025-11-29,outflow,Vendor Payments,101900.64
CT-001759,COMP-02,2025-11-30,inflow,Revenue/Collections,152251.01
CT-001760,COMP-02,2025-11-30,outflow,Operating Expenses,121500.15
CT-001761,COMP-02,2025-12-01,inflow,Revenue/Collections,461566.76
CT-001762,COMP-02,2025-12-01,outflow,Vendor Payments,266762.23
CT-001763,COMP-02,2025-12-02,inflow,Revenue/Collections,422256.85
CT-001764,COMP-02,2025-12-02,outflow,Operating Expenses,301262.89
CT-001765,COMP-02,2025-12-03,inflow,Revenue/Collections,464018.62
CT-001766,COMP-02,2025-12-03,outflow,Operating Expenses,296204.58
CT-001767,COMP-02,2025-12-04,inflow,Revenue/Collections,445553.04
CT-001768,COMP-02,2025-12-04,outflow,Vendor Payments,271164.69
CT-001769,COMP-02,2025-12-05,inflow,Revenue/Collections,431612.06
CT-001770,COMP-02,2025-12-05,outflow,Operating Expenses,273147.78
CT-001771,COMP-02,2025-12-06,inflow,Revenue/Collections,117386.3
CT-001772,COMP-02,2025-12-06,outflow,Payroll,73674.79
CT-001773,COMP-02,2025-12-07,inflow,Revenue/Collections,160842.67
CT-001774,COMP-02,2025-12-07,outflow,Payroll,124342.06
CT-001775,COMP-02,2025-12-08,inflow,Revenue/Collections,402948.93
CT-001776,COMP-02,2025-12-08,outflow,Payroll,243917.16
CT-001777,COMP-02,2025-12-09,inflow,Revenue/Collections,376845.89
CT-001778,COMP-02,2025-12-09,outflow,Operating Expenses,242250.85
CT-001779,COMP-02,2025-12-10,inflow,Revenue/Collections,367445.79
CT-001780,COMP-02,2025-12-10,outflow,Operating Expenses,307257.46
CT-001781,COMP-02,2025-12-11,inflow,Revenue/Collections,358125.9
CT-001782,COMP-02,2025-12-11,outflow,Payroll,249172.61
CT-001783,COMP-02,2025-12-12,inflow,Revenue/Collections,364771.13
CT-001784,COMP-02,2025-12-12,outflow,Payroll,299651.03
CT-001785,COMP-02,2025-12-13,inflow,Revenue/Collections,159524.15
CT-001786,COMP-02,2025-12-13,outflow,Operating Expenses,65028.06
CT-001787,COMP-02,2025-12-14,inflow,Revenue/Collections,145829.9
CT-001788,COMP-02,2025-12-14,outflow,Vendor Payments,86971.72
CT-001789,COMP-02,2025-12-15,inflow,Revenue/Collections,409732.61
CT-001790,COMP-02,2025-12-15,outflow,Vendor Payments,271655.85
CT-001791,COMP-02,2025-12-16,inflow,Revenue/Collections,375810.49
CT-001792,COMP-02,2025-12-16,outflow,Operating Expenses,299761.55
CT-001793,COMP-02,2025-12-17,inflow,Revenue/Collections,411749.77
CT-001794,COMP-02,2025-12-17,outflow,Vendor Payments,306135.77
CT-001795,COMP-02,2025-12-18,inflow,Revenue/Collections,385866.5
CT-001796,COMP-02,2025-12-18,outflow,Vendor Payments,243725.74
CT-001797,COMP-02,2025-12-19,inflow,Revenue/Collections,382301.79
CT-001798,COMP-02,2025-12-19,outflow,Vendor Payments,297562.88
CT-001799,COMP-02,2025-12-20,inflow,Revenue/Collections,143745.7
CT-001800,COMP-02,2025-12-20,outflow,Vendor Payments,102856.33
CT-001801,COMP-02,2025-12-21,inflow,Revenue/Collections,129261.26
CT-001802,COMP-02,2025-12-21,outflow,Vendor Payments,75681.12
CT-001803,COMP-02,2025-12-22,inflow,Revenue/Collections,382016.17
CT-001804,COMP-02,2025-12-22,outflow,Vendor Payments,242930.34
CT-001805,COMP-02,2025-12-23,inflow,Revenue/Collections,403959.32
CT-001806,COMP-02,2025-12-23,outflow,Vendor Payments,265228.98
CT-001807,COMP-02,2025-12-24,inflow,Revenue/Collections,373680.84
CT-001808,COMP-02,2025-12-24,outflow,Payroll,263957.2
CT-001809,COMP-02,2025-12-25,inflow,Revenue/Collections,411694.79
CT-001810,COMP-02,2025-12-25,outflow,Payroll,277809.52
CT-001811,COMP-02,2025-12-26,inflow,Revenue/Collections,367153.71
CT-001812,COMP-02,2025-12-26,outflow,Operating Expenses,500419.89
CT-001813,COMP-02,2025-12-27,inflow,Revenue/Collections,181296.76
CT-001814,COMP-02,2025-12-27,outflow,Operating Expenses,114790.28
CT-001815,COMP-02,2025-12-28,inflow,Revenue/Collections,182787.33
CT-001816,COMP-02,2025-12-28,outflow,Operating Expenses,159459.39
CT-001817,COMP-02,2025-12-29,inflow,Revenue/Collections,385533.04
CT-001818,COMP-02,2025-12-29,outflow,Payroll,520647.19
CT-001819,COMP-02,2025-12-30,inflow,Revenue/Collections,358354.9
CT-001820,COMP-02,2025-12-30,outflow,Operating Expenses,414935.35
CT-001821,COMP-02,2025-12-31,inflow,Revenue/Collections,410711.46
CT-001822,COMP-02,2025-12-31,outflow,Operating Expenses,432680.13
CT-001823,COMP-02,2026-01-01,inflow,Revenue/Collections,462454.29
CT-001824,COMP-02,2026-01-01,outflow,Operating Expenses,245889.24
CT-001825,COMP-02,2026-01-02,inflow,Revenue/Collections,489542.67
CT-001826,COMP-02,2026-01-02,outflow,Vendor Payments,312874.82
CT-001827,COMP-02,2026-01-03,inflow,Revenue/Collections,204119.19
CT-001828,COMP-02,2026-01-03,outflow,Operating Expenses,82992.97
CT-001829,COMP-02,2026-01-04,inflow,Revenue/Collections,180578.73
CT-001830,COMP-02,2026-01-04,outflow,Operating Expenses,84537.12
CT-001831,COMP-02,2026-01-05,inflow,Revenue/Collections,439717.91
CT-001832,COMP-02,2026-01-05,outflow,Vendor Payments,293926.92
CT-001833,COMP-02,2026-01-06,inflow,Revenue/Collections,418529.0
CT-001834,COMP-02,2026-01-06,outflow,Payroll,314467.53
CT-001835,COMP-02,2026-01-07,inflow,Revenue/Collections,360086.61
CT-001836,COMP-02,2026-01-07,outflow,Vendor Payments,269116.95
CT-001837,COMP-02,2026-01-08,inflow,Revenue/Collections,387583.86
CT-001838,COMP-02,2026-01-08,outflow,Payroll,288113.31
CT-001839,COMP-02,2026-01-09,inflow,Revenue/Collections,427287.25
CT-001840,COMP-02,2026-01-09,outflow,Payroll,246006.64
CT-001841,COMP-02,2026-01-10,inflow,Revenue/Collections,180438.92
CT-001842,COMP-02,2026-01-10,outflow,Operating Expenses,100747.19
CT-001843,COMP-02,2026-01-11,inflow,Revenue/Collections,177265.96
CT-001844,COMP-02,2026-01-11,outflow,Operating Expenses,60177.76
CT-001845,COMP-02,2026-01-12,inflow,Revenue/Collections,361743.27
CT-001846,COMP-02,2026-01-12,outflow,Vendor Payments,248463.98
CT-001847,COMP-02,2026-01-13,inflow,Revenue/Collections,423612.83
CT-001848,COMP-02,2026-01-13,outflow,Vendor Payments,280389.89
CT-001849,COMP-02,2026-01-14,inflow,Revenue/Collections,371034.85
CT-001850,COMP-02,2026-01-14,outflow,Operating Expenses,255277.11
CT-001851,COMP-02,2026-01-15,inflow,Revenue/Collections,407256.27
CT-001852,COMP-02,2026-01-15,outflow,Payroll,297874.54
CT-001853,COMP-02,2026-01-16,inflow,Revenue/Collections,365592.53
CT-001854,COMP-02,2026-01-16,outflow,Payroll,299814.55
CT-001855,COMP-02,2026-01-17,inflow,Revenue/Collections,178808.38
CT-001856,COMP-02,2026-01-17,outflow,Vendor Payments,58031.82
CT-001857,COMP-02,2026-01-18,inflow,Revenue/Collections,167571.14
CT-001858,COMP-02,2026-01-18,outflow,Operating Expenses,81479.0
CT-001859,COMP-02,2026-01-19,inflow,Revenue/Collections,392207.42
CT-001860,COMP-02,2026-01-19,outflow,Vendor Payments,245559.19
CT-001861,COMP-02,2026-01-20,inflow,Revenue/Collections,403104.11
CT-001862,COMP-02,2026-01-20,outflow,Operating Expenses,245558.32
CT-001863,COMP-02,2026-01-21,inflow,Revenue/Collections,425451.84
CT-001864,COMP-02,2026-01-21,outflow,Vendor Payments,262583.92
CT-001865,COMP-02,2026-01-22,inflow,Revenue/Collections,414207.42
CT-001866,COMP-02,2026-01-22,outflow,Payroll,263857.56
CT-001867,COMP-02,2026-01-23,inflow,Revenue/Collections,390623.39
CT-001868,COMP-02,2026-01-23,outflow,Operating Expenses,277226.91
CT-001869,COMP-02,2026-01-24,inflow,Revenue/Collections,178576.88
CT-001870,COMP-02,2026-01-24,outflow,Vendor Payments,96872.92
CT-001871,COMP-02,2026-01-25,inflow,Revenue/Collections,117927.02
CT-001872,COMP-02,2026-01-25,outflow,Vendor Payments,83232.54
CT-001873,COMP-02,2026-01-26,inflow,Revenue/Collections,407740.32
CT-001874,COMP-02,2026-01-26,outflow,Operating Expenses,531937.38
CT-001875,COMP-02,2026-01-27,inflow,Revenue/Collections,372364.31
CT-001876,COMP-02,2026-01-27,outflow,Vendor Payments,445582.75
CT-001877,COMP-02,2026-01-28,inflow,Revenue/Collections,402168.79
CT-001878,COMP-02,2026-01-28,outflow,Vendor Payments,446198.03
CT-001879,COMP-02,2026-01-29,inflow,Revenue/Collections,380308.05
CT-001880,COMP-02,2026-01-29,outflow,Vendor Payments,466325.14
CT-001881,COMP-02,2026-01-30,inflow,Revenue/Collections,383373.73
CT-001882,COMP-02,2026-01-30,outflow,Payroll,435907.76
CT-001883,COMP-02,2026-01-31,inflow,Revenue/Collections,165772.55
CT-001884,COMP-02,2026-01-31,outflow,Payroll,155788.07
CT-001885,COMP-02,2026-02-01,inflow,Revenue/Collections,242249.46
CT-001886,COMP-02,2026-02-01,outflow,Vendor Payments,102058.01
CT-001887,COMP-02,2026-02-02,inflow,Revenue/Collections,465958.14
CT-001888,COMP-02,2026-02-02,outflow,Payroll,262293.53
CT-001889,COMP-02,2026-02-03,inflow,Revenue/Collections,509618.34
CT-001890,COMP-02,2026-02-03,outflow,Vendor Payments,284202.1
CT-001891,COMP-02,2026-02-04,inflow,Revenue/Collections,472070.11
CT-001892,COMP-02,2026-02-04,outflow,Payroll,265239.86
CT-001893,COMP-02,2026-02-05,inflow,Revenue/Collections,471333.96
CT-001894,COMP-02,2026-02-05,outflow,Payroll,278645.24
CT-001895,COMP-02,2026-02-06,inflow,Revenue/Collections,416945.59
CT-001896,COMP-02,2026-02-06,outflow,Vendor Payments,279708.42
CT-001897,COMP-02,2026-02-07,inflow,Revenue/Collections,151295.34
CT-001898,COMP-02,2026-02-07,outflow,Vendor Payments,63612.08
CT-001899,COMP-02,2026-02-08,inflow,Revenue/Collections,163636.03
CT-001900,COMP-02,2026-02-08,outflow,Vendor Payments,87282.06
CT-001901,COMP-02,2026-02-09,inflow,Revenue/Collections,426754.34
CT-001902,COMP-02,2026-02-09,outflow,Vendor Payments,290064.5
CT-001903,COMP-02,2026-02-10,inflow,Revenue/Collections,376866.82
CT-001904,COMP-02,2026-02-10,outflow,Payroll,284445.42
CT-001905,COMP-02,2026-02-11,inflow,Revenue/Collections,397797.95
CT-001906,COMP-02,2026-02-11,outflow,Operating Expenses,272827.37
CT-001907,COMP-02,2026-02-12,inflow,Revenue/Collections,398141.79
CT-001908,COMP-02,2026-02-12,outflow,Vendor Payments,322689.63
CT-001909,COMP-02,2026-02-13,inflow,Revenue/Collections,438910.67
CT-001910,COMP-02,2026-02-13,outflow,Vendor Payments,250469.39
CT-001911,COMP-02,2026-02-14,inflow,Revenue/Collections,136324.21
CT-001912,COMP-02,2026-02-14,outflow,Operating Expenses,55588.65
CT-001913,COMP-02,2026-02-15,inflow,Revenue/Collections,154827.39
CT-001914,COMP-02,2026-02-15,outflow,Operating Expenses,101738.71
CT-001915,COMP-02,2026-02-16,inflow,Revenue/Collections,417723.33
CT-001916,COMP-02,2026-02-16,outflow,Vendor Payments,317275.95
CT-001917,COMP-02,2026-02-17,inflow,Revenue/Collections,446561.96
CT-001918,COMP-02,2026-02-17,outflow,Payroll,326332.38
CT-001919,COMP-02,2026-02-18,inflow,Revenue/Collections,435261.76
CT-001920,COMP-02,2026-02-18,outflow,Payroll,317180.91
CT-001921,COMP-02,2026-02-19,inflow,Revenue/Collections,427668.49
CT-001922,COMP-02,2026-02-19,outflow,Operating Expenses,284370.23
CT-001923,COMP-02,2026-02-20,inflow,Revenue/Collections,436741.52
CT-001924,COMP-02,2026-02-20,outflow,Operating Expenses,314061.96
CT-001925,COMP-02,2026-02-21,inflow,Revenue/Collections,146809.59
CT-001926,COMP-02,2026-02-21,outflow,Payroll,86506.39
CT-001927,COMP-02,2026-02-22,inflow,Revenue/Collections,134865.05
CT-001928,COMP-02,2026-02-22,outflow,Vendor Payments,90319.32
CT-001929,COMP-02,2026-02-23,inflow,Revenue/Collections,411832.57
CT-001930,COMP-02,2026-02-23,outflow,Payroll,323266.81
CT-001931,COMP-02,2026-02-24,inflow,Revenue/Collections,430117.35
CT-001932,COMP-02,2026-02-24,outflow,Vendor Payments,257599.15
CT-001933,COMP-02,2026-02-25,inflow,Revenue/Collections,404022.05
CT-001934,COMP-02,2026-02-25,outflow,Operating Expenses,272741.78
CT-001935,COMP-02,2026-02-26,inflow,Revenue/Collections,388913.04
CT-001936,COMP-02,2026-02-26,outflow,Vendor Payments,518876.43
CT-001937,COMP-02,2026-02-27,inflow,Revenue/Collections,422849.8
CT-001938,COMP-02,2026-02-27,outflow,Operating Expenses,561281.83
CT-001939,COMP-02,2026-02-28,inflow,Revenue/Collections,150418.83
CT-001940,COMP-02,2026-02-28,outflow,Vendor Payments,207316.35
CT-001941,COMP-02,2026-03-01,inflow,Revenue/Collections,258376.04
CT-001942,COMP-02,2026-03-01,outflow,Operating Expenses,56639.44
CT-001943,COMP-02,2026-03-02,inflow,Revenue/Collections,464982.73
CT-001944,COMP-02,2026-03-02,outflow,Operating Expenses,297921.89
CT-001945,COMP-02,2026-03-03,inflow,Revenue/Collections,527893.5
CT-001946,COMP-02,2026-03-03,outflow,Payroll,315952.93
CT-001947,COMP-02,2026-03-04,inflow,Revenue/Collections,513451.14
CT-001948,COMP-02,2026-03-04,outflow,Payroll,259388.22
CT-001949,COMP-02,2026-03-05,inflow,Revenue/Collections,546322.67
CT-001950,COMP-02,2026-03-05,outflow,Operating Expenses,311945.3
CT-001951,COMP-02,2026-03-06,inflow,Revenue/Collections,373668.85
CT-001952,COMP-02,2026-03-06,outflow,Operating Expenses,280237.49
CT-001953,COMP-02,2026-03-07,inflow,Revenue/Collections,205048.76
CT-001954,COMP-02,2026-03-07,outflow,Operating Expenses,98320.96
CT-001955,COMP-02,2026-03-08,inflow,Revenue/Collections,156113.05
CT-001956,COMP-02,2026-03-08,outflow,Vendor Payments,85623.72
CT-001957,COMP-02,2026-03-09,inflow,Revenue/Collections,399577.72
CT-001958,COMP-02,2026-03-09,outflow,Payroll,275778.34
CT-001959,COMP-02,2026-03-10,inflow,Revenue/Collections,410984.79
CT-001960,COMP-02,2026-03-10,outflow,Payroll,308162.53
CT-001961,COMP-02,2026-03-11,inflow,Revenue/Collections,380391.38
CT-001962,COMP-02,2026-03-11,outflow,Vendor Payments,333070.19
CT-001963,COMP-02,2026-03-12,inflow,Revenue/Collections,379421.53
CT-001964,COMP-02,2026-03-12,outflow,Operating Expenses,262104.44
CT-001965,COMP-02,2026-03-13,inflow,Revenue/Collections,431615.97
CT-001966,COMP-02,2026-03-13,outflow,Payroll,293393.49
CT-001967,COMP-02,2026-03-14,inflow,Revenue/Collections,172943.5
CT-001968,COMP-02,2026-03-14,outflow,Payroll,132617.64
CT-001969,COMP-02,2026-03-15,inflow,Revenue/Collections,141160.92
CT-001970,COMP-02,2026-03-15,outflow,Vendor Payments,86458.82
CT-001971,COMP-02,2026-03-16,inflow,Revenue/Collections,401166.21
CT-001972,COMP-02,2026-03-16,outflow,Operating Expenses,316669.66
CT-001973,COMP-02,2026-03-17,inflow,Revenue/Collections,439491.15
CT-001974,COMP-02,2026-03-17,outflow,Vendor Payments,288003.35
CT-001975,COMP-02,2026-03-18,inflow,Revenue/Collections,386698.43
CT-001976,COMP-02,2026-03-18,outflow,Vendor Payments,323357.86
CT-001977,COMP-02,2026-03-19,inflow,Revenue/Collections,403580.89
CT-001978,COMP-02,2026-03-19,outflow,Operating Expenses,288864.36
CT-001979,COMP-02,2026-03-20,inflow,Revenue/Collections,448638.75
CT-001980,COMP-02,2026-03-20,outflow,Vendor Payments,255922.43
CT-001981,COMP-02,2026-03-21,inflow,Revenue/Collections,144772.72
CT-001982,COMP-02,2026-03-21,outflow,Operating Expenses,109996.46
CT-001983,COMP-02,2026-03-22,inflow,Revenue/Collections,185509.98
CT-001984,COMP-02,2026-03-22,outflow,Vendor Payments,61085.51
CT-001985,COMP-02,2026-03-23,inflow,Revenue/Collections,385130.77
CT-001986,COMP-02,2026-03-23,outflow,Operating Expenses,265681.54
CT-001987,COMP-02,2026-03-24,inflow,Revenue/Collections,454618.21
CT-001988,COMP-02,2026-03-24,outflow,Operating Expenses,281831.92
CT-001989,COMP-02,2026-03-25,inflow,Revenue/Collections,448361.21
CT-001990,COMP-02,2026-03-25,outflow,Operating Expenses,293384.91
CT-001991,COMP-02,2026-03-26,inflow,Revenue/Collections,436019.77
CT-001992,COMP-02,2026-03-26,outflow,Operating Expenses,525221.69
CT-001993,COMP-02,2026-03-27,inflow,Revenue/Collections,393371.1
CT-001994,COMP-02,2026-03-27,outflow,Vendor Payments,362418.25
CT-001995,COMP-02,2026-03-28,inflow,Revenue/Collections,208851.3
CT-001996,COMP-02,2026-03-28,outflow,Vendor Payments,142073.39
CT-001997,COMP-02,2026-03-29,inflow,Revenue/Collections,155987.56
CT-001998,COMP-02,2026-03-29,outflow,Payroll,118423.98
CT-001999,COMP-02,2026-03-30,inflow,Revenue/Collections,449352.31
CT-002000,COMP-02,2026-03-30,outflow,Payroll,501275.12
CT-002001,COMP-02,2026-03-31,inflow,Revenue/Collections,435868.49
CT-002002,COMP-02,2026-03-31,outflow,Payroll,464172.32
CT-002003,COMP-02,2026-04-01,inflow,Revenue/Collections,565555.71
CT-002004,COMP-02,2026-04-01,outflow,Operating Expenses,309701.8
CT-002005,COMP-02,2026-04-02,inflow,Revenue/Collections,547074.71
CT-002006,COMP-02,2026-04-02,outflow,Operating Expenses,293660.69
CT-002007,COMP-02,2026-04-03,inflow,Revenue/Collections,511636.21
CT-002008,COMP-02,2026-04-03,outflow,Vendor Payments,312494.28
CT-002009,COMP-02,2026-04-04,inflow,Revenue/Collections,189386.17
CT-002010,COMP-02,2026-04-04,outflow,Vendor Payments,70066.23
CT-002011,COMP-02,2026-04-05,inflow,Revenue/Collections,198940.91
CT-002012,COMP-02,2026-04-05,outflow,Vendor Payments,54844.69
CT-002013,COMP-02,2026-04-06,inflow,Revenue/Collections,404202.54
CT-002014,COMP-02,2026-04-06,outflow,Payroll,315281.75
CT-002015,COMP-02,2026-04-07,inflow,Revenue/Collections,431476.59
CT-002016,COMP-02,2026-04-07,outflow,Vendor Payments,313895.4
CT-002017,COMP-02,2026-04-08,inflow,Revenue/Collections,437840.55
CT-002018,COMP-02,2026-04-08,outflow,Vendor Payments,267962.87
CT-002019,COMP-02,2026-04-09,inflow,Revenue/Collections,440997.59
CT-002020,COMP-02,2026-04-09,outflow,Vendor Payments,264954.6
CT-002021,COMP-02,2026-04-10,inflow,Revenue/Collections,441476.68
CT-002022,COMP-02,2026-04-10,outflow,Payroll,289423.95
CT-002023,COMP-02,2026-04-11,inflow,Revenue/Collections,168592.73
CT-002024,COMP-02,2026-04-11,outflow,Vendor Payments,88532.62
CT-002025,COMP-02,2026-04-12,inflow,Revenue/Collections,126702.41
CT-002026,COMP-02,2026-04-12,outflow,Operating Expenses,99799.38
CT-002027,COMP-02,2026-04-13,inflow,Revenue/Collections,394076.23
CT-002028,COMP-02,2026-04-13,outflow,Vendor Payments,299369.85
CT-002029,COMP-02,2026-04-14,inflow,Revenue/Collections,385238.71
CT-002030,COMP-02,2026-04-14,outflow,Vendor Payments,262527.87
CT-002031,COMP-02,2026-04-15,inflow,Revenue/Collections,379795.75
CT-002032,COMP-02,2026-04-15,outflow,Payroll,304070.38
CT-002033,COMP-02,2026-04-16,inflow,Revenue/Collections,419188.65
CT-002034,COMP-02,2026-04-16,outflow,Payroll,328857.03
CT-002035,COMP-02,2026-04-17,inflow,Revenue/Collections,439561.41
CT-002036,COMP-02,2026-04-17,outflow,Vendor Payments,301923.58
CT-002037,COMP-02,2026-04-18,inflow,Revenue/Collections,146399.01
CT-002038,COMP-02,2026-04-18,outflow,Vendor Payments,86828.81
CT-002039,COMP-02,2026-04-19,inflow,Revenue/Collections,162588.22
CT-002040,COMP-02,2026-04-19,outflow,Operating Expenses,114473.63
CT-002041,COMP-02,2026-04-20,inflow,Revenue/Collections,460980.53
CT-002042,COMP-02,2026-04-20,outflow,Vendor Payments,339248.37
CT-002043,COMP-02,2026-04-21,inflow,Revenue/Collections,436241.82
CT-002044,COMP-02,2026-04-21,outflow,Operating Expenses,265082.21
CT-002045,COMP-02,2026-04-22,inflow,Revenue/Collections,424055.09
CT-002046,COMP-02,2026-04-22,outflow,Operating Expenses,269378.18
CT-002047,COMP-02,2026-04-23,inflow,Revenue/Collections,431966.14
CT-002048,COMP-02,2026-04-23,outflow,Payroll,268774.09
CT-002049,COMP-02,2026-04-24,inflow,Revenue/Collections,418269.82
CT-002050,COMP-02,2026-04-24,outflow,Operating Expenses,288728.53
CT-002051,COMP-02,2026-04-25,inflow,Revenue/Collections,174292.96
CT-002052,COMP-02,2026-04-25,outflow,Operating Expenses,93826.17
CT-002053,COMP-02,2026-04-26,inflow,Revenue/Collections,176222.97
CT-002054,COMP-02,2026-04-26,outflow,Payroll,133353.19
CT-002055,COMP-02,2026-04-27,inflow,Revenue/Collections,445053.03
CT-002056,COMP-02,2026-04-27,outflow,Vendor Payments,412191.16
CT-002057,COMP-02,2026-04-28,inflow,Revenue/Collections,441865.94
CT-002058,COMP-02,2026-04-28,outflow,Operating Expenses,472890.34
CT-002059,COMP-02,2026-04-29,inflow,Revenue/Collections,448200.88
CT-002060,COMP-02,2026-04-29,outflow,Vendor Payments,490657.94
CT-002061,COMP-02,2026-04-30,inflow,Revenue/Collections,432670.23
CT-002062,COMP-02,2026-04-30,outflow,Payroll,422597.96
CT-002063,COMP-02,2026-05-01,inflow,Revenue/Collections,486291.07
CT-002064,COMP-02,2026-05-01,outflow,Operating Expenses,350833.29
CT-002065,COMP-02,2026-05-02,inflow,Revenue/Collections,223606.95
CT-002066,COMP-02,2026-05-02,outflow,Operating Expenses,72841.24
CT-002067,COMP-02,2026-05-03,inflow,Revenue/Collections,152576.39
CT-002068,COMP-02,2026-05-03,outflow,Payroll,101388.5
CT-002069,COMP-02,2026-05-04,inflow,Revenue/Collections,440211.64
CT-002070,COMP-02,2026-05-04,outflow,Operating Expenses,277923.33
CT-002071,COMP-02,2026-05-05,inflow,Revenue/Collections,562320.12
CT-002072,COMP-02,2026-05-05,outflow,Payroll,326023.9
CT-002073,COMP-02,2026-05-06,inflow,Revenue/Collections,449589.58
CT-002074,COMP-02,2026-05-06,outflow,Payroll,304048.04
CT-002075,COMP-02,2026-05-07,inflow,Revenue/Collections,384994.04
CT-002076,COMP-02,2026-05-07,outflow,Vendor Payments,297416.82
CT-002077,COMP-02,2026-05-08,inflow,Revenue/Collections,464937.31
CT-002078,COMP-02,2026-05-08,outflow,Operating Expenses,264023.42
CT-002079,COMP-02,2026-05-09,inflow,Revenue/Collections,183708.22
CT-002080,COMP-02,2026-05-09,outflow,Operating Expenses,68930.78
CT-002081,COMP-02,2026-05-10,inflow,Revenue/Collections,176933.23
CT-002082,COMP-02,2026-05-10,outflow,Payroll,70427.08
CT-002083,COMP-02,2026-05-11,inflow,Revenue/Collections,417029.15
CT-002084,COMP-02,2026-05-11,outflow,Operating Expenses,279923.82
CT-002085,COMP-02,2026-05-12,inflow,Revenue/Collections,401529.09
CT-002086,COMP-02,2026-05-12,outflow,Operating Expenses,285595.19
CT-002087,COMP-02,2026-05-13,inflow,Revenue/Collections,461652.13
CT-002088,COMP-02,2026-05-13,outflow,Vendor Payments,265005.87
CT-002089,COMP-02,2026-05-14,inflow,Revenue/Collections,427573.66
CT-002090,COMP-02,2026-05-14,outflow,Operating Expenses,275338.08
CT-002091,COMP-02,2026-05-15,inflow,Revenue/Collections,396106.18
CT-002092,COMP-02,2026-05-15,outflow,Payroll,316989.85
CT-002093,COMP-02,2026-05-16,inflow,Revenue/Collections,180968.4
CT-002094,COMP-02,2026-05-16,outflow,Payroll,63130.12
CT-002095,COMP-02,2026-05-17,inflow,Revenue/Collections,199885.16
CT-002096,COMP-02,2026-05-17,outflow,Vendor Payments,119267.6
CT-002097,COMP-02,2026-05-18,inflow,Revenue/Collections,426330.56
CT-002098,COMP-02,2026-05-18,outflow,Vendor Payments,282225.7
CT-002099,COMP-02,2026-05-19,inflow,Revenue/Collections,388486.79
CT-002100,COMP-02,2026-05-19,outflow,Payroll,287822.64
CT-002101,COMP-02,2026-05-20,inflow,Revenue/Collections,443486.22
CT-002102,COMP-02,2026-05-20,outflow,Payroll,275367.81
CT-002103,COMP-02,2026-05-21,inflow,Revenue/Collections,408859.31
CT-002104,COMP-02,2026-05-21,outflow,Vendor Payments,263100.19
CT-002105,COMP-02,2026-05-22,inflow,Revenue/Collections,414122.03
CT-002106,COMP-02,2026-05-22,outflow,Vendor Payments,317386.87
CT-002107,COMP-02,2026-05-23,inflow,Revenue/Collections,192899.67
CT-002108,COMP-02,2026-05-23,outflow,Vendor Payments,56322.19
CT-002109,COMP-02,2026-05-24,inflow,Revenue/Collections,158111.18
CT-002110,COMP-02,2026-05-24,outflow,Vendor Payments,73393.42
CT-002111,COMP-02,2026-05-25,inflow,Revenue/Collections,471381.76
CT-002112,COMP-02,2026-05-25,outflow,Payroll,305971.22
CT-002113,COMP-02,2026-05-26,inflow,Revenue/Collections,404884.35
CT-002114,COMP-02,2026-05-26,outflow,Operating Expenses,607937.78
CT-002115,COMP-02,2026-05-27,inflow,Revenue/Collections,449284.76
CT-002116,COMP-02,2026-05-27,outflow,Operating Expenses,601150.08
CT-002117,COMP-02,2026-05-28,inflow,Revenue/Collections,422858.51
CT-002118,COMP-02,2026-05-28,outflow,Payroll,477470.1
CT-002119,COMP-02,2026-05-29,inflow,Revenue/Collections,429619.45
CT-002120,COMP-02,2026-05-29,outflow,Operating Expenses,426382.54
CT-002121,COMP-02,2026-05-30,inflow,Revenue/Collections,189473.01
CT-002122,COMP-02,2026-05-30,outflow,Operating Expenses,168706.65
CT-002123,COMP-02,2026-05-31,inflow,Revenue/Collections,190843.68
CT-002124,COMP-02,2026-05-31,outflow,Payroll,144816.02
CT-002125,COMP-02,2026-06-01,inflow,Revenue/Collections,478730.7
CT-002126,COMP-02,2026-06-01,outflow,Vendor Payments,301184.94
CT-002127,COMP-02,2026-06-02,inflow,Revenue/Collections,496184.56
CT-002128,COMP-02,2026-06-02,outflow,Payroll,312799.86
CT-002129,COMP-02,2026-06-03,inflow,Revenue/Collections,449294.44
CT-002130,COMP-02,2026-06-03,outflow,Operating Expenses,327102.75
CT-002131,COMP-02,2026-06-04,inflow,Revenue/Collections,450192.34
CT-002132,COMP-02,2026-06-04,outflow,Payroll,351706.31
CT-002133,COMP-02,2026-06-05,inflow,Revenue/Collections,556081.08
CT-002134,COMP-02,2026-06-05,outflow,Operating Expenses,316252.05
CT-002135,COMP-02,2026-06-06,inflow,Revenue/Collections,172900.21
CT-002136,COMP-02,2026-06-06,outflow,Operating Expenses,71149.73
CT-002137,COMP-02,2026-06-07,inflow,Revenue/Collections,194548.85
CT-002138,COMP-02,2026-06-07,outflow,Payroll,108469.52
CT-002139,COMP-02,2026-06-08,inflow,Revenue/Collections,440213.48
CT-002140,COMP-02,2026-06-08,outflow,Vendor Payments,336247.78
CT-002141,COMP-02,2026-06-09,inflow,Revenue/Collections,473781.46
CT-002142,COMP-02,2026-06-09,outflow,Payroll,281435.12
CT-002143,COMP-02,2026-06-10,inflow,Revenue/Collections,403390.85
CT-002144,COMP-02,2026-06-10,outflow,Vendor Payments,307636.09
CT-002145,COMP-02,2026-06-11,inflow,Revenue/Collections,429431.85
CT-002146,COMP-02,2026-06-11,outflow,Payroll,341591.38
CT-002147,COMP-02,2026-06-12,inflow,Revenue/Collections,397342.6
CT-002148,COMP-02,2026-06-12,outflow,Operating Expenses,279843.22
CT-002149,COMP-02,2026-06-13,inflow,Revenue/Collections,164310.74
CT-002150,COMP-02,2026-06-13,outflow,Vendor Payments,104845.07
CT-002151,COMP-02,2026-06-14,inflow,Revenue/Collections,171357.13
CT-002152,COMP-02,2026-06-14,outflow,Vendor Payments,89925.41
CT-002153,COMP-02,2026-06-15,inflow,Revenue/Collections,452596.35
CT-002154,COMP-02,2026-06-15,outflow,Operating Expenses,343428.29
CT-002155,COMP-02,2026-06-16,inflow,Revenue/Collections,459259.97
CT-002156,COMP-02,2026-06-16,outflow,Payroll,359246.34
CT-002157,COMP-02,2026-06-17,inflow,Revenue/Collections,445543.58
CT-002158,COMP-02,2026-06-17,outflow,Vendor Payments,361098.65
CT-002159,COMP-02,2026-06-18,inflow,Revenue/Collections,399147.06
CT-002160,COMP-02,2026-06-18,outflow,Vendor Payments,316881.22
CT-002161,COMP-02,2026-06-19,inflow,Revenue/Collections,420918.22
CT-002162,COMP-02,2026-06-19,outflow,Vendor Payments,293888.65
CT-002163,COMP-02,2026-06-20,inflow,Revenue/Collections,171435.01
CT-002164,COMP-02,2026-06-20,outflow,Operating Expenses,134668.56
CT-002165,COMP-02,2026-06-21,inflow,Revenue/Collections,158754.06
CT-002166,COMP-02,2026-06-21,outflow,Operating Expenses,96312.91
CT-002167,COMP-02,2026-06-22,inflow,Revenue/Collections,468926.73
CT-002168,COMP-02,2026-06-22,outflow,Vendor Payments,311051.22
CT-002169,COMP-02,2026-06-23,inflow,Revenue/Collections,481802.44
CT-002170,COMP-02,2026-06-23,outflow,Operating Expenses,350962.55
CT-002171,COMP-02,2026-06-24,inflow,Revenue/Collections,406441.64
CT-002172,COMP-02,2026-06-24,outflow,Payroll,325953.26
CT-002173,COMP-02,2026-06-25,inflow,Revenue/Collections,482947.39
CT-002174,COMP-02,2026-06-25,outflow,Operating Expenses,286887.54
CT-002175,COMP-02,2026-06-26,inflow,Revenue/Collections,410963.67
CT-002176,COMP-02,2026-06-26,outflow,Payroll,441261.24
CT-002177,COMP-02,2026-06-27,inflow,Revenue/Collections,173938.23
CT-002178,COMP-02,2026-06-27,outflow,Operating Expenses,117117.5
CT-002179,COMP-02,2026-06-28,inflow,Revenue/Collections,184613.16
CT-002180,COMP-02,2026-06-28,outflow,Operating Expenses,166057.97
CT-002181,COMP-02,2026-06-29,inflow,Revenue/Collections,465300.62
CT-002182,COMP-02,2026-06-29,outflow,Operating Expenses,619280.18
CT-002183,COMP-02,2026-06-30,inflow,Revenue/Collections,468788.99
CT-002184,COMP-02,2026-06-30,outflow,Vendor Payments,648702.85
CT-002185,COMP-03,2025-01-01,inflow,Revenue/Collections,346275.79
CT-002186,COMP-03,2025-01-01,outflow,Payroll,235414.96
CT-002187,COMP-03,2025-01-02,inflow,Revenue/Collections,345207.73
CT-002188,COMP-03,2025-01-02,outflow,Vendor Payments,255652.22
CT-002189,COMP-03,2025-01-03,inflow,Revenue/Collections,306313.4
CT-002190,COMP-03,2025-01-03,outflow,Vendor Payments,230705.83
CT-002191,COMP-03,2025-01-04,inflow,Revenue/Collections,107267.08
CT-002192,COMP-03,2025-01-04,outflow,Payroll,46697.45
CT-002193,COMP-03,2025-01-05,inflow,Revenue/Collections,138936.6
CT-002194,COMP-03,2025-01-05,outflow,Payroll,64217.53
CT-002195,COMP-03,2025-01-06,inflow,Revenue/Collections,279678.39
CT-002196,COMP-03,2025-01-06,outflow,Vendor Payments,252938.58
CT-002197,COMP-03,2025-01-07,inflow,Revenue/Collections,259653.12
CT-002198,COMP-03,2025-01-07,outflow,Vendor Payments,233756.87
CT-002199,COMP-03,2025-01-08,inflow,Revenue/Collections,285351.56
CT-002200,COMP-03,2025-01-08,outflow,Payroll,254499.59
CT-002201,COMP-03,2025-01-09,inflow,Revenue/Collections,286455.21
CT-002202,COMP-03,2025-01-09,outflow,Payroll,203817.41
CT-002203,COMP-03,2025-01-10,inflow,Revenue/Collections,308646.43
CT-002204,COMP-03,2025-01-10,outflow,Payroll,217545.34
CT-002205,COMP-03,2025-01-11,inflow,Revenue/Collections,107570.08
CT-002206,COMP-03,2025-01-11,outflow,Payroll,74309.11
CT-002207,COMP-03,2025-01-12,inflow,Revenue/Collections,114272.87
CT-002208,COMP-03,2025-01-12,outflow,Payroll,96370.38
CT-002209,COMP-03,2025-01-13,inflow,Revenue/Collections,258664.93
CT-002210,COMP-03,2025-01-13,outflow,Operating Expenses,209284.26
CT-002211,COMP-03,2025-01-14,inflow,Revenue/Collections,311288.82
CT-002212,COMP-03,2025-01-14,outflow,Vendor Payments,261435.95
CT-002213,COMP-03,2025-01-15,inflow,Revenue/Collections,263019.76
CT-002214,COMP-03,2025-01-15,outflow,Vendor Payments,255904.88
CT-002215,COMP-03,2025-01-16,inflow,Revenue/Collections,305128.06
CT-002216,COMP-03,2025-01-16,outflow,Vendor Payments,251322.27
CT-002217,COMP-03,2025-01-17,inflow,Revenue/Collections,269783.47
CT-002218,COMP-03,2025-01-17,outflow,Operating Expenses,272630.34
CT-002219,COMP-03,2025-01-18,inflow,Revenue/Collections,146566.72
CT-002220,COMP-03,2025-01-18,outflow,Payroll,77307.86
CT-002221,COMP-03,2025-01-19,inflow,Revenue/Collections,143312.91
CT-002222,COMP-03,2025-01-19,outflow,Operating Expenses,62707.98
CT-002223,COMP-03,2025-01-20,inflow,Revenue/Collections,283483.69
CT-002224,COMP-03,2025-01-20,outflow,Operating Expenses,274296.84
CT-002225,COMP-03,2025-01-21,inflow,Revenue/Collections,266961.23
CT-002226,COMP-03,2025-01-21,outflow,Payroll,207614.89
CT-002227,COMP-03,2025-01-22,inflow,Revenue/Collections,287846.78
CT-002228,COMP-03,2025-01-22,outflow,Vendor Payments,266556.67
CT-002229,COMP-03,2025-01-23,inflow,Revenue/Collections,277547.82
CT-002230,COMP-03,2025-01-23,outflow,Operating Expenses,249762.07
CT-002231,COMP-03,2025-01-24,inflow,Revenue/Collections,275601.47
CT-002232,COMP-03,2025-01-24,outflow,Operating Expenses,257163.43
CT-002233,COMP-03,2025-01-25,inflow,Revenue/Collections,140686.02
CT-002234,COMP-03,2025-01-25,outflow,Vendor Payments,49897.98
CT-002235,COMP-03,2025-01-26,inflow,Revenue/Collections,92521.42
CT-002236,COMP-03,2025-01-26,outflow,Payroll,101715.72
CT-002237,COMP-03,2025-01-27,inflow,Revenue/Collections,280699.12
CT-002238,COMP-03,2025-01-27,outflow,Vendor Payments,358609.91
CT-002239,COMP-03,2025-01-28,inflow,Revenue/Collections,287213.06
CT-002240,COMP-03,2025-01-28,outflow,Vendor Payments,437553.4
CT-002241,COMP-03,2025-01-29,inflow,Revenue/Collections,283013.76
CT-002242,COMP-03,2025-01-29,outflow,Payroll,464462.43
CT-002243,COMP-03,2025-01-30,inflow,Revenue/Collections,300775.58
CT-002244,COMP-03,2025-01-30,outflow,Vendor Payments,436754.61
CT-002245,COMP-03,2025-01-31,inflow,Revenue/Collections,284424.68
CT-002246,COMP-03,2025-01-31,outflow,Payroll,398931.56
CT-002247,COMP-03,2025-02-01,inflow,Revenue/Collections,154723.83
CT-002248,COMP-03,2025-02-01,outflow,Vendor Payments,81497.9
CT-002249,COMP-03,2025-02-02,inflow,Revenue/Collections,116699.44
CT-002250,COMP-03,2025-02-02,outflow,Operating Expenses,87615.55
CT-002251,COMP-03,2025-02-03,inflow,Revenue/Collections,351588.46
CT-002252,COMP-03,2025-02-03,outflow,Vendor Payments,271918.11
CT-002253,COMP-03,2025-02-04,inflow,Revenue/Collections,368620.69
CT-002254,COMP-03,2025-02-04,outflow,Operating Expenses,219937.15
CT-002255,COMP-03,2025-02-05,inflow,Revenue/Collections,390053.24
CT-002256,COMP-03,2025-02-05,outflow,Operating Expenses,216809.47
CT-002257,COMP-03,2025-02-06,inflow,Revenue/Collections,291682.02
CT-002258,COMP-03,2025-02-06,outflow,Operating Expenses,232213.94
CT-002259,COMP-03,2025-02-07,inflow,Revenue/Collections,288962.22
CT-002260,COMP-03,2025-02-07,outflow,Vendor Payments,219271.54
CT-002261,COMP-03,2025-02-08,inflow,Revenue/Collections,129961.28
CT-002262,COMP-03,2025-02-08,outflow,Vendor Payments,89109.29
CT-002263,COMP-03,2025-02-09,inflow,Revenue/Collections,102693.54
CT-002264,COMP-03,2025-02-09,outflow,Payroll,90812.91
CT-002265,COMP-03,2025-02-10,inflow,Revenue/Collections,276720.87
CT-002266,COMP-03,2025-02-10,outflow,Vendor Payments,227982.6
CT-002267,COMP-03,2025-02-11,inflow,Revenue/Collections,267237.96
CT-002268,COMP-03,2025-02-11,outflow,Operating Expenses,266466.43
CT-002269,COMP-03,2025-02-12,inflow,Revenue/Collections,313334.27
CT-002270,COMP-03,2025-02-12,outflow,Operating Expenses,220146.65
CT-002271,COMP-03,2025-02-13,inflow,Revenue/Collections,279925.53
CT-002272,COMP-03,2025-02-13,outflow,Payroll,232073.73
CT-002273,COMP-03,2025-02-14,inflow,Revenue/Collections,290776.73
CT-002274,COMP-03,2025-02-14,outflow,Payroll,274513.49
CT-002275,COMP-03,2025-02-15,inflow,Revenue/Collections,91774.24
CT-002276,COMP-03,2025-02-15,outflow,Operating Expenses,84475.29
CT-002277,COMP-03,2025-02-16,inflow,Revenue/Collections,109575.38
CT-002278,COMP-03,2025-02-16,outflow,Vendor Payments,57762.8
CT-002279,COMP-03,2025-02-17,inflow,Revenue/Collections,296210.5
CT-002280,COMP-03,2025-02-17,outflow,Operating Expenses,227717.64
CT-002281,COMP-03,2025-02-18,inflow,Revenue/Collections,291209.8
CT-002282,COMP-03,2025-02-18,outflow,Payroll,277501.07
CT-002283,COMP-03,2025-02-19,inflow,Revenue/Collections,287345.28
CT-002284,COMP-03,2025-02-19,outflow,Payroll,221209.41
CT-002285,COMP-03,2025-02-20,inflow,Revenue/Collections,291297.22
CT-002286,COMP-03,2025-02-20,outflow,Operating Expenses,212624.18
CT-002287,COMP-03,2025-02-21,inflow,Revenue/Collections,274259.95
CT-002288,COMP-03,2025-02-21,outflow,Payroll,259489.9
CT-002289,COMP-03,2025-02-22,inflow,Revenue/Collections,117923.04
CT-002290,COMP-03,2025-02-22,outflow,Operating Expenses,77799.57
CT-002291,COMP-03,2025-02-23,inflow,Revenue/Collections,96044.81
CT-002292,COMP-03,2025-02-23,outflow,Vendor Payments,58179.4
CT-002293,COMP-03,2025-02-24,inflow,Revenue/Collections,317083.59
CT-002294,COMP-03,2025-02-24,outflow,Operating Expenses,220242.66
CT-002295,COMP-03,2025-02-25,inflow,Revenue/Collections,293436.22
CT-002296,COMP-03,2025-02-25,outflow,Vendor Payments,269522.82
CT-002297,COMP-03,2025-02-26,inflow,Revenue/Collections,273026.29
CT-002298,COMP-03,2025-02-26,outflow,Operating Expenses,409424.84
CT-002299,COMP-03,2025-02-27,inflow,Revenue/Collections,309854.42
CT-002300,COMP-03,2025-02-27,outflow,Operating Expenses,460007.39
CT-002301,COMP-03,2025-02-28,inflow,Revenue/Collections,296596.02
CT-002302,COMP-03,2025-02-28,outflow,Vendor Payments,403443.57
CT-002303,COMP-03,2025-03-01,inflow,Revenue/Collections,132581.14
CT-002304,COMP-03,2025-03-01,outflow,Vendor Payments,66248.29
CT-002305,COMP-03,2025-03-02,inflow,Revenue/Collections,155875.05
CT-002306,COMP-03,2025-03-02,outflow,Operating Expenses,85108.33
CT-002307,COMP-03,2025-03-03,inflow,Revenue/Collections,317416.95
CT-002308,COMP-03,2025-03-03,outflow,Payroll,249689.82
CT-002309,COMP-03,2025-03-04,inflow,Revenue/Collections,363148.93
CT-002310,COMP-03,2025-03-04,outflow,Vendor Payments,216072.37
CT-002311,COMP-03,2025-03-05,inflow,Revenue/Collections,355312.7
CT-002312,COMP-03,2025-03-05,outflow,Payroll,270271.93
CT-002313,COMP-03,2025-03-06,inflow,Revenue/Collections,299483.62
CT-002314,COMP-03,2025-03-06,outflow,Vendor Payments,282846.74
CT-002315,COMP-03,2025-03-07,inflow,Revenue/Collections,294409.88
CT-002316,COMP-03,2025-03-07,outflow,Operating Expenses,233146.22
CT-002317,COMP-03,2025-03-08,inflow,Revenue/Collections,107691.53
CT-002318,COMP-03,2025-03-08,outflow,Vendor Payments,75375.07
CT-002319,COMP-03,2025-03-09,inflow,Revenue/Collections,97294.53
CT-002320,COMP-03,2025-03-09,outflow,Vendor Payments,84198.67
CT-002321,COMP-03,2025-03-10,inflow,Revenue/Collections,280618.2
CT-002322,COMP-03,2025-03-10,outflow,Vendor Payments,278136.98
CT-002323,COMP-03,2025-03-11,inflow,Revenue/Collections,287110.02
CT-002324,COMP-03,2025-03-11,outflow,Payroll,250541.32
CT-002325,COMP-03,2025-03-12,inflow,Revenue/Collections,295651.2
CT-002326,COMP-03,2025-03-12,outflow,Vendor Payments,245238.59
CT-002327,COMP-03,2025-03-13,inflow,Revenue/Collections,317042.44
CT-002328,COMP-03,2025-03-13,outflow,Vendor Payments,227621.24
CT-002329,COMP-03,2025-03-14,inflow,Revenue/Collections,266636.03
CT-002330,COMP-03,2025-03-14,outflow,Vendor Payments,252390.64
CT-002331,COMP-03,2025-03-15,inflow,Revenue/Collections,125589.06
CT-002332,COMP-03,2025-03-15,outflow,Operating Expenses,85288.97
CT-002333,COMP-03,2025-03-16,inflow,Revenue/Collections,109431.98
CT-002334,COMP-03,2025-03-16,outflow,Operating Expenses,95507.42
CT-002335,COMP-03,2025-03-17,inflow,Revenue/Collections,311451.67
CT-002336,COMP-03,2025-03-17,outflow,Payroll,258336.8
CT-002337,COMP-03,2025-03-18,inflow,Revenue/Collections,291076.73
CT-002338,COMP-03,2025-03-18,outflow,Operating Expenses,268858.43
CT-002339,COMP-03,2025-03-19,inflow,Revenue/Collections,289854.35
CT-002340,COMP-03,2025-03-19,outflow,Operating Expenses,279517.29
CT-002341,COMP-03,2025-03-20,inflow,Revenue/Collections,267679.33
CT-002342,COMP-03,2025-03-20,outflow,Operating Expenses,236602.2
CT-002343,COMP-03,2025-03-21,inflow,Revenue/Collections,267568.34
CT-002344,COMP-03,2025-03-21,outflow,Vendor Payments,250087.54
CT-002345,COMP-03,2025-03-22,inflow,Revenue/Collections,122611.49
CT-002346,COMP-03,2025-03-22,outflow,Payroll,91259.61
CT-002347,COMP-03,2025-03-23,inflow,Revenue/Collections,98585.6
CT-002348,COMP-03,2025-03-23,outflow,Payroll,53831.13
CT-002349,COMP-03,2025-03-24,inflow,Revenue/Collections,305207.48
CT-002350,COMP-03,2025-03-24,outflow,Operating Expenses,236562.37
CT-002351,COMP-03,2025-03-25,inflow,Revenue/Collections,284370.55
CT-002352,COMP-03,2025-03-25,outflow,Operating Expenses,249522.56
CT-002353,COMP-03,2025-03-26,inflow,Revenue/Collections,301427.51
CT-002354,COMP-03,2025-03-26,outflow,Vendor Payments,422210.44
CT-002355,COMP-03,2025-03-27,inflow,Revenue/Collections,272555.63
CT-002356,COMP-03,2025-03-27,outflow,Vendor Payments,441479.13
CT-002357,COMP-03,2025-03-28,inflow,Revenue/Collections,280077.93
CT-002358,COMP-03,2025-03-28,outflow,Operating Expenses,461099.57
CT-002359,COMP-03,2025-03-29,inflow,Revenue/Collections,139699.32
CT-002360,COMP-03,2025-03-29,outflow,Vendor Payments,165057.23
CT-002361,COMP-03,2025-03-30,inflow,Revenue/Collections,85597.03
CT-002362,COMP-03,2025-03-30,outflow,Operating Expenses,122753.83
CT-002363,COMP-03,2025-03-31,inflow,Revenue/Collections,282904.36
CT-002364,COMP-03,2025-03-31,outflow,Operating Expenses,458781.04
CT-002365,COMP-03,2025-04-01,inflow,Revenue/Collections,351882.47
CT-002366,COMP-03,2025-04-01,outflow,Operating Expenses,221421.82
CT-002367,COMP-03,2025-04-02,inflow,Revenue/Collections,385068.87
CT-002368,COMP-03,2025-04-02,outflow,Payroll,240670.27
CT-002369,COMP-03,2025-04-03,inflow,Revenue/Collections,321779.12
CT-002370,COMP-03,2025-04-03,outflow,Operating Expenses,258177.54
CT-002371,COMP-03,2025-04-04,inflow,Revenue/Collections,331471.69
CT-002372,COMP-03,2025-04-04,outflow,Payroll,225057.75
CT-002373,COMP-03,2025-04-05,inflow,Revenue/Collections,145576.85
CT-002374,COMP-03,2025-04-05,outflow,Payroll,103241.49
CT-002375,COMP-03,2025-04-06,inflow,Revenue/Collections,118029.55
CT-002376,COMP-03,2025-04-06,outflow,Operating Expenses,98465.47
CT-002377,COMP-03,2025-04-07,inflow,Revenue/Collections,281884.71
CT-002378,COMP-03,2025-04-07,outflow,Vendor Payments,231887.98
CT-002379,COMP-03,2025-04-08,inflow,Revenue/Collections,329357.65
CT-002380,COMP-03,2025-04-08,outflow,Operating Expenses,259154.16
CT-002381,COMP-03,2025-04-09,inflow,Revenue/Collections,282778.24
CT-002382,COMP-03,2025-04-09,outflow,Payroll,229224.89
CT-002383,COMP-03,2025-04-10,inflow,Revenue/Collections,319736.97
CT-002384,COMP-03,2025-04-10,outflow,Payroll,253211.47
CT-002385,COMP-03,2025-04-11,inflow,Revenue/Collections,273748.35
CT-002386,COMP-03,2025-04-11,outflow,Payroll,269526.51
CT-002387,COMP-03,2025-04-12,inflow,Revenue/Collections,106013.84
CT-002388,COMP-03,2025-04-12,outflow,Operating Expenses,97988.69
CT-002389,COMP-03,2025-04-13,inflow,Revenue/Collections,122883.29
CT-002390,COMP-03,2025-04-13,outflow,Vendor Payments,91633.75
CT-002391,COMP-03,2025-04-14,inflow,Revenue/Collections,302776.22
CT-002392,COMP-03,2025-04-14,outflow,Operating Expenses,251656.99
CT-002393,COMP-03,2025-04-15,inflow,Revenue/Collections,282720.38
CT-002394,COMP-03,2025-04-15,outflow,Payroll,257010.58
CT-002395,COMP-03,2025-04-16,inflow,Revenue/Collections,301724.75
CT-002396,COMP-03,2025-04-16,outflow,Operating Expenses,265131.34
CT-002397,COMP-03,2025-04-17,inflow,Revenue/Collections,311357.47
CT-002398,COMP-03,2025-04-17,outflow,Payroll,241677.86
CT-002399,COMP-03,2025-04-18,inflow,Revenue/Collections,272390.11
CT-002400,COMP-03,2025-04-18,outflow,Payroll,260890.41
CT-002401,COMP-03,2025-04-19,inflow,Revenue/Collections,105652.85
CT-002402,COMP-03,2025-04-19,outflow,Payroll,54374.12
CT-002403,COMP-03,2025-04-20,inflow,Revenue/Collections,121807.13
CT-002404,COMP-03,2025-04-20,outflow,Operating Expenses,78310.67
CT-002405,COMP-03,2025-04-21,inflow,Revenue/Collections,293431.88
CT-002406,COMP-03,2025-04-21,outflow,Operating Expenses,283023.59
CT-002407,COMP-03,2025-04-22,inflow,Revenue/Collections,298225.51
CT-002408,COMP-03,2025-04-22,outflow,Operating Expenses,263022.15
CT-002409,COMP-03,2025-04-23,inflow,Revenue/Collections,304679.42
CT-002410,COMP-03,2025-04-23,outflow,Payroll,250690.22
CT-002411,COMP-03,2025-04-24,inflow,Revenue/Collections,307291.12
CT-002412,COMP-03,2025-04-24,outflow,Payroll,282661.53
CT-002413,COMP-03,2025-04-25,inflow,Revenue/Collections,320897.62
CT-002414,COMP-03,2025-04-25,outflow,Vendor Payments,292055.8
CT-002415,COMP-03,2025-04-26,inflow,Revenue/Collections,153396.67
CT-002416,COMP-03,2025-04-26,outflow,Vendor Payments,93050.5
CT-002417,COMP-03,2025-04-27,inflow,Revenue/Collections,131513.96
CT-002418,COMP-03,2025-04-27,outflow,Vendor Payments,99843.92
CT-002419,COMP-03,2025-04-28,inflow,Revenue/Collections,311759.12
CT-002420,COMP-03,2025-04-28,outflow,Vendor Payments,338664.83
CT-002421,COMP-03,2025-04-29,inflow,Revenue/Collections,286038.07
CT-002422,COMP-03,2025-04-29,outflow,Payroll,397218.56
CT-002423,COMP-03,2025-04-30,inflow,Revenue/Collections,293274.88
CT-002424,COMP-03,2025-04-30,outflow,Payroll,386655.23
CT-002425,COMP-03,2025-05-01,inflow,Revenue/Collections,400248.43
CT-002426,COMP-03,2025-05-01,outflow,Payroll,222070.82
CT-002427,COMP-03,2025-05-02,inflow,Revenue/Collections,335574.93
CT-002428,COMP-03,2025-05-02,outflow,Vendor Payments,260477.33
CT-002429,COMP-03,2025-05-03,inflow,Revenue/Collections,105025.23
CT-002430,COMP-03,2025-05-03,outflow,Vendor Payments,58339.77
CT-002431,COMP-03,2025-05-04,inflow,Revenue/Collections,166862.93
CT-002432,COMP-03,2025-05-04,outflow,Vendor Payments,97219.47
CT-002433,COMP-03,2025-05-05,inflow,Revenue/Collections,409092.88
CT-002434,COMP-03,2025-05-05,outflow,Operating Expenses,254092.44
CT-002435,COMP-03,2025-05-06,inflow,Revenue/Collections,294140.6
CT-002436,COMP-03,2025-05-06,outflow,Operating Expenses,258629.7
CT-002437,COMP-03,2025-05-07,inflow,Revenue/Collections,311101.14
CT-002438,COMP-03,2025-05-07,outflow,Vendor Payments,265122.69
CT-002439,COMP-03,2025-05-08,inflow,Revenue/Collections,277635.93
CT-002440,COMP-03,2025-05-08,outflow,Operating Expenses,249597.72
CT-002441,COMP-03,2025-05-09,inflow,Revenue/Collections,299285.1
CT-002442,COMP-03,2025-05-09,outflow,Payroll,265164.06
CT-002443,COMP-03,2025-05-10,inflow,Revenue/Collections,154257.25
CT-002444,COMP-03,2025-05-10,outflow,Operating Expenses,75288.36
CT-002445,COMP-03,2025-05-11,inflow,Revenue/Collections,151518.87
CT-002446,COMP-03,2025-05-11,outflow,Operating Expenses,68598.27
CT-002447,COMP-03,2025-05-12,inflow,Revenue/Collections,304224.57
CT-002448,COMP-03,2025-05-12,outflow,Payroll,224286.78
CT-002449,COMP-03,2025-05-13,inflow,Revenue/Collections,303720.18
CT-002450,COMP-03,2025-05-13,outflow,Payroll,289869.16
CT-002451,COMP-03,2025-05-14,inflow,Revenue/Collections,312182.28
CT-002452,COMP-03,2025-05-14,outflow,Vendor Payments,248361.91
CT-002453,COMP-03,2025-05-15,inflow,Revenue/Collections,283477.33
CT-002454,COMP-03,2025-05-15,outflow,Payroll,292353.25
CT-002455,COMP-03,2025-05-16,inflow,Revenue/Collections,320389.03
CT-002456,COMP-03,2025-05-16,outflow,Vendor Payments,292515.79
CT-002457,COMP-03,2025-05-17,inflow,Revenue/Collections,108800.3
CT-002458,COMP-03,2025-05-17,outflow,Vendor Payments,87106.35
CT-002459,COMP-03,2025-05-18,inflow,Revenue/Collections,137323.35
CT-002460,COMP-03,2025-05-18,outflow,Payroll,58920.74
CT-002461,COMP-03,2025-05-19,inflow,Revenue/Collections,334447.37
CT-002462,COMP-03,2025-05-19,outflow,Operating Expenses,274390.33
CT-002463,COMP-03,2025-05-20,inflow,Revenue/Collections,295592.23
CT-002464,COMP-03,2025-05-20,outflow,Vendor Payments,229111.83
CT-002465,COMP-03,2025-05-21,inflow,Revenue/Collections,320503.96
CT-002466,COMP-03,2025-05-21,outflow,Operating Expenses,231722.57
CT-002467,COMP-03,2025-05-22,inflow,Revenue/Collections,280009.12
CT-002468,COMP-03,2025-05-22,outflow,Vendor Payments,273151.4
CT-002469,COMP-03,2025-05-23,inflow,Revenue/Collections,322942.82
CT-002470,COMP-03,2025-05-23,outflow,Vendor Payments,273386.1
CT-002471,COMP-03,2025-05-24,inflow,Revenue/Collections,150097.62
CT-002472,COMP-03,2025-05-24,outflow,Vendor Payments,58563.77
CT-002473,COMP-03,2025-05-25,inflow,Revenue/Collections,133137.61
CT-002474,COMP-03,2025-05-25,outflow,Vendor Payments,91436.25
CT-002475,COMP-03,2025-05-26,inflow,Revenue/Collections,293794.15
CT-002476,COMP-03,2025-05-26,outflow,Operating Expenses,509014.88
CT-002477,COMP-03,2025-05-27,inflow,Revenue/Collections,297527.38
CT-002478,COMP-03,2025-05-27,outflow,Vendor Payments,464070.58
CT-002479,COMP-03,2025-05-28,inflow,Revenue/Collections,297514.06
CT-002480,COMP-03,2025-05-28,outflow,Operating Expenses,465119.3
CT-002481,COMP-03,2025-05-29,inflow,Revenue/Collections,319451.77
CT-002482,COMP-03,2025-05-29,outflow,Operating Expenses,520587.86
CT-002483,COMP-03,2025-05-30,inflow,Revenue/Collections,306366.09
CT-002484,COMP-03,2025-05-30,outflow,Payroll,427588.63
CT-002485,COMP-03,2025-05-31,inflow,Revenue/Collections,127808.75
CT-002486,COMP-03,2025-05-31,outflow,Payroll,191894.03
CT-002487,COMP-03,2025-06-01,inflow,Revenue/Collections,131366.84
CT-002488,COMP-03,2025-06-01,outflow,Operating Expenses,97235.74
CT-002489,COMP-03,2025-06-02,inflow,Revenue/Collections,394905.57
CT-002490,COMP-03,2025-06-02,outflow,Operating Expenses,228063.86
CT-002491,COMP-03,2025-06-03,inflow,Revenue/Collections,437427.79
CT-002492,COMP-03,2025-06-03,outflow,Payroll,243430.25
CT-002493,COMP-03,2025-06-04,inflow,Revenue/Collections,373384.89
CT-002494,COMP-03,2025-06-04,outflow,Vendor Payments,297789.51
CT-002495,COMP-03,2025-06-05,inflow,Revenue/Collections,332836.27
CT-002496,COMP-03,2025-06-05,outflow,Operating Expenses,260052.55
CT-002497,COMP-03,2025-06-06,inflow,Revenue/Collections,284050.91
CT-002498,COMP-03,2025-06-06,outflow,Payroll,291137.26
CT-002499,COMP-03,2025-06-07,inflow,Revenue/Collections,137723.49
CT-002500,COMP-03,2025-06-07,outflow,Operating Expenses,106254.11
CT-002501,COMP-03,2025-06-08,inflow,Revenue/Collections,130078.73
CT-002502,COMP-03,2025-06-08,outflow,Vendor Payments,51300.91
CT-002503,COMP-03,2025-06-09,inflow,Revenue/Collections,315012.17
CT-002504,COMP-03,2025-06-09,outflow,Operating Expenses,268671.24
CT-002505,COMP-03,2025-06-10,inflow,Revenue/Collections,310672.41
CT-002506,COMP-03,2025-06-10,outflow,Operating Expenses,265190.9
CT-002507,COMP-03,2025-06-11,inflow,Revenue/Collections,324748.57
CT-002508,COMP-03,2025-06-11,outflow,Payroll,243398.98
CT-002509,COMP-03,2025-06-12,inflow,Revenue/Collections,314542.07
CT-002510,COMP-03,2025-06-12,outflow,Vendor Payments,252994.87
CT-002511,COMP-03,2025-06-13,inflow,Revenue/Collections,316052.58
CT-002512,COMP-03,2025-06-13,outflow,Payroll,260399.15
CT-002513,COMP-03,2025-06-14,inflow,Revenue/Collections,121816.71
CT-002514,COMP-03,2025-06-14,outflow,Payroll,69562.29
CT-002515,COMP-03,2025-06-15,inflow,Revenue/Collections,160078.53
CT-002516,COMP-03,2025-06-15,outflow,Payroll,95471.11
CT-002517,COMP-03,2025-06-16,inflow,Revenue/Collections,310232.21
CT-002518,COMP-03,2025-06-16,outflow,Payroll,274780.91
CT-002519,COMP-03,2025-06-17,inflow,Revenue/Collections,308785.11
CT-002520,COMP-03,2025-06-17,outflow,Operating Expenses,224759.12
CT-002521,COMP-03,2025-06-18,inflow,Revenue/Collections,329080.09
CT-002522,COMP-03,2025-06-18,outflow,Vendor Payments,276013.79
CT-002523,COMP-03,2025-06-19,inflow,Revenue/Collections,284895.09
CT-002524,COMP-03,2025-06-19,outflow,Vendor Payments,248373.69
CT-002525,COMP-03,2025-06-20,inflow,Revenue/Collections,290401.01
CT-002526,COMP-03,2025-06-20,outflow,Payroll,230156.47
CT-002527,COMP-03,2025-06-21,inflow,Revenue/Collections,108405.04
CT-002528,COMP-03,2025-06-21,outflow,Payroll,83329.11
CT-002529,COMP-03,2025-06-22,inflow,Revenue/Collections,136048.29
CT-002530,COMP-03,2025-06-22,outflow,Operating Expenses,54379.52
CT-002531,COMP-03,2025-06-23,inflow,Revenue/Collections,314698.2
CT-002532,COMP-03,2025-06-23,outflow,Payroll,303577.88
CT-002533,COMP-03,2025-06-24,inflow,Revenue/Collections,325748.89
CT-002534,COMP-03,2025-06-24,outflow,Operating Expenses,267136.12
CT-002535,COMP-03,2025-06-25,inflow,Revenue/Collections,294504.77
CT-002536,COMP-03,2025-06-25,outflow,Vendor Payments,265537.44
CT-002537,COMP-03,2025-06-26,inflow,Revenue/Collections,344873.09
CT-002538,COMP-03,2025-06-26,outflow,Payroll,490163.56
CT-002539,COMP-03,2025-06-27,inflow,Revenue/Collections,311084.87
CT-002540,COMP-03,2025-06-27,outflow,Payroll,500605.18
CT-002541,COMP-03,2025-06-28,inflow,Revenue/Collections,123313.38
CT-002542,COMP-03,2025-06-28,outflow,Payroll,76847.25
CT-002543,COMP-03,2025-06-29,inflow,Revenue/Collections,147685.95
CT-002544,COMP-03,2025-06-29,outflow,Vendor Payments,115098.13
CT-002545,COMP-03,2025-06-30,inflow,Revenue/Collections,301095.06
CT-002546,COMP-03,2025-06-30,outflow,Payroll,496084.8
CT-002547,COMP-03,2025-07-01,inflow,Revenue/Collections,333893.74
CT-002548,COMP-03,2025-07-01,outflow,Payroll,237879.75
CT-002549,COMP-03,2025-07-02,inflow,Revenue/Collections,354065.47
CT-002550,COMP-03,2025-07-02,outflow,Vendor Payments,233410.92
CT-002551,COMP-03,2025-07-03,inflow,Revenue/Collections,400643.75
CT-002552,COMP-03,2025-07-03,outflow,Payroll,290018.53
CT-002553,COMP-03,2025-07-04,inflow,Revenue/Collections,363387.54
CT-002554,COMP-03,2025-07-04,outflow,Operating Expenses,275275.35
CT-002555,COMP-03,2025-07-05,inflow,Revenue/Collections,123468.66
CT-002556,COMP-03,2025-07-05,outflow,Vendor Payments,50065.68
CT-002557,COMP-03,2025-07-06,inflow,Revenue/Collections,109328.99
CT-002558,COMP-03,2025-07-06,outflow,Vendor Payments,78655.83
CT-002559,COMP-03,2025-07-07,inflow,Revenue/Collections,293836.12
CT-002560,COMP-03,2025-07-07,outflow,Payroll,290831.01
CT-002561,COMP-03,2025-07-08,inflow,Revenue/Collections,318925.71
CT-002562,COMP-03,2025-07-08,outflow,Payroll,259750.83
CT-002563,COMP-03,2025-07-09,inflow,Revenue/Collections,332509.32
CT-002564,COMP-03,2025-07-09,outflow,Operating Expenses,284715.85
CT-002565,COMP-03,2025-07-10,inflow,Revenue/Collections,328331.84
CT-002566,COMP-03,2025-07-10,outflow,Vendor Payments,274922.93
CT-002567,COMP-03,2025-07-11,inflow,Revenue/Collections,300778.46
CT-002568,COMP-03,2025-07-11,outflow,Payroll,299869.6
CT-002569,COMP-03,2025-07-12,inflow,Revenue/Collections,111668.23
CT-002570,COMP-03,2025-07-12,outflow,Operating Expenses,102567.05
CT-002571,COMP-03,2025-07-13,inflow,Revenue/Collections,94210.5
CT-002572,COMP-03,2025-07-13,outflow,Payroll,77258.53
CT-002573,COMP-03,2025-07-14,inflow,Revenue/Collections,331163.18
CT-002574,COMP-03,2025-07-14,outflow,Payroll,231164.24
CT-002575,COMP-03,2025-07-15,inflow,Revenue/Collections,299683.67
CT-002576,COMP-03,2025-07-15,outflow,Vendor Payments,265256.52
CT-002577,COMP-03,2025-07-16,inflow,Revenue/Collections,300666.29
CT-002578,COMP-03,2025-07-16,outflow,Payroll,236240.76
CT-002579,COMP-03,2025-07-17,inflow,Revenue/Collections,345392.54
CT-002580,COMP-03,2025-07-17,outflow,Operating Expenses,250891.63
CT-002581,COMP-03,2025-07-18,inflow,Revenue/Collections,301383.9
CT-002582,COMP-03,2025-07-18,outflow,Payroll,287559.22
CT-002583,COMP-03,2025-07-19,inflow,Revenue/Collections,125478.51
CT-002584,COMP-03,2025-07-19,outflow,Vendor Payments,103439.74
CT-002585,COMP-03,2025-07-20,inflow,Revenue/Collections,130536.91
CT-002586,COMP-03,2025-07-20,outflow,Payroll,99820.13
CT-002587,COMP-03,2025-07-21,inflow,Revenue/Collections,346205.32
CT-002588,COMP-03,2025-07-21,outflow,Vendor Payments,240104.37
CT-002589,COMP-03,2025-07-22,inflow,Revenue/Collections,312915.8
CT-002590,COMP-03,2025-07-22,outflow,Payroll,249105.49
CT-002591,COMP-03,2025-07-23,inflow,Revenue/Collections,307333.35
CT-002592,COMP-03,2025-07-23,outflow,Operating Expenses,267761.46
CT-002593,COMP-03,2025-07-24,inflow,Revenue/Collections,320202.48
CT-002594,COMP-03,2025-07-24,outflow,Payroll,306125.9
CT-002595,COMP-03,2025-07-25,inflow,Revenue/Collections,346825.84
CT-002596,COMP-03,2025-07-25,outflow,Payroll,296360.2
CT-002597,COMP-03,2025-07-26,inflow,Revenue/Collections,108738.86
CT-002598,COMP-03,2025-07-26,outflow,Vendor Payments,110825.78
CT-002599,COMP-03,2025-07-27,inflow,Revenue/Collections,117688.72
CT-002600,COMP-03,2025-07-27,outflow,Operating Expenses,79580.44
CT-002601,COMP-03,2025-07-28,inflow,Revenue/Collections,333375.25
CT-002602,COMP-03,2025-07-28,outflow,Vendor Payments,414197.35
CT-002603,COMP-03,2025-07-29,inflow,Revenue/Collections,346830.61
CT-002604,COMP-03,2025-07-29,outflow,Payroll,400301.24
CT-002605,COMP-03,2025-07-30,inflow,Revenue/Collections,320412.89
CT-002606,COMP-03,2025-07-30,outflow,Payroll,443929.3
CT-002607,COMP-03,2025-07-31,inflow,Revenue/Collections,305287.91
CT-002608,COMP-03,2025-07-31,outflow,Vendor Payments,441828.18
CT-002609,COMP-03,2025-08-01,inflow,Revenue/Collections,364952.36
CT-002610,COMP-03,2025-08-01,outflow,Payroll,232221.83
CT-002611,COMP-03,2025-08-02,inflow,Revenue/Collections,179521.81
CT-002612,COMP-03,2025-08-02,outflow,Vendor Payments,79880.7
CT-002613,COMP-03,2025-08-03,inflow,Revenue/Collections,141617.01
CT-002614,COMP-03,2025-08-03,outflow,Payroll,97069.75
CT-002615,COMP-03,2025-08-04,inflow,Revenue/Collections,354376.56
CT-002616,COMP-03,2025-08-04,outflow,Payroll,262948.47
CT-002617,COMP-03,2025-08-05,inflow,Revenue/Collections,356731.24
CT-002618,COMP-03,2025-08-05,outflow,Vendor Payments,297947.34
CT-002619,COMP-03,2025-08-06,inflow,Revenue/Collections,317304.48
CT-002620,COMP-03,2025-08-06,outflow,Operating Expenses,311848.4
CT-002621,COMP-03,2025-08-07,inflow,Revenue/Collections,340755.51
CT-002622,COMP-03,2025-08-07,outflow,Payroll,258219.4
CT-002623,COMP-03,2025-08-08,inflow,Revenue/Collections,300957.46
CT-002624,COMP-03,2025-08-08,outflow,Payroll,263872.55
CT-002625,COMP-03,2025-08-09,inflow,Revenue/Collections,143854.72
CT-002626,COMP-03,2025-08-09,outflow,Payroll,85817.08
CT-002627,COMP-03,2025-08-10,inflow,Revenue/Collections,119095.62
CT-002628,COMP-03,2025-08-10,outflow,Payroll,62777.01
CT-002629,COMP-03,2025-08-11,inflow,Revenue/Collections,327821.23
CT-002630,COMP-03,2025-08-11,outflow,Payroll,266443.81
CT-002631,COMP-03,2025-08-12,inflow,Revenue/Collections,327011.36
CT-002632,COMP-03,2025-08-12,outflow,Payroll,254511.96
CT-002633,COMP-03,2025-08-13,inflow,Revenue/Collections,309847.34
CT-002634,COMP-03,2025-08-13,outflow,Payroll,237802.6
CT-002635,COMP-03,2025-08-14,inflow,Revenue/Collections,351434.4
CT-002636,COMP-03,2025-08-14,outflow,Vendor Payments,272447.83
CT-002637,COMP-03,2025-08-15,inflow,Revenue/Collections,306362.79
CT-002638,COMP-03,2025-08-15,outflow,Vendor Payments,235784.05
CT-002639,COMP-03,2025-08-16,inflow,Revenue/Collections,123740.4
CT-002640,COMP-03,2025-08-16,outflow,Payroll,99216.74
CT-002641,COMP-03,2025-08-17,inflow,Revenue/Collections,130292.24
CT-002642,COMP-03,2025-08-17,outflow,Payroll,83055.87
CT-002643,COMP-03,2025-08-18,inflow,Revenue/Collections,301128.23
CT-002644,COMP-03,2025-08-18,outflow,Vendor Payments,297108.5
CT-002645,COMP-03,2025-08-19,inflow,Revenue/Collections,336273.94
CT-002646,COMP-03,2025-08-19,outflow,Operating Expenses,234540.16
CT-002647,COMP-03,2025-08-20,inflow,Revenue/Collections,313295.5
CT-002648,COMP-03,2025-08-20,outflow,Operating Expenses,298201.41
CT-002649,COMP-03,2025-08-21,inflow,Revenue/Collections,345300.73
CT-002650,COMP-03,2025-08-21,outflow,Vendor Payments,240870.75
CT-002651,COMP-03,2025-08-22,inflow,Revenue/Collections,314829.95
CT-002652,COMP-03,2025-08-22,outflow,Payroll,264664.58
CT-002653,COMP-03,2025-08-23,inflow,Revenue/Collections,137502.24
CT-002654,COMP-03,2025-08-23,outflow,Payroll,109674.18
CT-002655,COMP-03,2025-08-24,inflow,Revenue/Collections,125164.48
CT-002656,COMP-03,2025-08-24,outflow,Vendor Payments,107412.16
CT-002657,COMP-03,2025-08-25,inflow,Revenue/Collections,303506.36
CT-002658,COMP-03,2025-08-25,outflow,Vendor Payments,261421.97
CT-002659,COMP-03,2025-08-26,inflow,Revenue/Collections,341881.81
CT-002660,COMP-03,2025-08-26,outflow,Operating Expenses,348031.2
CT-002661,COMP-03,2025-08-27,inflow,Revenue/Collections,312203.2
CT-002662,COMP-03,2025-08-27,outflow,Payroll,490671.9
CT-002663,COMP-03,2025-08-28,inflow,Revenue/Collections,301984.71
CT-002664,COMP-03,2025-08-28,outflow,Vendor Payments,447062.06
CT-002665,COMP-03,2025-08-29,inflow,Revenue/Collections,346809.95
CT-002666,COMP-03,2025-08-29,outflow,Payroll,514625.92
CT-002667,COMP-03,2025-08-30,inflow,Revenue/Collections,132055.24
CT-002668,COMP-03,2025-08-30,outflow,Vendor Payments,158352.99
CT-002669,COMP-03,2025-08-31,inflow,Revenue/Collections,108566.88
CT-002670,COMP-03,2025-08-31,outflow,Operating Expenses,112364.9
CT-002671,COMP-03,2025-09-01,inflow,Revenue/Collections,383125.97
CT-002672,COMP-03,2025-09-01,outflow,Vendor Payments,280299.48
CT-002673,COMP-03,2025-09-02,inflow,Revenue/Collections,380025.7
CT-002674,COMP-03,2025-09-02,outflow,Payroll,305837.75
CT-002675,COMP-03,2025-09-03,inflow,Revenue/Collections,451928.32
CT-002676,COMP-03,2025-09-03,outflow,Operating Expenses,307602.15
CT-002677,COMP-03,2025-09-04,inflow,Revenue/Collections,441258.27
CT-002678,COMP-03,2025-09-04,outflow,Payroll,292751.02
CT-002679,COMP-03,2025-09-05,inflow,Revenue/Collections,379656.95
CT-002680,COMP-03,2025-09-05,outflow,Vendor Payments,265528.53
CT-002681,COMP-03,2025-09-06,inflow,Revenue/Collections,130221.6
CT-002682,COMP-03,2025-09-06,outflow,Payroll,84948.71
CT-002683,COMP-03,2025-09-07,inflow,Revenue/Collections,171198.77
CT-002684,COMP-03,2025-09-07,outflow,Vendor Payments,85457.2
CT-002685,COMP-03,2025-09-08,inflow,Revenue/Collections,330427.24
CT-002686,COMP-03,2025-09-08,outflow,Vendor Payments,252550.81
CT-002687,COMP-03,2025-09-09,inflow,Revenue/Collections,314932.28
CT-002688,COMP-03,2025-09-09,outflow,Operating Expenses,244885.62
CT-002689,COMP-03,2025-09-10,inflow,Revenue/Collections,314041.01
CT-002690,COMP-03,2025-09-10,outflow,Payroll,268384.37
CT-002691,COMP-03,2025-09-11,inflow,Revenue/Collections,341375.04
CT-002692,COMP-03,2025-09-11,outflow,Operating Expenses,252861.07
CT-002693,COMP-03,2025-09-12,inflow,Revenue/Collections,343550.82
CT-002694,COMP-03,2025-09-12,outflow,Payroll,314656.58
CT-002695,COMP-03,2025-09-13,inflow,Revenue/Collections,162563.05
CT-002696,COMP-03,2025-09-13,outflow,Operating Expenses,77844.6
CT-002697,COMP-03,2025-09-14,inflow,Revenue/Collections,150779.31
CT-002698,COMP-03,2025-09-14,outflow,Operating Expenses,89115.47
CT-002699,COMP-03,2025-09-15,inflow,Revenue/Collections,332664.21
CT-002700,COMP-03,2025-09-15,outflow,Payroll,280787.29
CT-002701,COMP-03,2025-09-16,inflow,Revenue/Collections,310407.71
CT-002702,COMP-03,2025-09-16,outflow,Operating Expenses,295106.74
CT-002703,COMP-03,2025-09-17,inflow,Revenue/Collections,341424.73
CT-002704,COMP-03,2025-09-17,outflow,Payroll,290818.16
CT-002705,COMP-03,2025-09-18,inflow,Revenue/Collections,365505.52
CT-002706,COMP-03,2025-09-18,outflow,Operating Expenses,315731.32
CT-002707,COMP-03,2025-09-19,inflow,Revenue/Collections,338938.55
CT-002708,COMP-03,2025-09-19,outflow,Operating Expenses,241367.42
CT-002709,COMP-03,2025-09-20,inflow,Revenue/Collections,103569.03
CT-002710,COMP-03,2025-09-20,outflow,Payroll,72530.48
CT-002711,COMP-03,2025-09-21,inflow,Revenue/Collections,102933.2
CT-002712,COMP-03,2025-09-21,outflow,Operating Expenses,72027.53
CT-002713,COMP-03,2025-09-22,inflow,Revenue/Collections,343332.77
CT-002714,COMP-03,2025-09-22,outflow,Operating Expenses,309914.13
CT-002715,COMP-03,2025-09-23,inflow,Revenue/Collections,351847.45
CT-002716,COMP-03,2025-09-23,outflow,Payroll,302879.41
CT-002717,COMP-03,2025-09-24,inflow,Revenue/Collections,363408.25
CT-002718,COMP-03,2025-09-24,outflow,Vendor Payments,288273.21
CT-002719,COMP-03,2025-09-25,inflow,Revenue/Collections,306263.15
CT-002720,COMP-03,2025-09-25,outflow,Vendor Payments,265771.99
CT-002721,COMP-03,2025-09-26,inflow,Revenue/Collections,343826.34
CT-002722,COMP-03,2025-09-26,outflow,Operating Expenses,484260.65
CT-002723,COMP-03,2025-09-27,inflow,Revenue/Collections,152280.97
CT-002724,COMP-03,2025-09-27,outflow,Operating Expenses,97216.24
CT-002725,COMP-03,2025-09-28,inflow,Revenue/Collections,141614.75
CT-002726,COMP-03,2025-09-28,outflow,Payroll,157696.0
CT-002727,COMP-03,2025-09-29,inflow,Revenue/Collections,326733.8
CT-002728,COMP-03,2025-09-29,outflow,Operating Expenses,499053.14
CT-002729,COMP-03,2025-09-30,inflow,Revenue/Collections,362936.98
CT-002730,COMP-03,2025-09-30,outflow,Payroll,567521.3
CT-002731,COMP-03,2025-10-01,inflow,Revenue/Collections,371144.69
CT-002732,COMP-03,2025-10-01,outflow,Vendor Payments,252966.01
CT-002733,COMP-03,2025-10-02,inflow,Revenue/Collections,374991.32
CT-002734,COMP-03,2025-10-02,outflow,Operating Expenses,271197.88
CT-002735,COMP-03,2025-10-03,inflow,Revenue/Collections,364967.29
CT-002736,COMP-03,2025-10-03,outflow,Operating Expenses,294575.07
CT-002737,COMP-03,2025-10-04,inflow,Revenue/Collections,197827.08
CT-002738,COMP-03,2025-10-04,outflow,Vendor Payments,66938.13
CT-002739,COMP-03,2025-10-05,inflow,Revenue/Collections,180960.16
CT-002740,COMP-03,2025-10-05,outflow,Vendor Payments,118282.53
CT-002741,COMP-03,2025-10-06,inflow,Revenue/Collections,322307.9
CT-002742,COMP-03,2025-10-06,outflow,Payroll,289291.53
CT-002743,COMP-03,2025-10-07,inflow,Revenue/Collections,357713.06
CT-002744,COMP-03,2025-10-07,outflow,Operating Expenses,248831.08
CT-002745,COMP-03,2025-10-08,inflow,Revenue/Collections,364640.05
CT-002746,COMP-03,2025-10-08,outflow,Vendor Payments,262311.13
CT-002747,COMP-03,2025-10-09,inflow,Revenue/Collections,324304.17
CT-002748,COMP-03,2025-10-09,outflow,Vendor Payments,316648.21
CT-002749,COMP-03,2025-10-10,inflow,Revenue/Collections,338419.31
CT-002750,COMP-03,2025-10-10,outflow,Payroll,314973.17
CT-002751,COMP-03,2025-10-11,inflow,Revenue/Collections,124523.72
CT-002752,COMP-03,2025-10-11,outflow,Operating Expenses,96138.01
CT-002753,COMP-03,2025-10-12,inflow,Revenue/Collections,129202.27
CT-002754,COMP-03,2025-10-12,outflow,Vendor Payments,109410.68
CT-002755,COMP-03,2025-10-13,inflow,Revenue/Collections,328444.88
CT-002756,COMP-03,2025-10-13,outflow,Vendor Payments,298449.12
CT-002757,COMP-03,2025-10-14,inflow,Revenue/Collections,354271.78
CT-002758,COMP-03,2025-10-14,outflow,Operating Expenses,271819.78
CT-002759,COMP-03,2025-10-15,inflow,Revenue/Collections,329250.87
CT-002760,COMP-03,2025-10-15,outflow,Vendor Payments,255414.73
CT-002761,COMP-03,2025-10-16,inflow,Revenue/Collections,327984.38
CT-002762,COMP-03,2025-10-16,outflow,Operating Expenses,262276.37
CT-002763,COMP-03,2025-10-17,inflow,Revenue/Collections,323327.47
CT-002764,COMP-03,2025-10-17,outflow,Operating Expenses,303709.85
CT-002765,COMP-03,2025-10-18,inflow,Revenue/Collections,139870.62
CT-002766,COMP-03,2025-10-18,outflow,Payroll,69267.97
CT-002767,COMP-03,2025-10-19,inflow,Revenue/Collections,135955.78
CT-002768,COMP-03,2025-10-19,outflow,Vendor Payments,94667.45
CT-002769,COMP-03,2025-10-20,inflow,Revenue/Collections,334822.41
CT-002770,COMP-03,2025-10-20,outflow,Operating Expenses,291343.47
CT-002771,COMP-03,2025-10-21,inflow,Revenue/Collections,350122.93
CT-002772,COMP-03,2025-10-21,outflow,Payroll,324288.2
CT-002773,COMP-03,2025-10-22,inflow,Revenue/Collections,330155.61
CT-002774,COMP-03,2025-10-22,outflow,Operating Expenses,279853.04
CT-002775,COMP-03,2025-10-23,inflow,Revenue/Collections,371237.58
CT-002776,COMP-03,2025-10-23,outflow,Vendor Payments,296124.47
CT-002777,COMP-03,2025-10-24,inflow,Revenue/Collections,319871.59
CT-002778,COMP-03,2025-10-24,outflow,Payroll,307481.75
CT-002779,COMP-03,2025-10-25,inflow,Revenue/Collections,151432.27
CT-002780,COMP-03,2025-10-25,outflow,Vendor Payments,85091.82
CT-002781,COMP-03,2025-10-26,inflow,Revenue/Collections,134252.1
CT-002782,COMP-03,2025-10-26,outflow,Operating Expenses,156612.85
CT-002783,COMP-03,2025-10-27,inflow,Revenue/Collections,360073.98
CT-002784,COMP-03,2025-10-27,outflow,Payroll,501548.0
CT-002785,COMP-03,2025-10-28,inflow,Revenue/Collections,364633.23
CT-002786,COMP-03,2025-10-28,outflow,Vendor Payments,345975.66
CT-002787,COMP-03,2025-10-29,inflow,Revenue/Collections,334457.7
CT-002788,COMP-03,2025-10-29,outflow,Payroll,402847.02
CT-002789,COMP-03,2025-10-30,inflow,Revenue/Collections,356051.92
CT-002790,COMP-03,2025-10-30,outflow,Operating Expenses,364359.54
CT-002791,COMP-03,2025-10-31,inflow,Revenue/Collections,354716.23
CT-002792,COMP-03,2025-10-31,outflow,Operating Expenses,430386.94
CT-002793,COMP-03,2025-11-01,inflow,Revenue/Collections,186996.07
CT-002794,COMP-03,2025-11-01,outflow,Operating Expenses,72963.25
CT-002795,COMP-03,2025-11-02,inflow,Revenue/Collections,127668.34
CT-002796,COMP-03,2025-11-02,outflow,Payroll,73202.21
CT-002797,COMP-03,2025-11-03,inflow,Revenue/Collections,351921.73
CT-002798,COMP-03,2025-11-03,outflow,Vendor Payments,265502.82
CT-002799,COMP-03,2025-11-04,inflow,Revenue/Collections,411647.65
CT-002800,COMP-03,2025-11-04,outflow,Vendor Payments,257478.05
CT-002801,COMP-03,2025-11-05,inflow,Revenue/Collections,357486.71
CT-002802,COMP-03,2025-11-05,outflow,Vendor Payments,292992.54
CT-002803,COMP-03,2025-11-06,inflow,Revenue/Collections,368766.85
CT-002804,COMP-03,2025-11-06,outflow,Operating Expenses,297001.12
CT-002805,COMP-03,2025-11-07,inflow,Revenue/Collections,360111.79
CT-002806,COMP-03,2025-11-07,outflow,Payroll,305851.95
CT-002807,COMP-03,2025-11-08,inflow,Revenue/Collections,128651.51
CT-002808,COMP-03,2025-11-08,outflow,Vendor Payments,111433.17
CT-002809,COMP-03,2025-11-09,inflow,Revenue/Collections,122955.24
CT-002810,COMP-03,2025-11-09,outflow,Vendor Payments,107214.25
CT-002811,COMP-03,2025-11-10,inflow,Revenue/Collections,371919.69
CT-002812,COMP-03,2025-11-10,outflow,Payroll,292315.78
CT-002813,COMP-03,2025-11-11,inflow,Revenue/Collections,370472.79
CT-002814,COMP-03,2025-11-11,outflow,Operating Expenses,317506.6
CT-002815,COMP-03,2025-11-12,inflow,Revenue/Collections,378090.3
CT-002816,COMP-03,2025-11-12,outflow,Operating Expenses,279129.68
CT-002817,COMP-03,2025-11-13,inflow,Revenue/Collections,371001.73
CT-002818,COMP-03,2025-11-13,outflow,Operating Expenses,306122.88
CT-002819,COMP-03,2025-11-14,inflow,Revenue/Collections,323486.64
CT-002820,COMP-03,2025-11-14,outflow,Vendor Payments,304067.3
CT-002821,COMP-03,2025-11-15,inflow,Revenue/Collections,175248.46
CT-002822,COMP-03,2025-11-15,outflow,Vendor Payments,79868.47
CT-002823,COMP-03,2025-11-16,inflow,Revenue/Collections,173882.6
CT-002824,COMP-03,2025-11-16,outflow,Operating Expenses,74743.65
CT-002825,COMP-03,2025-11-17,inflow,Revenue/Collections,355693.0
CT-002826,COMP-03,2025-11-17,outflow,Vendor Payments,294617.29
CT-002827,COMP-03,2025-11-18,inflow,Revenue/Collections,349409.36
CT-002828,COMP-03,2025-11-18,outflow,Payroll,286198.05
CT-002829,COMP-03,2025-11-19,inflow,Revenue/Collections,337478.5
CT-002830,COMP-03,2025-11-19,outflow,Operating Expenses,314045.64
CT-002831,COMP-03,2025-11-20,inflow,Revenue/Collections,340816.3
CT-002832,COMP-03,2025-11-20,outflow,Vendor Payments,308601.61
CT-002833,COMP-03,2025-11-21,inflow,Revenue/Collections,344771.27
CT-002834,COMP-03,2025-11-21,outflow,Operating Expenses,275267.12
CT-002835,COMP-03,2025-11-22,inflow,Revenue/Collections,148713.86
CT-002836,COMP-03,2025-11-22,outflow,Vendor Payments,91989.5
CT-002837,COMP-03,2025-11-23,inflow,Revenue/Collections,139229.72
CT-002838,COMP-03,2025-11-23,outflow,Payroll,78430.59
CT-002839,COMP-03,2025-11-24,inflow,Revenue/Collections,360680.39
CT-002840,COMP-03,2025-11-24,outflow,Operating Expenses,328069.57
CT-002841,COMP-03,2025-11-25,inflow,Revenue/Collections,336487.09
CT-002842,COMP-03,2025-11-25,outflow,Payroll,258406.64
CT-002843,COMP-03,2025-11-26,inflow,Revenue/Collections,319879.95
CT-002844,COMP-03,2025-11-26,outflow,Operating Expenses,404148.56
CT-002845,COMP-03,2025-11-27,inflow,Revenue/Collections,375587.99
CT-002846,COMP-03,2025-11-27,outflow,Operating Expenses,461951.44
CT-002847,COMP-03,2025-11-28,inflow,Revenue/Collections,344743.45
CT-002848,COMP-03,2025-11-28,outflow,Vendor Payments,502675.74
CT-002849,COMP-03,2025-11-29,inflow,Revenue/Collections,136684.42
CT-002850,COMP-03,2025-11-29,outflow,Operating Expenses,162493.71
CT-002851,COMP-03,2025-11-30,inflow,Revenue/Collections,131158.57
CT-002852,COMP-03,2025-11-30,outflow,Vendor Payments,147404.0
CT-002853,COMP-03,2025-12-01,inflow,Revenue/Collections,385977.66
CT-002854,COMP-03,2025-12-01,outflow,Vendor Payments,306791.26
CT-002855,COMP-03,2025-12-02,inflow,Revenue/Collections,360466.03
CT-002856,COMP-03,2025-12-02,outflow,Operating Expenses,306703.26
CT-002857,COMP-03,2025-12-03,inflow,Revenue/Collections,476258.18
CT-002858,COMP-03,2025-12-03,outflow,Operating Expenses,297651.01
CT-002859,COMP-03,2025-12-04,inflow,Revenue/Collections,402589.87
CT-002860,COMP-03,2025-12-04,outflow,Operating Expenses,265220.46
CT-002861,COMP-03,2025-12-05,inflow,Revenue/Collections,399102.26
CT-002862,COMP-03,2025-12-05,outflow,Operating Expenses,317559.52
CT-002863,COMP-03,2025-12-06,inflow,Revenue/Collections,173663.07
CT-002864,COMP-03,2025-12-06,outflow,Operating Expenses,84452.13
CT-002865,COMP-03,2025-12-07,inflow,Revenue/Collections,119006.68
CT-002866,COMP-03,2025-12-07,outflow,Vendor Payments,90635.02
CT-002867,COMP-03,2025-12-08,inflow,Revenue/Collections,360218.35
CT-002868,COMP-03,2025-12-08,outflow,Payroll,268072.74
CT-002869,COMP-03,2025-12-09,inflow,Revenue/Collections,332867.14
CT-002870,COMP-03,2025-12-09,outflow,Vendor Payments,269272.23
CT-002871,COMP-03,2025-12-10,inflow,Revenue/Collections,337869.99
CT-002872,COMP-03,2025-12-10,outflow,Payroll,252794.0
CT-002873,COMP-03,2025-12-11,inflow,Revenue/Collections,327885.55
CT-002874,COMP-03,2025-12-11,outflow,Vendor Payments,309066.98
CT-002875,COMP-03,2025-12-12,inflow,Revenue/Collections,364944.03
CT-002876,COMP-03,2025-12-12,outflow,Payroll,267007.39
CT-002877,COMP-03,2025-12-13,inflow,Revenue/Collections,124376.22
CT-002878,COMP-03,2025-12-13,outflow,Vendor Payments,112696.42
CT-002879,COMP-03,2025-12-14,inflow,Revenue/Collections,144084.79
CT-002880,COMP-03,2025-12-14,outflow,Vendor Payments,97412.72
CT-002881,COMP-03,2025-12-15,inflow,Revenue/Collections,360522.89
CT-002882,COMP-03,2025-12-15,outflow,Payroll,322910.06
CT-002883,COMP-03,2025-12-16,inflow,Revenue/Collections,325082.1
CT-002884,COMP-03,2025-12-16,outflow,Vendor Payments,335507.23
CT-002885,COMP-03,2025-12-17,inflow,Revenue/Collections,326532.93
CT-002886,COMP-03,2025-12-17,outflow,Operating Expenses,320439.77
CT-002887,COMP-03,2025-12-18,inflow,Revenue/Collections,335233.89
CT-002888,COMP-03,2025-12-18,outflow,Vendor Payments,298858.11
CT-002889,COMP-03,2025-12-19,inflow,Revenue/Collections,369101.88
CT-002890,COMP-03,2025-12-19,outflow,Operating Expenses,271104.56
CT-002891,COMP-03,2025-12-20,inflow,Revenue/Collections,164771.22
CT-002892,COMP-03,2025-12-20,outflow,Payroll,79700.53
CT-002893,COMP-03,2025-12-21,inflow,Revenue/Collections,111701.04
CT-002894,COMP-03,2025-12-21,outflow,Operating Expenses,59456.78
CT-002895,COMP-03,2025-12-22,inflow,Revenue/Collections,327316.48
CT-002896,COMP-03,2025-12-22,outflow,Payroll,281340.35
CT-002897,COMP-03,2025-12-23,inflow,Revenue/Collections,368548.61
CT-002898,COMP-03,2025-12-23,outflow,Operating Expenses,267701.68
CT-002899,COMP-03,2025-12-24,inflow,Revenue/Collections,365901.61
CT-002900,COMP-03,2025-12-24,outflow,Vendor Payments,324765.15
CT-002901,COMP-03,2025-12-25,inflow,Revenue/Collections,378504.88
CT-002902,COMP-03,2025-12-25,outflow,Payroll,305989.77
CT-002903,COMP-03,2025-12-26,inflow,Revenue/Collections,366279.55
CT-002904,COMP-03,2025-12-26,outflow,Operating Expenses,428448.21
CT-002905,COMP-03,2025-12-27,inflow,Revenue/Collections,179177.91
CT-002906,COMP-03,2025-12-27,outflow,Vendor Payments,137549.26
CT-002907,COMP-03,2025-12-28,inflow,Revenue/Collections,124513.6
CT-002908,COMP-03,2025-12-28,outflow,Payroll,160621.82
CT-002909,COMP-03,2025-12-29,inflow,Revenue/Collections,379754.7
CT-002910,COMP-03,2025-12-29,outflow,Payroll,453176.7
CT-002911,COMP-03,2025-12-30,inflow,Revenue/Collections,333633.99
CT-002912,COMP-03,2025-12-30,outflow,Operating Expenses,527085.51
CT-002913,COMP-03,2025-12-31,inflow,Revenue/Collections,351494.89
CT-002914,COMP-03,2025-12-31,outflow,Operating Expenses,465577.7
CT-002915,COMP-03,2026-01-01,inflow,Revenue/Collections,431497.6
CT-002916,COMP-03,2026-01-01,outflow,Operating Expenses,318542.15
CT-002917,COMP-03,2026-01-02,inflow,Revenue/Collections,409222.78
CT-002918,COMP-03,2026-01-02,outflow,Payroll,294648.9
CT-002919,COMP-03,2026-01-03,inflow,Revenue/Collections,161611.36
CT-002920,COMP-03,2026-01-03,outflow,Vendor Payments,74709.9
CT-002921,COMP-03,2026-01-04,inflow,Revenue/Collections,129432.89
CT-002922,COMP-03,2026-01-04,outflow,Operating Expenses,134179.62
CT-002923,COMP-03,2026-01-05,inflow,Revenue/Collections,398516.46
CT-002924,COMP-03,2026-01-05,outflow,Payroll,286229.28
CT-002925,COMP-03,2026-01-06,inflow,Revenue/Collections,369333.81
CT-002926,COMP-03,2026-01-06,outflow,Vendor Payments,296871.31
CT-002927,COMP-03,2026-01-07,inflow,Revenue/Collections,354228.29
CT-002928,COMP-03,2026-01-07,outflow,Vendor Payments,304131.53
CT-002929,COMP-03,2026-01-08,inflow,Revenue/Collections,342153.93
CT-002930,COMP-03,2026-01-08,outflow,Operating Expenses,294339.76
CT-002931,COMP-03,2026-01-09,inflow,Revenue/Collections,380254.38
CT-002932,COMP-03,2026-01-09,outflow,Operating Expenses,277301.23
CT-002933,COMP-03,2026-01-10,inflow,Revenue/Collections,164054.43
CT-002934,COMP-03,2026-01-10,outflow,Payroll,96339.88
CT-002935,COMP-03,2026-01-11,inflow,Revenue/Collections,153528.61
CT-002936,COMP-03,2026-01-11,outflow,Vendor Payments,92904.59
CT-002937,COMP-03,2026-01-12,inflow,Revenue/Collections,327237.64
CT-002938,COMP-03,2026-01-12,outflow,Payroll,287581.08
CT-002939,COMP-03,2026-01-13,inflow,Revenue/Collections,389653.2
CT-002940,COMP-03,2026-01-13,outflow,Payroll,293776.88
CT-002941,COMP-03,2026-01-14,inflow,Revenue/Collections,370942.36
CT-002942,COMP-03,2026-01-14,outflow,Payroll,311183.72
CT-002943,COMP-03,2026-01-15,inflow,Revenue/Collections,360580.9
CT-002944,COMP-03,2026-01-15,outflow,Payroll,277352.16
CT-002945,COMP-03,2026-01-16,inflow,Revenue/Collections,340733.74
CT-002946,COMP-03,2026-01-16,outflow,Payroll,321264.85
CT-002947,COMP-03,2026-01-17,inflow,Revenue/Collections,186122.87
CT-002948,COMP-03,2026-01-17,outflow,Operating Expenses,130430.7
CT-002949,COMP-03,2026-01-18,inflow,Revenue/Collections,112087.46
CT-002950,COMP-03,2026-01-18,outflow,Vendor Payments,64585.36
CT-002951,COMP-03,2026-01-19,inflow,Revenue/Collections,337263.55
CT-002952,COMP-03,2026-01-19,outflow,Operating Expenses,315418.69
CT-002953,COMP-03,2026-01-20,inflow,Revenue/Collections,363900.19
CT-002954,COMP-03,2026-01-20,outflow,Payroll,326095.3
CT-002955,COMP-03,2026-01-21,inflow,Revenue/Collections,351366.02
CT-002956,COMP-03,2026-01-21,outflow,Vendor Payments,294762.61
CT-002957,COMP-03,2026-01-22,inflow,Revenue/Collections,347051.63
CT-002958,COMP-03,2026-01-22,outflow,Payroll,334037.58
CT-002959,COMP-03,2026-01-23,inflow,Revenue/Collections,365756.32
CT-002960,COMP-03,2026-01-23,outflow,Operating Expenses,315038.18
CT-002961,COMP-03,2026-01-24,inflow,Revenue/Collections,135037.7
CT-002962,COMP-03,2026-01-24,outflow,Operating Expenses,65185.19
CT-002963,COMP-03,2026-01-25,inflow,Revenue/Collections,185409.31
CT-002964,COMP-03,2026-01-25,outflow,Vendor Payments,70130.59
CT-002965,COMP-03,2026-01-26,inflow,Revenue/Collections,369843.47
CT-002966,COMP-03,2026-01-26,outflow,Operating Expenses,481528.72
CT-002967,COMP-03,2026-01-27,inflow,Revenue/Collections,333521.71
CT-002968,COMP-03,2026-01-27,outflow,Operating Expenses,648543.27
CT-002969,COMP-03,2026-01-28,inflow,Revenue/Collections,374690.12
CT-002970,COMP-03,2026-01-28,outflow,Vendor Payments,472505.08
CT-002971,COMP-03,2026-01-29,inflow,Revenue/Collections,371307.23
CT-002972,COMP-03,2026-01-29,outflow,Payroll,557646.4
CT-002973,COMP-03,2026-01-30,inflow,Revenue/Collections,354018.03
CT-002974,COMP-03,2026-01-30,outflow,Payroll,596313.4
CT-002975,COMP-03,2026-01-31,inflow,Revenue/Collections,109777.06
CT-002976,COMP-03,2026-01-31,outflow,Operating Expenses,124953.85
CT-002977,COMP-03,2026-02-01,inflow,Revenue/Collections,161422.47
CT-002978,COMP-03,2026-02-01,outflow,Vendor Payments,64883.86
CT-002979,COMP-03,2026-02-02,inflow,Revenue/Collections,460621.84
CT-002980,COMP-03,2026-02-02,outflow,Payroll,270560.03
CT-002981,COMP-03,2026-02-03,inflow,Revenue/Collections,452564.99
CT-002982,COMP-03,2026-02-03,outflow,Operating Expenses,341209.27
CT-002983,COMP-03,2026-02-04,inflow,Revenue/Collections,377691.34
CT-002984,COMP-03,2026-02-04,outflow,Operating Expenses,350847.19
CT-002985,COMP-03,2026-02-05,inflow,Revenue/Collections,406351.7
CT-002986,COMP-03,2026-02-05,outflow,Payroll,292127.07
CT-002987,COMP-03,2026-02-06,inflow,Revenue/Collections,358140.84
CT-002988,COMP-03,2026-02-06,outflow,Vendor Payments,293796.34
CT-002989,COMP-03,2026-02-07,inflow,Revenue/Collections,134447.98
CT-002990,COMP-03,2026-02-07,outflow,Payroll,69530.41
CT-002991,COMP-03,2026-02-08,inflow,Revenue/Collections,159833.78
CT-002992,COMP-03,2026-02-08,outflow,Payroll,79524.23
CT-002993,COMP-03,2026-02-09,inflow,Revenue/Collections,333964.52
CT-002994,COMP-03,2026-02-09,outflow,Payroll,261726.19
CT-002995,COMP-03,2026-02-10,inflow,Revenue/Collections,355611.71
CT-002996,COMP-03,2026-02-10,outflow,Payroll,324890.54
CT-002997,COMP-03,2026-02-11,inflow,Revenue/Collections,355362.12
CT-002998,COMP-03,2026-02-11,outflow,Operating Expenses,266532.36
CT-002999,COMP-03,2026-02-12,inflow,Revenue/Collections,398395.38
CT-003000,COMP-03,2026-02-12,outflow,Vendor Payments,308838.67
CT-003001,COMP-03,2026-02-13,inflow,Revenue/Collections,367612.62
CT-003002,COMP-03,2026-02-13,outflow,Payroll,267327.72
CT-003003,COMP-03,2026-02-14,inflow,Revenue/Collections,135232.08
CT-003004,COMP-03,2026-02-14,outflow,Payroll,105914.82
CT-003005,COMP-03,2026-02-15,inflow,Revenue/Collections,111158.57
CT-003006,COMP-03,2026-02-15,outflow,Vendor Payments,115498.47
CT-003007,COMP-03,2026-02-16,inflow,Revenue/Collections,383411.7
CT-003008,COMP-03,2026-02-16,outflow,Payroll,283938.97
CT-003009,COMP-03,2026-02-17,inflow,Revenue/Collections,385687.53
CT-003010,COMP-03,2026-02-17,outflow,Operating Expenses,273900.99
CT-003011,COMP-03,2026-02-18,inflow,Revenue/Collections,368857.3
CT-003012,COMP-03,2026-02-18,outflow,Payroll,330761.35
CT-003013,COMP-03,2026-02-19,inflow,Revenue/Collections,353945.13
CT-003014,COMP-03,2026-02-19,outflow,Payroll,338597.53
CT-003015,COMP-03,2026-02-20,inflow,Revenue/Collections,331477.82
CT-003016,COMP-03,2026-02-20,outflow,Payroll,345888.48
CT-003017,COMP-03,2026-02-21,inflow,Revenue/Collections,129342.99
CT-003018,COMP-03,2026-02-21,outflow,Vendor Payments,68047.13
CT-003019,COMP-03,2026-02-22,inflow,Revenue/Collections,167232.55
CT-003020,COMP-03,2026-02-22,outflow,Payroll,93708.42
CT-003021,COMP-03,2026-02-23,inflow,Revenue/Collections,401661.16
CT-003022,COMP-03,2026-02-23,outflow,Operating Expenses,301929.3
CT-003023,COMP-03,2026-02-24,inflow,Revenue/Collections,364717.91
CT-003024,COMP-03,2026-02-24,outflow,Vendor Payments,305507.25
CT-003025,COMP-03,2026-02-25,inflow,Revenue/Collections,379088.29
CT-003026,COMP-03,2026-02-25,outflow,Vendor Payments,268944.26
CT-003027,COMP-03,2026-02-26,inflow,Revenue/Collections,382199.8
CT-003028,COMP-03,2026-02-26,outflow,Operating Expenses,548697.7
CT-003029,COMP-03,2026-02-27,inflow,Revenue/Collections,370921.86
CT-003030,COMP-03,2026-02-27,outflow,Operating Expenses,601863.55
CT-003031,COMP-03,2026-02-28,inflow,Revenue/Collections,129629.0
CT-003032,COMP-03,2026-02-28,outflow,Payroll,137989.04
CT-003033,COMP-03,2026-03-01,inflow,Revenue/Collections,150206.41
CT-003034,COMP-03,2026-03-01,outflow,Vendor Payments,126033.57
CT-003035,COMP-03,2026-03-02,inflow,Revenue/Collections,413560.71
CT-003036,COMP-03,2026-03-02,outflow,Vendor Payments,289426.23
CT-003037,COMP-03,2026-03-03,inflow,Revenue/Collections,512561.3
CT-003038,COMP-03,2026-03-03,outflow,Vendor Payments,268415.05
CT-003039,COMP-03,2026-03-04,inflow,Revenue/Collections,445133.79
CT-003040,COMP-03,2026-03-04,outflow,Payroll,265199.05
CT-003041,COMP-03,2026-03-05,inflow,Revenue/Collections,440181.9
CT-003042,COMP-03,2026-03-05,outflow,Vendor Payments,302848.96
CT-003043,COMP-03,2026-03-06,inflow,Revenue/Collections,345379.56
CT-003044,COMP-03,2026-03-06,outflow,Operating Expenses,327675.22
CT-003045,COMP-03,2026-03-07,inflow,Revenue/Collections,157369.02
CT-003046,COMP-03,2026-03-07,outflow,Operating Expenses,86221.25
CT-003047,COMP-03,2026-03-08,inflow,Revenue/Collections,141071.96
CT-003048,COMP-03,2026-03-08,outflow,Payroll,114941.1
CT-003049,COMP-03,2026-03-09,inflow,Revenue/Collections,373400.93
CT-003050,COMP-03,2026-03-09,outflow,Operating Expenses,301542.49
CT-003051,COMP-03,2026-03-10,inflow,Revenue/Collections,337675.06
CT-003052,COMP-03,2026-03-10,outflow,Vendor Payments,321955.81
CT-003053,COMP-03,2026-03-11,inflow,Revenue/Collections,370996.81
CT-003054,COMP-03,2026-03-11,outflow,Payroll,336638.29
CT-003055,COMP-03,2026-03-12,inflow,Revenue/Collections,373061.49
CT-003056,COMP-03,2026-03-12,outflow,Vendor Payments,288231.99
CT-003057,COMP-03,2026-03-13,inflow,Revenue/Collections,402800.41
CT-003058,COMP-03,2026-03-13,outflow,Operating Expenses,283573.67
CT-003059,COMP-03,2026-03-14,inflow,Revenue/Collections,167418.22
CT-003060,COMP-03,2026-03-14,outflow,Payroll,110521.79
CT-003061,COMP-03,2026-03-15,inflow,Revenue/Collections,171851.41
CT-003062,COMP-03,2026-03-15,outflow,Payroll,98372.09
CT-003063,COMP-03,2026-03-16,inflow,Revenue/Collections,403256.46
CT-003064,COMP-03,2026-03-16,outflow,Payroll,277895.72
CT-003065,COMP-03,2026-03-17,inflow,Revenue/Collections,354872.56
CT-003066,COMP-03,2026-03-17,outflow,Vendor Payments,323931.81
CT-003067,COMP-03,2026-03-18,inflow,Revenue/Collections,356503.3
CT-003068,COMP-03,2026-03-18,outflow,Payroll,302518.86
CT-003069,COMP-03,2026-03-19,inflow,Revenue/Collections,350249.69
CT-003070,COMP-03,2026-03-19,outflow,Payroll,275531.99
CT-003071,COMP-03,2026-03-20,inflow,Revenue/Collections,362046.4
CT-003072,COMP-03,2026-03-20,outflow,Operating Expenses,321690.97
CT-003073,COMP-03,2026-03-21,inflow,Revenue/Collections,169874.54
CT-003074,COMP-03,2026-03-21,outflow,Operating Expenses,81508.1
CT-003075,COMP-03,2026-03-22,inflow,Revenue/Collections,169815.2
CT-003076,COMP-03,2026-03-22,outflow,Vendor Payments,110728.39
CT-003077,COMP-03,2026-03-23,inflow,Revenue/Collections,368261.4
CT-003078,COMP-03,2026-03-23,outflow,Vendor Payments,288698.84
CT-003079,COMP-03,2026-03-24,inflow,Revenue/Collections,354897.33
CT-003080,COMP-03,2026-03-24,outflow,Vendor Payments,270249.52
CT-003081,COMP-03,2026-03-25,inflow,Revenue/Collections,343409.53
CT-003082,COMP-03,2026-03-25,outflow,Vendor Payments,353909.7
CT-003083,COMP-03,2026-03-26,inflow,Revenue/Collections,402214.21
CT-003084,COMP-03,2026-03-26,outflow,Vendor Payments,459882.81
CT-003085,COMP-03,2026-03-27,inflow,Revenue/Collections,365687.78
CT-003086,COMP-03,2026-03-27,outflow,Vendor Payments,600078.82
CT-003087,COMP-03,2026-03-28,inflow,Revenue/Collections,168879.75
CT-003088,COMP-03,2026-03-28,outflow,Payroll,157053.83
CT-003089,COMP-03,2026-03-29,inflow,Revenue/Collections,187391.63
CT-003090,COMP-03,2026-03-29,outflow,Payroll,98190.72
CT-003091,COMP-03,2026-03-30,inflow,Revenue/Collections,412796.59
CT-003092,COMP-03,2026-03-30,outflow,Operating Expenses,658698.38
CT-003093,COMP-03,2026-03-31,inflow,Revenue/Collections,399263.96
CT-003094,COMP-03,2026-03-31,outflow,Payroll,542253.82
CT-003095,COMP-03,2026-04-01,inflow,Revenue/Collections,395923.66
CT-003096,COMP-03,2026-04-01,outflow,Payroll,356062.92
CT-003097,COMP-03,2026-04-02,inflow,Revenue/Collections,450107.77
CT-003098,COMP-03,2026-04-02,outflow,Operating Expenses,334333.19
CT-003099,COMP-03,2026-04-03,inflow,Revenue/Collections,508337.44
CT-003100,COMP-03,2026-04-03,outflow,Operating Expenses,322922.45
CT-003101,COMP-03,2026-04-04,inflow,Revenue/Collections,173245.2
CT-003102,COMP-03,2026-04-04,outflow,Payroll,125399.09
CT-003103,COMP-03,2026-04-05,inflow,Revenue/Collections,159896.27
CT-003104,COMP-03,2026-04-05,outflow,Payroll,91559.24
CT-003105,COMP-03,2026-04-06,inflow,Revenue/Collections,413988.99
CT-003106,COMP-03,2026-04-06,outflow,Payroll,290160.54
CT-003107,COMP-03,2026-04-07,inflow,Revenue/Collections,391053.91
CT-003108,COMP-03,2026-04-07,outflow,Payroll,334840.11
CT-003109,COMP-03,2026-04-08,inflow,Revenue/Collections,353592.59
CT-003110,COMP-03,2026-04-08,outflow,Payroll,302326.31
CT-003111,COMP-03,2026-04-09,inflow,Revenue/Collections,342805.17
CT-003112,COMP-03,2026-04-09,outflow,Vendor Payments,286267.22
CT-003113,COMP-03,2026-04-10,inflow,Revenue/Collections,392606.92
CT-003114,COMP-03,2026-04-10,outflow,Operating Expenses,357955.33
CT-003115,COMP-03,2026-04-11,inflow,Revenue/Collections,156962.88
CT-003116,COMP-03,2026-04-11,outflow,Operating Expenses,101520.92
CT-003117,COMP-03,2026-04-12,inflow,Revenue/Collections,158489.03
CT-003118,COMP-03,2026-04-12,outflow,Operating Expenses,96059.56
CT-003119,COMP-03,2026-04-13,inflow,Revenue/Collections,395572.54
CT-003120,COMP-03,2026-04-13,outflow,Vendor Payments,283299.23
CT-003121,COMP-03,2026-04-14,inflow,Revenue/Collections,385310.2
CT-003122,COMP-03,2026-04-14,outflow,Operating Expenses,319530.02
CT-003123,COMP-03,2026-04-15,inflow,Revenue/Collections,355457.28
CT-003124,COMP-03,2026-04-15,outflow,Vendor Payments,281401.12
CT-003125,COMP-03,2026-04-16,inflow,Revenue/Collections,388035.49
CT-003126,COMP-03,2026-04-16,outflow,Vendor Payments,350236.36
CT-003127,COMP-03,2026-04-17,inflow,Revenue/Collections,361315.34
CT-003128,COMP-03,2026-04-17,outflow,Payroll,334117.01
CT-003129,COMP-03,2026-04-18,inflow,Revenue/Collections,130305.9
CT-003130,COMP-03,2026-04-18,outflow,Payroll,102130.0
CT-003131,COMP-03,2026-04-19,inflow,Revenue/Collections,181775.26
CT-003132,COMP-03,2026-04-19,outflow,Vendor Payments,126490.58
CT-003133,COMP-03,2026-04-20,inflow,Revenue/Collections,376750.62
CT-003134,COMP-03,2026-04-20,outflow,Vendor Payments,320354.5
CT-003135,COMP-03,2026-04-21,inflow,Revenue/Collections,398131.03
CT-003136,COMP-03,2026-04-21,outflow,Vendor Payments,273169.31
CT-003137,COMP-03,2026-04-22,inflow,Revenue/Collections,406035.32
CT-003138,COMP-03,2026-04-22,outflow,Operating Expenses,316464.76
CT-003139,COMP-03,2026-04-23,inflow,Revenue/Collections,418411.16
CT-003140,COMP-03,2026-04-23,outflow,Vendor Payments,341442.97
CT-003141,COMP-03,2026-04-24,inflow,Revenue/Collections,374385.12
CT-003142,COMP-03,2026-04-24,outflow,Operating Expenses,360752.25
CT-003143,COMP-03,2026-04-25,inflow,Revenue/Collections,178312.54
CT-003144,COMP-03,2026-04-25,outflow,Payroll,127595.93
CT-003145,COMP-03,2026-04-26,inflow,Revenue/Collections,155092.5
CT-003146,COMP-03,2026-04-26,outflow,Vendor Payments,188510.12
CT-003147,COMP-03,2026-04-27,inflow,Revenue/Collections,400458.66
CT-003148,COMP-03,2026-04-27,outflow,Vendor Payments,487513.31
CT-003149,COMP-03,2026-04-28,inflow,Revenue/Collections,387452.67
CT-003150,COMP-03,2026-04-28,outflow,Payroll,477151.42
CT-003151,COMP-03,2026-04-29,inflow,Revenue/Collections,419013.22
CT-003152,COMP-03,2026-04-29,outflow,Vendor Payments,397370.69
CT-003153,COMP-03,2026-04-30,inflow,Revenue/Collections,422667.36
CT-003154,COMP-03,2026-04-30,outflow,Operating Expenses,604922.03
CT-003155,COMP-03,2026-05-01,inflow,Revenue/Collections,437175.11
CT-003156,COMP-03,2026-05-01,outflow,Vendor Payments,340552.91
CT-003157,COMP-03,2026-05-02,inflow,Revenue/Collections,167261.72
CT-003158,COMP-03,2026-05-02,outflow,Vendor Payments,74162.52
CT-003159,COMP-03,2026-05-03,inflow,Revenue/Collections,209601.68
CT-003160,COMP-03,2026-05-03,outflow,Vendor Payments,79740.38
CT-003161,COMP-03,2026-05-04,inflow,Revenue/Collections,447615.26
CT-003162,COMP-03,2026-05-04,outflow,Vendor Payments,346246.95
CT-003163,COMP-03,2026-05-05,inflow,Revenue/Collections,490188.92
CT-003164,COMP-03,2026-05-05,outflow,Operating Expenses,275112.82
CT-003165,COMP-03,2026-05-06,inflow,Revenue/Collections,394759.69
CT-003166,COMP-03,2026-05-06,outflow,Operating Expenses,349332.17
CT-003167,COMP-03,2026-05-07,inflow,Revenue/Collections,357894.01
CT-003168,COMP-03,2026-05-07,outflow,Payroll,335554.28
CT-003169,COMP-03,2026-05-08,inflow,Revenue/Collections,413458.24
CT-003170,COMP-03,2026-05-08,outflow,Operating Expenses,275963.77
CT-003171,COMP-03,2026-05-09,inflow,Revenue/Collections,135287.85
CT-003172,COMP-03,2026-05-09,outflow,Payroll,65390.45
CT-003173,COMP-03,2026-05-10,inflow,Revenue/Collections,158532.37
CT-003174,COMP-03,2026-05-10,outflow,Payroll,96214.32
CT-003175,COMP-03,2026-05-11,inflow,Revenue/Collections,348581.62
CT-003176,COMP-03,2026-05-11,outflow,Payroll,306635.4
CT-003177,COMP-03,2026-05-12,inflow,Revenue/Collections,411104.03
CT-003178,COMP-03,2026-05-12,outflow,Operating Expenses,308885.12
CT-003179,COMP-03,2026-05-13,inflow,Revenue/Collections,389937.36
CT-003180,COMP-03,2026-05-13,outflow,Operating Expenses,338851.48
CT-003181,COMP-03,2026-05-14,inflow,Revenue/Collections,403033.38
CT-003182,COMP-03,2026-05-14,outflow,Payroll,279115.44
CT-003183,COMP-03,2026-05-15,inflow,Revenue/Collections,361289.62
CT-003184,COMP-03,2026-05-15,outflow,Payroll,292289.37
CT-003185,COMP-03,2026-05-16,inflow,Revenue/Collections,136747.9
CT-003186,COMP-03,2026-05-16,outflow,Operating Expenses,74038.51
CT-003187,COMP-03,2026-05-17,inflow,Revenue/Collections,126159.81
CT-003188,COMP-03,2026-05-17,outflow,Payroll,89201.63
CT-003189,COMP-03,2026-05-18,inflow,Revenue/Collections,392948.47
CT-003190,COMP-03,2026-05-18,outflow,Vendor Payments,277393.55
CT-003191,COMP-03,2026-05-19,inflow,Revenue/Collections,417891.56
CT-003192,COMP-03,2026-05-19,outflow,Operating Expenses,315291.82
CT-003193,COMP-03,2026-05-20,inflow,Revenue/Collections,358245.07
CT-003194,COMP-03,2026-05-20,outflow,Payroll,288207.18
CT-003195,COMP-03,2026-05-21,inflow,Revenue/Collections,424416.7
CT-003196,COMP-03,2026-05-21,outflow,Vendor Payments,300512.62
CT-003197,COMP-03,2026-05-22,inflow,Revenue/Collections,404130.31
CT-003198,COMP-03,2026-05-22,outflow,Operating Expenses,300988.38
CT-003199,COMP-03,2026-05-23,inflow,Revenue/Collections,160091.17
CT-003200,COMP-03,2026-05-23,outflow,Vendor Payments,81706.46
CT-003201,COMP-03,2026-05-24,inflow,Revenue/Collections,173564.88
CT-003202,COMP-03,2026-05-24,outflow,Vendor Payments,132538.79
CT-003203,COMP-03,2026-05-25,inflow,Revenue/Collections,404170.81
CT-003204,COMP-03,2026-05-25,outflow,Vendor Payments,366008.82
CT-003205,COMP-03,2026-05-26,inflow,Revenue/Collections,420038.22
CT-003206,COMP-03,2026-05-26,outflow,Payroll,482323.14
CT-003207,COMP-03,2026-05-27,inflow,Revenue/Collections,397734.76
CT-003208,COMP-03,2026-05-27,outflow,Operating Expenses,619963.33
CT-003209,COMP-03,2026-05-28,inflow,Revenue/Collections,422029.88
CT-003210,COMP-03,2026-05-28,outflow,Vendor Payments,568057.48
CT-003211,COMP-03,2026-05-29,inflow,Revenue/Collections,369178.03
CT-003212,COMP-03,2026-05-29,outflow,Vendor Payments,534353.64
CT-003213,COMP-03,2026-05-30,inflow,Revenue/Collections,146868.5
CT-003214,COMP-03,2026-05-30,outflow,Payroll,119983.94
CT-003215,COMP-03,2026-05-31,inflow,Revenue/Collections,131118.68
CT-003216,COMP-03,2026-05-31,outflow,Operating Expenses,205930.87
CT-003217,COMP-03,2026-06-01,inflow,Revenue/Collections,450422.82
CT-003218,COMP-03,2026-06-01,outflow,Operating Expenses,288731.84
CT-003219,COMP-03,2026-06-02,inflow,Revenue/Collections,455930.86
CT-003220,COMP-03,2026-06-02,outflow,Vendor Payments,280245.56
CT-003221,COMP-03,2026-06-03,inflow,Revenue/Collections,456219.17
CT-003222,COMP-03,2026-06-03,outflow,Vendor Payments,363810.68
CT-003223,COMP-03,2026-06-04,inflow,Revenue/Collections,453859.23
CT-003224,COMP-03,2026-06-04,outflow,Operating Expenses,339104.44
CT-003225,COMP-03,2026-06-05,inflow,Revenue/Collections,398224.17
CT-003226,COMP-03,2026-06-05,outflow,Operating Expenses,309404.54
CT-003227,COMP-03,2026-06-06,inflow,Revenue/Collections,175714.79
CT-003228,COMP-03,2026-06-06,outflow,Payroll,126990.78
CT-003229,COMP-03,2026-06-07,inflow,Revenue/Collections,155869.31
CT-003230,COMP-03,2026-06-07,outflow,Vendor Payments,96888.08
CT-003231,COMP-03,2026-06-08,inflow,Revenue/Collections,425584.03
CT-003232,COMP-03,2026-06-08,outflow,Operating Expenses,299640.77
CT-003233,COMP-03,2026-06-09,inflow,Revenue/Collections,425492.25
CT-003234,COMP-03,2026-06-09,outflow,Vendor Payments,299901.36
CT-003235,COMP-03,2026-06-10,inflow,Revenue/Collections,428373.16
CT-003236,COMP-03,2026-06-10,outflow,Operating Expenses,360528.37
CT-003237,COMP-03,2026-06-11,inflow,Revenue/Collections,371128.85
CT-003238,COMP-03,2026-06-11,outflow,Operating Expenses,377331.1
CT-003239,COMP-03,2026-06-12,inflow,Revenue/Collections,418385.11
CT-003240,COMP-03,2026-06-12,outflow,Vendor Payments,284535.0
CT-003241,COMP-03,2026-06-13,inflow,Revenue/Collections,188079.05
CT-003242,COMP-03,2026-06-13,outflow,Payroll,71113.1
CT-003243,COMP-03,2026-06-14,inflow,Revenue/Collections,178831.29
CT-003244,COMP-03,2026-06-14,outflow,Payroll,102983.71
CT-003245,COMP-03,2026-06-15,inflow,Revenue/Collections,372526.7
CT-003246,COMP-03,2026-06-15,outflow,Operating Expenses,371140.41
CT-003247,COMP-03,2026-06-16,inflow,Revenue/Collections,378396.42
CT-003248,COMP-03,2026-06-16,outflow,Operating Expenses,324850.12
CT-003249,COMP-03,2026-06-17,inflow,Revenue/Collections,414199.21
CT-003250,COMP-03,2026-06-17,outflow,Payroll,360879.95
CT-003251,COMP-03,2026-06-18,inflow,Revenue/Collections,403255.37
CT-003252,COMP-03,2026-06-18,outflow,Vendor Payments,381008.04
CT-003253,COMP-03,2026-06-19,inflow,Revenue/Collections,401906.44
CT-003254,COMP-03,2026-06-19,outflow,Operating Expenses,355512.21
CT-003255,COMP-03,2026-06-20,inflow,Revenue/Collections,160699.88
CT-003256,COMP-03,2026-06-20,outflow,Operating Expenses,85172.89
CT-003257,COMP-03,2026-06-21,inflow,Revenue/Collections,149144.13
CT-003258,COMP-03,2026-06-21,outflow,Payroll,131885.75
CT-003259,COMP-03,2026-06-22,inflow,Revenue/Collections,421784.56
CT-003260,COMP-03,2026-06-22,outflow,Operating Expenses,338961.61
CT-003261,COMP-03,2026-06-23,inflow,Revenue/Collections,362952.56
CT-003262,COMP-03,2026-06-23,outflow,Payroll,373058.32
CT-003263,COMP-03,2026-06-24,inflow,Revenue/Collections,418834.55
CT-003264,COMP-03,2026-06-24,outflow,Operating Expenses,380882.25
CT-003265,COMP-03,2026-06-25,inflow,Revenue/Collections,430094.76
CT-003266,COMP-03,2026-06-25,outflow,Operating Expenses,349049.3
CT-003267,COMP-03,2026-06-26,inflow,Revenue/Collections,408951.51
CT-003268,COMP-03,2026-06-26,outflow,Operating Expenses,565087.52
CT-003269,COMP-03,2026-06-27,inflow,Revenue/Collections,154998.81
CT-003270,COMP-03,2026-06-27,outflow,Vendor Payments,111734.15
CT-003271,COMP-03,2026-06-28,inflow,Revenue/Collections,144893.7
CT-003272,COMP-03,2026-06-28,outflow,Payroll,158470.74
CT-003273,COMP-03,2026-06-29,inflow,Revenue/Collections,381744.86
CT-003274,COMP-03,2026-06-29,outflow,Payroll,560420.3
CT-003275,COMP-03,2026-06-30,inflow,Revenue/Collections,417336.5
CT-003276,COMP-03,2026-06-30,outflow,Operating Expenses,672992.27
CT-003277,COMP-04,2025-01-01,inflow,Revenue/Collections,256573.63
CT-003278,COMP-04,2025-01-01,outflow,Operating Expenses,153711.62
CT-003279,COMP-04,2025-01-02,inflow,Revenue/Collections,245805.06
CT-003280,COMP-04,2025-01-02,outflow,Vendor Payments,142574.17
CT-003281,COMP-04,2025-01-03,inflow,Revenue/Collections,212719.85
CT-003282,COMP-04,2025-01-03,outflow,Operating Expenses,153199.31
CT-003283,COMP-04,2025-01-04,inflow,Revenue/Collections,82622.99
CT-003284,COMP-04,2025-01-04,outflow,Payroll,37098.7
CT-003285,COMP-04,2025-01-05,inflow,Revenue/Collections,103565.58
CT-003286,COMP-04,2025-01-05,outflow,Payroll,40094.98
CT-003287,COMP-04,2025-01-06,inflow,Revenue/Collections,208948.31
CT-003288,COMP-04,2025-01-06,outflow,Operating Expenses,133646.04
CT-003289,COMP-04,2025-01-07,inflow,Revenue/Collections,194675.07
CT-003290,COMP-04,2025-01-07,outflow,Payroll,152164.99
CT-003291,COMP-04,2025-01-08,inflow,Revenue/Collections,219377.28
CT-003292,COMP-04,2025-01-08,outflow,Payroll,128824.66
CT-003293,COMP-04,2025-01-09,inflow,Revenue/Collections,206361.79
CT-003294,COMP-04,2025-01-09,outflow,Payroll,120151.66
CT-003295,COMP-04,2025-01-10,inflow,Revenue/Collections,201231.75
CT-003296,COMP-04,2025-01-10,outflow,Vendor Payments,120272.26
CT-003297,COMP-04,2025-01-11,inflow,Revenue/Collections,79455.06
CT-003298,COMP-04,2025-01-11,outflow,Vendor Payments,28575.85
CT-003299,COMP-04,2025-01-12,inflow,Revenue/Collections,63766.99
CT-003300,COMP-04,2025-01-12,outflow,Vendor Payments,39148.5
CT-003301,COMP-04,2025-01-13,inflow,Revenue/Collections,195238.27
CT-003302,COMP-04,2025-01-13,outflow,Vendor Payments,138519.27
CT-003303,COMP-04,2025-01-14,inflow,Revenue/Collections,208697.3
CT-003304,COMP-04,2025-01-14,outflow,Operating Expenses,127196.43
CT-003305,COMP-04,2025-01-15,inflow,Revenue/Collections,190026.61
CT-003306,COMP-04,2025-01-15,outflow,Vendor Payments,114431.69
CT-003307,COMP-04,2025-01-16,inflow,Revenue/Collections,219132.53
CT-003308,COMP-04,2025-01-16,outflow,Payroll,127136.33
CT-003309,COMP-04,2025-01-17,inflow,Revenue/Collections,191143.4
CT-003310,COMP-04,2025-01-17,outflow,Vendor Payments,154547.71
CT-003311,COMP-04,2025-01-18,inflow,Revenue/Collections,78193.02
CT-003312,COMP-04,2025-01-18,outflow,Payroll,41697.05
CT-003313,COMP-04,2025-01-19,inflow,Revenue/Collections,80967.49
CT-003314,COMP-04,2025-01-19,outflow,Vendor Payments,30784.96
CT-003315,COMP-04,2025-01-20,inflow,Revenue/Collections,194019.2
CT-003316,COMP-04,2025-01-20,outflow,Payroll,118066.91
CT-003317,COMP-04,2025-01-21,inflow,Revenue/Collections,211869.02
CT-003318,COMP-04,2025-01-21,outflow,Vendor Payments,115583.86
CT-003319,COMP-04,2025-01-22,inflow,Revenue/Collections,204841.79
CT-003320,COMP-04,2025-01-22,outflow,Vendor Payments,119932.02
CT-003321,COMP-04,2025-01-23,inflow,Revenue/Collections,207280.65
CT-003322,COMP-04,2025-01-23,outflow,Operating Expenses,150824.99
CT-003323,COMP-04,2025-01-24,inflow,Revenue/Collections,191286.3
CT-003324,COMP-04,2025-01-24,outflow,Payroll,140298.61
CT-003325,COMP-04,2025-01-25,inflow,Revenue/Collections,71542.37
CT-003326,COMP-04,2025-01-25,outflow,Payroll,47534.75
CT-003327,COMP-04,2025-01-26,inflow,Revenue/Collections,66940.25
CT-003328,COMP-04,2025-01-26,outflow,Vendor Payments,48635.14
CT-003329,COMP-04,2025-01-27,inflow,Revenue/Collections,220423.9
CT-003330,COMP-04,2025-01-27,outflow,Vendor Payments,251007.35
CT-003331,COMP-04,2025-01-28,inflow,Revenue/Collections,203591.45
CT-003332,COMP-04,2025-01-28,outflow,Vendor Payments,250223.16
CT-003333,COMP-04,2025-01-29,inflow,Revenue/Collections,196120.19
CT-003334,COMP-04,2025-01-29,outflow,Payroll,205220.91
CT-003335,COMP-04,2025-01-30,inflow,Revenue/Collections,218641.92
CT-003336,COMP-04,2025-01-30,outflow,Payroll,247400.19
CT-003337,COMP-04,2025-01-31,inflow,Revenue/Collections,195058.73
CT-003338,COMP-04,2025-01-31,outflow,Vendor Payments,179567.11
CT-003339,COMP-04,2025-02-01,inflow,Revenue/Collections,93249.31
CT-003340,COMP-04,2025-02-01,outflow,Payroll,38124.25
CT-003341,COMP-04,2025-02-02,inflow,Revenue/Collections,110604.93
CT-003342,COMP-04,2025-02-02,outflow,Payroll,29537.3
CT-003343,COMP-04,2025-02-03,inflow,Revenue/Collections,260345.8
CT-003344,COMP-04,2025-02-03,outflow,Vendor Payments,154197.68
CT-003345,COMP-04,2025-02-04,inflow,Revenue/Collections,223552.61
CT-003346,COMP-04,2025-02-04,outflow,Operating Expenses,146387.54
CT-003347,COMP-04,2025-02-05,inflow,Revenue/Collections,218134.33
CT-003348,COMP-04,2025-02-05,outflow,Operating Expenses,126786.22
CT-003349,COMP-04,2025-02-06,inflow,Revenue/Collections,183641.49
CT-003350,COMP-04,2025-02-06,outflow,Payroll,150383.09
CT-003351,COMP-04,2025-02-07,inflow,Revenue/Collections,209897.82
CT-003352,COMP-04,2025-02-07,outflow,Payroll,134554.81
CT-003353,COMP-04,2025-02-08,inflow,Revenue/Collections,94083.1
CT-003354,COMP-04,2025-02-08,outflow,Vendor Payments,40769.41
CT-003355,COMP-04,2025-02-09,inflow,Revenue/Collections,65665.13
CT-003356,COMP-04,2025-02-09,outflow,Operating Expenses,38306.81
CT-003357,COMP-04,2025-02-10,inflow,Revenue/Collections,183971.13
CT-003358,COMP-04,2025-02-10,outflow,Vendor Payments,137950.2
CT-003359,COMP-04,2025-02-11,inflow,Revenue/Collections,200953.69
CT-003360,COMP-04,2025-02-11,outflow,Operating Expenses,137722.51
CT-003361,COMP-04,2025-02-12,inflow,Revenue/Collections,211520.11
CT-003362,COMP-04,2025-02-12,outflow,Payroll,131933.81
CT-003363,COMP-04,2025-02-13,inflow,Revenue/Collections,212014.95
CT-003364,COMP-04,2025-02-13,outflow,Payroll,137863.93
CT-003365,COMP-04,2025-02-14,inflow,Revenue/Collections,197548.88
CT-003366,COMP-04,2025-02-14,outflow,Vendor Payments,147758.74
CT-003367,COMP-04,2025-02-15,inflow,Revenue/Collections,72943.52
CT-003368,COMP-04,2025-02-15,outflow,Operating Expenses,45159.43
CT-003369,COMP-04,2025-02-16,inflow,Revenue/Collections,64523.62
CT-003370,COMP-04,2025-02-16,outflow,Operating Expenses,30121.31
CT-003371,COMP-04,2025-02-17,inflow,Revenue/Collections,195668.65
CT-003372,COMP-04,2025-02-17,outflow,Payroll,127030.85
CT-003373,COMP-04,2025-02-18,inflow,Revenue/Collections,183202.6
CT-003374,COMP-04,2025-02-18,outflow,Operating Expenses,118684.2
CT-003375,COMP-04,2025-02-19,inflow,Revenue/Collections,182758.31
CT-003376,COMP-04,2025-02-19,outflow,Payroll,128134.44
CT-003377,COMP-04,2025-02-20,inflow,Revenue/Collections,212536.97
CT-003378,COMP-04,2025-02-20,outflow,Payroll,123144.1
CT-003379,COMP-04,2025-02-21,inflow,Revenue/Collections,184334.27
CT-003380,COMP-04,2025-02-21,outflow,Vendor Payments,124535.32
CT-003381,COMP-04,2025-02-22,inflow,Revenue/Collections,77461.68
CT-003382,COMP-04,2025-02-22,outflow,Vendor Payments,29156.91
CT-003383,COMP-04,2025-02-23,inflow,Revenue/Collections,84972.02
CT-003384,COMP-04,2025-02-23,outflow,Payroll,53847.85
CT-003385,COMP-04,2025-02-24,inflow,Revenue/Collections,214490.43
CT-003386,COMP-04,2025-02-24,outflow,Payroll,147173.94
CT-003387,COMP-04,2025-02-25,inflow,Revenue/Collections,198782.97
CT-003388,COMP-04,2025-02-25,outflow,Payroll,136655.26
CT-003389,COMP-04,2025-02-26,inflow,Revenue/Collections,192760.11
CT-003390,COMP-04,2025-02-26,outflow,Operating Expenses,275449.39
CT-003391,COMP-04,2025-02-27,inflow,Revenue/Collections,219748.47
CT-003392,COMP-04,2025-02-27,outflow,Vendor Payments,171983.82
CT-003393,COMP-04,2025-02-28,inflow,Revenue/Collections,187782.64
CT-003394,COMP-04,2025-02-28,outflow,Vendor Payments,234485.63
CT-003395,COMP-04,2025-03-01,inflow,Revenue/Collections,88628.23
CT-003396,COMP-04,2025-03-01,outflow,Payroll,49125.78
CT-003397,COMP-04,2025-03-02,inflow,Revenue/Collections,81542.18
CT-003398,COMP-04,2025-03-02,outflow,Vendor Payments,41838.14
CT-003399,COMP-04,2025-03-03,inflow,Revenue/Collections,212551.84
CT-003400,COMP-04,2025-03-03,outflow,Vendor Payments,136730.22
CT-003401,COMP-04,2025-03-04,inflow,Revenue/Collections,241298.24
CT-003402,COMP-04,2025-03-04,outflow,Payroll,122388.61
CT-003403,COMP-04,2025-03-05,inflow,Revenue/Collections,213752.6
CT-003404,COMP-04,2025-03-05,outflow,Operating Expenses,153858.06
CT-003405,COMP-04,2025-03-06,inflow,Revenue/Collections,199677.06
CT-003406,COMP-04,2025-03-06,outflow,Vendor Payments,139641.73
CT-003407,COMP-04,2025-03-07,inflow,Revenue/Collections,218528.36
CT-003408,COMP-04,2025-03-07,outflow,Vendor Payments,134276.46
CT-003409,COMP-04,2025-03-08,inflow,Revenue/Collections,88911.76
CT-003410,COMP-04,2025-03-08,outflow,Payroll,47432.59
CT-003411,COMP-04,2025-03-09,inflow,Revenue/Collections,76683.81
CT-003412,COMP-04,2025-03-09,outflow,Payroll,54404.75
CT-003413,COMP-04,2025-03-10,inflow,Revenue/Collections,215636.35
CT-003414,COMP-04,2025-03-10,outflow,Operating Expenses,123878.42
CT-003415,COMP-04,2025-03-11,inflow,Revenue/Collections,197788.11
CT-003416,COMP-04,2025-03-11,outflow,Operating Expenses,156101.7
CT-003417,COMP-04,2025-03-12,inflow,Revenue/Collections,194495.92
CT-003418,COMP-04,2025-03-12,outflow,Vendor Payments,156413.67
CT-003419,COMP-04,2025-03-13,inflow,Revenue/Collections,224213.95
CT-003420,COMP-04,2025-03-13,outflow,Payroll,155574.43
CT-003421,COMP-04,2025-03-14,inflow,Revenue/Collections,224025.33
CT-003422,COMP-04,2025-03-14,outflow,Payroll,151233.87
CT-003423,COMP-04,2025-03-15,inflow,Revenue/Collections,65265.74
CT-003424,COMP-04,2025-03-15,outflow,Operating Expenses,33803.49
CT-003425,COMP-04,2025-03-16,inflow,Revenue/Collections,73729.44
CT-003426,COMP-04,2025-03-16,outflow,Vendor Payments,39474.29
CT-003427,COMP-04,2025-03-17,inflow,Revenue/Collections,199697.31
CT-003428,COMP-04,2025-03-17,outflow,Payroll,131272.19
CT-003429,COMP-04,2025-03-18,inflow,Revenue/Collections,209380.59
CT-003430,COMP-04,2025-03-18,outflow,Vendor Payments,127910.58
CT-003431,COMP-04,2025-03-19,inflow,Revenue/Collections,187353.53
CT-003432,COMP-04,2025-03-19,outflow,Operating Expenses,150565.48
CT-003433,COMP-04,2025-03-20,inflow,Revenue/Collections,188943.38
CT-003434,COMP-04,2025-03-20,outflow,Payroll,122782.97
CT-003435,COMP-04,2025-03-21,inflow,Revenue/Collections,185307.63
CT-003436,COMP-04,2025-03-21,outflow,Payroll,136866.29
CT-003437,COMP-04,2025-03-22,inflow,Revenue/Collections,76649.25
CT-003438,COMP-04,2025-03-22,outflow,Vendor Payments,48878.52
CT-003439,COMP-04,2025-03-23,inflow,Revenue/Collections,64048.87
CT-003440,COMP-04,2025-03-23,outflow,Vendor Payments,31953.73
CT-003441,COMP-04,2025-03-24,inflow,Revenue/Collections,191979.34
CT-003442,COMP-04,2025-03-24,outflow,Payroll,144759.11
CT-003443,COMP-04,2025-03-25,inflow,Revenue/Collections,191298.0
CT-003444,COMP-04,2025-03-25,outflow,Payroll,151972.12
CT-003445,COMP-04,2025-03-26,inflow,Revenue/Collections,214287.68
CT-003446,COMP-04,2025-03-26,outflow,Vendor Payments,218674.0
CT-003447,COMP-04,2025-03-27,inflow,Revenue/Collections,219751.92
CT-003448,COMP-04,2025-03-27,outflow,Payroll,226130.42
CT-003449,COMP-04,2025-03-28,inflow,Revenue/Collections,193826.71
CT-003450,COMP-04,2025-03-28,outflow,Operating Expenses,236533.81
CT-003451,COMP-04,2025-03-29,inflow,Revenue/Collections,103397.61
CT-003452,COMP-04,2025-03-29,outflow,Vendor Payments,114375.99
CT-003453,COMP-04,2025-03-30,inflow,Revenue/Collections,91718.17
CT-003454,COMP-04,2025-03-30,outflow,Vendor Payments,42732.56
CT-003455,COMP-04,2025-03-31,inflow,Revenue/Collections,196860.54
CT-003456,COMP-04,2025-03-31,outflow,Payroll,217464.05
CT-003457,COMP-04,2025-04-01,inflow,Revenue/Collections,218014.5
CT-003458,COMP-04,2025-04-01,outflow,Vendor Payments,153167.13
CT-003459,COMP-04,2025-04-02,inflow,Revenue/Collections,276901.85
CT-003460,COMP-04,2025-04-02,outflow,Payroll,148133.18
CT-003461,COMP-04,2025-04-03,inflow,Revenue/Collections,265251.99
CT-003462,COMP-04,2025-04-03,outflow,Payroll,126145.95
CT-003463,COMP-04,2025-04-04,inflow,Revenue/Collections,250612.45
CT-003464,COMP-04,2025-04-04,outflow,Payroll,117201.85
CT-003465,COMP-04,2025-04-05,inflow,Revenue/Collections,80223.48
CT-003466,COMP-04,2025-04-05,outflow,Payroll,56253.85
CT-003467,COMP-04,2025-04-06,inflow,Revenue/Collections,91967.22
CT-003468,COMP-04,2025-04-06,outflow,Operating Expenses,42136.0
CT-003469,COMP-04,2025-04-07,inflow,Revenue/Collections,222486.99
CT-003470,COMP-04,2025-04-07,outflow,Payroll,140812.34
CT-003471,COMP-04,2025-04-08,inflow,Revenue/Collections,212078.79
CT-003472,COMP-04,2025-04-08,outflow,Operating Expenses,124817.5
CT-003473,COMP-04,2025-04-09,inflow,Revenue/Collections,202989.12
CT-003474,COMP-04,2025-04-09,outflow,Operating Expenses,142273.82
CT-003475,COMP-04,2025-04-10,inflow,Revenue/Collections,221676.84
CT-003476,COMP-04,2025-04-10,outflow,Vendor Payments,155416.21
CT-003477,COMP-04,2025-04-11,inflow,Revenue/Collections,217094.48
CT-003478,COMP-04,2025-04-11,outflow,Vendor Payments,124312.09
CT-003479,COMP-04,2025-04-12,inflow,Revenue/Collections,72831.55
CT-003480,COMP-04,2025-04-12,outflow,Operating Expenses,38013.26
CT-003481,COMP-04,2025-04-13,inflow,Revenue/Collections,99156.74
CT-003482,COMP-04,2025-04-13,outflow,Payroll,34378.92
CT-003483,COMP-04,2025-04-14,inflow,Revenue/Collections,206084.86
CT-003484,COMP-04,2025-04-14,outflow,Operating Expenses,119856.1
CT-003485,COMP-04,2025-04-15,inflow,Revenue/Collections,223281.93
CT-003486,COMP-04,2025-04-15,outflow,Operating Expenses,120442.47
CT-003487,COMP-04,2025-04-16,inflow,Revenue/Collections,208449.63
CT-003488,COMP-04,2025-04-16,outflow,Vendor Payments,149207.47
CT-003489,COMP-04,2025-04-17,inflow,Revenue/Collections,199710.32
CT-003490,COMP-04,2025-04-17,outflow,Vendor Payments,138683.77
CT-003491,COMP-04,2025-04-18,inflow,Revenue/Collections,200286.63
CT-003492,COMP-04,2025-04-18,outflow,Vendor Payments,142771.29
CT-003493,COMP-04,2025-04-19,inflow,Revenue/Collections,73785.02
CT-003494,COMP-04,2025-04-19,outflow,Vendor Payments,59117.89
CT-003495,COMP-04,2025-04-20,inflow,Revenue/Collections,65341.62
CT-003496,COMP-04,2025-04-20,outflow,Vendor Payments,35302.23
CT-003497,COMP-04,2025-04-21,inflow,Revenue/Collections,190542.24
CT-003498,COMP-04,2025-04-21,outflow,Vendor Payments,145132.17
CT-003499,COMP-04,2025-04-22,inflow,Revenue/Collections,222854.17
CT-003500,COMP-04,2025-04-22,outflow,Payroll,148919.25
CT-003501,COMP-04,2025-04-23,inflow,Revenue/Collections,209204.92
CT-003502,COMP-04,2025-04-23,outflow,Payroll,121430.91
CT-003503,COMP-04,2025-04-24,inflow,Revenue/Collections,213431.18
CT-003504,COMP-04,2025-04-24,outflow,Operating Expenses,121398.23
CT-003505,COMP-04,2025-04-25,inflow,Revenue/Collections,201039.13
CT-003506,COMP-04,2025-04-25,outflow,Vendor Payments,151644.88
CT-003507,COMP-04,2025-04-26,inflow,Revenue/Collections,79465.44
CT-003508,COMP-04,2025-04-26,outflow,Payroll,84134.1
CT-003509,COMP-04,2025-04-27,inflow,Revenue/Collections,63415.87
CT-003510,COMP-04,2025-04-27,outflow,Payroll,48828.65
CT-003511,COMP-04,2025-04-28,inflow,Revenue/Collections,213206.65
CT-003512,COMP-04,2025-04-28,outflow,Operating Expenses,175406.77
CT-003513,COMP-04,2025-04-29,inflow,Revenue/Collections,221546.68
CT-003514,COMP-04,2025-04-29,outflow,Operating Expenses,201309.38
CT-003515,COMP-04,2025-04-30,inflow,Revenue/Collections,215543.6
CT-003516,COMP-04,2025-04-30,outflow,Payroll,294209.69
CT-003517,COMP-04,2025-05-01,inflow,Revenue/Collections,210646.34
CT-003518,COMP-04,2025-05-01,outflow,Vendor Payments,125291.59
CT-003519,COMP-04,2025-05-02,inflow,Revenue/Collections,251212.39
CT-003520,COMP-04,2025-05-02,outflow,Operating Expenses,155310.24
CT-003521,COMP-04,2025-05-03,inflow,Revenue/Collections,100687.72
CT-003522,COMP-04,2025-05-03,outflow,Payroll,38723.97
CT-003523,COMP-04,2025-05-04,inflow,Revenue/Collections,72730.94
CT-003524,COMP-04,2025-05-04,outflow,Payroll,38633.46
CT-003525,COMP-04,2025-05-05,inflow,Revenue/Collections,256414.32
CT-003526,COMP-04,2025-05-05,outflow,Operating Expenses,130240.34
CT-003527,COMP-04,2025-05-06,inflow,Revenue/Collections,221095.5
CT-003528,COMP-04,2025-05-06,outflow,Vendor Payments,126391.81
CT-003529,COMP-04,2025-05-07,inflow,Revenue/Collections,225993.1
CT-003530,COMP-04,2025-05-07,outflow,Operating Expenses,147410.15
CT-003531,COMP-04,2025-05-08,inflow,Revenue/Collections,218186.67
CT-003532,COMP-04,2025-05-08,outflow,Vendor Payments,146134.21
CT-003533,COMP-04,2025-05-09,inflow,Revenue/Collections,199687.75
CT-003534,COMP-04,2025-05-09,outflow,Operating Expenses,127646.4
CT-003535,COMP-04,2025-05-10,inflow,Revenue/Collections,74543.98
CT-003536,COMP-04,2025-05-10,outflow,Payroll,50037.26
CT-003537,COMP-04,2025-05-11,inflow,Revenue/Collections,69639.12
CT-003538,COMP-04,2025-05-11,outflow,Operating Expenses,38157.12
CT-003539,COMP-04,2025-05-12,inflow,Revenue/Collections,219203.1
CT-003540,COMP-04,2025-05-12,outflow,Operating Expenses,141468.14
CT-003541,COMP-04,2025-05-13,inflow,Revenue/Collections,191965.8
CT-003542,COMP-04,2025-05-13,outflow,Vendor Payments,133457.96
CT-003543,COMP-04,2025-05-14,inflow,Revenue/Collections,200750.96
CT-003544,COMP-04,2025-05-14,outflow,Operating Expenses,135757.66
CT-003545,COMP-04,2025-05-15,inflow,Revenue/Collections,206295.33
CT-003546,COMP-04,2025-05-15,outflow,Operating Expenses,133274.91
CT-003547,COMP-04,2025-05-16,inflow,Revenue/Collections,189720.9
CT-003548,COMP-04,2025-05-16,outflow,Vendor Payments,144009.06
CT-003549,COMP-04,2025-05-17,inflow,Revenue/Collections,86707.12
CT-003550,COMP-04,2025-05-17,outflow,Payroll,46656.82
CT-003551,COMP-04,2025-05-18,inflow,Revenue/Collections,75862.88
CT-003552,COMP-04,2025-05-18,outflow,Operating Expenses,63196.54
CT-003553,COMP-04,2025-05-19,inflow,Revenue/Collections,213079.24
CT-003554,COMP-04,2025-05-19,outflow,Operating Expenses,142841.97
CT-003555,COMP-04,2025-05-20,inflow,Revenue/Collections,225016.43
CT-003556,COMP-04,2025-05-20,outflow,Operating Expenses,156621.73
CT-003557,COMP-04,2025-05-21,inflow,Revenue/Collections,227140.74
CT-003558,COMP-04,2025-05-21,outflow,Vendor Payments,153886.62
CT-003559,COMP-04,2025-05-22,inflow,Revenue/Collections,211918.9
CT-003560,COMP-04,2025-05-22,outflow,Operating Expenses,160172.32
CT-003561,COMP-04,2025-05-23,inflow,Revenue/Collections,218585.52
CT-003562,COMP-04,2025-05-23,outflow,Vendor Payments,127773.63
CT-003563,COMP-04,2025-05-24,inflow,Revenue/Collections,77005.06
CT-003564,COMP-04,2025-05-24,outflow,Operating Expenses,36817.16
CT-003565,COMP-04,2025-05-25,inflow,Revenue/Collections,92929.2
CT-003566,COMP-04,2025-05-25,outflow,Vendor Payments,43915.36
CT-003567,COMP-04,2025-05-26,inflow,Revenue/Collections,192482.23
CT-003568,COMP-04,2025-05-26,outflow,Payroll,242416.96
CT-003569,COMP-04,2025-05-27,inflow,Revenue/Collections,207503.24
CT-003570,COMP-04,2025-05-27,outflow,Vendor Payments,226109.4
CT-003571,COMP-04,2025-05-28,inflow,Revenue/Collections,205410.35
CT-003572,COMP-04,2025-05-28,outflow,Vendor Payments,221427.03
CT-003573,COMP-04,2025-05-29,inflow,Revenue/Collections,192178.81
CT-003574,COMP-04,2025-05-29,outflow,Payroll,220966.25
CT-003575,COMP-04,2025-05-30,inflow,Revenue/Collections,224311.8
CT-003576,COMP-04,2025-05-30,outflow,Payroll,215106.29
CT-003577,COMP-04,2025-05-31,inflow,Revenue/Collections,77219.39
CT-003578,COMP-04,2025-05-31,outflow,Payroll,92819.83
CT-003579,COMP-04,2025-06-01,inflow,Revenue/Collections,110364.59
CT-003580,COMP-04,2025-06-01,outflow,Operating Expenses,39746.19
CT-003581,COMP-04,2025-06-02,inflow,Revenue/Collections,267716.19
CT-003582,COMP-04,2025-06-02,outflow,Operating Expenses,139333.52
CT-003583,COMP-04,2025-06-03,inflow,Revenue/Collections,288423.28
CT-003584,COMP-04,2025-06-03,outflow,Operating Expenses,153335.87
CT-003585,COMP-04,2025-06-04,inflow,Revenue/Collections,254390.45
CT-003586,COMP-04,2025-06-04,outflow,Vendor Payments,155544.32
CT-003587,COMP-04,2025-06-05,inflow,Revenue/Collections,258721.92
CT-003588,COMP-04,2025-06-05,outflow,Payroll,124338.84
CT-003589,COMP-04,2025-06-06,inflow,Revenue/Collections,197047.9
CT-003590,COMP-04,2025-06-06,outflow,Payroll,150392.12
CT-003591,COMP-04,2025-06-07,inflow,Revenue/Collections,96657.85
CT-003592,COMP-04,2025-06-07,outflow,Payroll,56335.3
CT-003593,COMP-04,2025-06-08,inflow,Revenue/Collections,78279.08
CT-003594,COMP-04,2025-06-08,outflow,Operating Expenses,45893.33
CT-003595,COMP-04,2025-06-09,inflow,Revenue/Collections,189514.68
CT-003596,COMP-04,2025-06-09,outflow,Vendor Payments,146035.84
CT-003597,COMP-04,2025-06-10,inflow,Revenue/Collections,195871.62
CT-003598,COMP-04,2025-06-10,outflow,Vendor Payments,158454.7
CT-003599,COMP-04,2025-06-11,inflow,Revenue/Collections,207285.15
CT-003600,COMP-04,2025-06-11,outflow,Payroll,151995.2
CT-003601,COMP-04,2025-06-12,inflow,Revenue/Collections,223166.65
CT-003602,COMP-04,2025-06-12,outflow,Operating Expenses,123216.34
CT-003603,COMP-04,2025-06-13,inflow,Revenue/Collections,204084.62
CT-003604,COMP-04,2025-06-13,outflow,Vendor Payments,133334.84
CT-003605,COMP-04,2025-06-14,inflow,Revenue/Collections,90376.56
CT-003606,COMP-04,2025-06-14,outflow,Vendor Payments,59513.69
CT-003607,COMP-04,2025-06-15,inflow,Revenue/Collections,93548.34
CT-003608,COMP-04,2025-06-15,outflow,Vendor Payments,50355.78
CT-003609,COMP-04,2025-06-16,inflow,Revenue/Collections,224498.58
CT-003610,COMP-04,2025-06-16,outflow,Operating Expenses,148935.21
CT-003611,COMP-04,2025-06-17,inflow,Revenue/Collections,228290.72
CT-003612,COMP-04,2025-06-17,outflow,Vendor Payments,122134.22
CT-003613,COMP-04,2025-06-18,inflow,Revenue/Collections,224599.74
CT-003614,COMP-04,2025-06-18,outflow,Vendor Payments,141510.8
CT-003615,COMP-04,2025-06-19,inflow,Revenue/Collections,206605.67
CT-003616,COMP-04,2025-06-19,outflow,Operating Expenses,157723.19
CT-003617,COMP-04,2025-06-20,inflow,Revenue/Collections,217648.04
CT-003618,COMP-04,2025-06-20,outflow,Operating Expenses,148826.47
CT-003619,COMP-04,2025-06-21,inflow,Revenue/Collections,83769.28
CT-003620,COMP-04,2025-06-21,outflow,Vendor Payments,48910.86
CT-003621,COMP-04,2025-06-22,inflow,Revenue/Collections,77666.37
CT-003622,COMP-04,2025-06-22,outflow,Operating Expenses,38123.88
CT-003623,COMP-04,2025-06-23,inflow,Revenue/Collections,211327.15
CT-003624,COMP-04,2025-06-23,outflow,Operating Expenses,121529.36
CT-003625,COMP-04,2025-06-24,inflow,Revenue/Collections,190614.57
CT-003626,COMP-04,2025-06-24,outflow,Payroll,153027.21
CT-003627,COMP-04,2025-06-25,inflow,Revenue/Collections,215707.69
CT-003628,COMP-04,2025-06-25,outflow,Payroll,147404.29
CT-003629,COMP-04,2025-06-26,inflow,Revenue/Collections,191579.69
CT-003630,COMP-04,2025-06-26,outflow,Operating Expenses,207168.12
CT-003631,COMP-04,2025-06-27,inflow,Revenue/Collections,191958.18
CT-003632,COMP-04,2025-06-27,outflow,Vendor Payments,229097.62
CT-003633,COMP-04,2025-06-28,inflow,Revenue/Collections,100252.53
CT-003634,COMP-04,2025-06-28,outflow,Payroll,76287.45
CT-003635,COMP-04,2025-06-29,inflow,Revenue/Collections,68889.74
CT-003636,COMP-04,2025-06-29,outflow,Payroll,91893.39
CT-003637,COMP-04,2025-06-30,inflow,Revenue/Collections,222041.93
CT-003638,COMP-04,2025-06-30,outflow,Operating Expenses,223983.4
CT-003639,COMP-04,2025-07-01,inflow,Revenue/Collections,224731.11
CT-003640,COMP-04,2025-07-01,outflow,Vendor Payments,128305.64
CT-003641,COMP-04,2025-07-02,inflow,Revenue/Collections,268454.63
CT-003642,COMP-04,2025-07-02,outflow,Operating Expenses,161425.2
CT-003643,COMP-04,2025-07-03,inflow,Revenue/Collections,236130.61
CT-003644,COMP-04,2025-07-03,outflow,Payroll,138203.4
CT-003645,COMP-04,2025-07-04,inflow,Revenue/Collections,265878.85
CT-003646,COMP-04,2025-07-04,outflow,Operating Expenses,154348.76
CT-003647,COMP-04,2025-07-05,inflow,Revenue/Collections,96473.95
CT-003648,COMP-04,2025-07-05,outflow,Operating Expenses,45802.62
CT-003649,COMP-04,2025-07-06,inflow,Revenue/Collections,92520.8
CT-003650,COMP-04,2025-07-06,outflow,Vendor Payments,29104.98
CT-003651,COMP-04,2025-07-07,inflow,Revenue/Collections,214653.84
CT-003652,COMP-04,2025-07-07,outflow,Payroll,145673.23
CT-003653,COMP-04,2025-07-08,inflow,Revenue/Collections,201249.46
CT-003654,COMP-04,2025-07-08,outflow,Operating Expenses,152595.55
CT-003655,COMP-04,2025-07-09,inflow,Revenue/Collections,228876.31
CT-003656,COMP-04,2025-07-09,outflow,Payroll,141103.34
CT-003657,COMP-04,2025-07-10,inflow,Revenue/Collections,192549.01
CT-003658,COMP-04,2025-07-10,outflow,Vendor Payments,122686.6
CT-003659,COMP-04,2025-07-11,inflow,Revenue/Collections,215949.67
CT-003660,COMP-04,2025-07-11,outflow,Payroll,143143.94
CT-003661,COMP-04,2025-07-12,inflow,Revenue/Collections,80410.89
CT-003662,COMP-04,2025-07-12,outflow,Payroll,32614.84
CT-003663,COMP-04,2025-07-13,inflow,Revenue/Collections,85295.03
CT-003664,COMP-04,2025-07-13,outflow,Vendor Payments,49534.75
CT-003665,COMP-04,2025-07-14,inflow,Revenue/Collections,192725.1
CT-003666,COMP-04,2025-07-14,outflow,Operating Expenses,143031.97
CT-003667,COMP-04,2025-07-15,inflow,Revenue/Collections,224496.66
CT-003668,COMP-04,2025-07-15,outflow,Payroll,146793.9
CT-003669,COMP-04,2025-07-16,inflow,Revenue/Collections,221148.66
CT-003670,COMP-04,2025-07-16,outflow,Payroll,130047.89
CT-003671,COMP-04,2025-07-17,inflow,Revenue/Collections,194338.27
CT-003672,COMP-04,2025-07-17,outflow,Operating Expenses,159371.49
CT-003673,COMP-04,2025-07-18,inflow,Revenue/Collections,225691.35
CT-003674,COMP-04,2025-07-18,outflow,Vendor Payments,138527.78
CT-003675,COMP-04,2025-07-19,inflow,Revenue/Collections,89743.83
CT-003676,COMP-04,2025-07-19,outflow,Payroll,33935.28
CT-003677,COMP-04,2025-07-20,inflow,Revenue/Collections,104471.39
CT-003678,COMP-04,2025-07-20,outflow,Payroll,44188.18
CT-003679,COMP-04,2025-07-21,inflow,Revenue/Collections,205769.56
CT-003680,COMP-04,2025-07-21,outflow,Operating Expenses,124204.93
CT-003681,COMP-04,2025-07-22,inflow,Revenue/Collections,201647.87
CT-003682,COMP-04,2025-07-22,outflow,Vendor Payments,156227.44
CT-003683,COMP-04,2025-07-23,inflow,Revenue/Collections,192312.52
CT-003684,COMP-04,2025-07-23,outflow,Payroll,142501.32
CT-003685,COMP-04,2025-07-24,inflow,Revenue/Collections,224926.62
CT-003686,COMP-04,2025-07-24,outflow,Operating Expenses,132702.0
CT-003687,COMP-04,2025-07-25,inflow,Revenue/Collections,219895.85
CT-003688,COMP-04,2025-07-25,outflow,Operating Expenses,133026.96
CT-003689,COMP-04,2025-07-26,inflow,Revenue/Collections,64153.04
CT-003690,COMP-04,2025-07-26,outflow,Payroll,54948.29
CT-003691,COMP-04,2025-07-27,inflow,Revenue/Collections,90287.85
CT-003692,COMP-04,2025-07-27,outflow,Operating Expenses,82968.0
CT-003693,COMP-04,2025-07-28,inflow,Revenue/Collections,221534.78
CT-003694,COMP-04,2025-07-28,outflow,Payroll,252500.78
CT-003695,COMP-04,2025-07-29,inflow,Revenue/Collections,193495.94
CT-003696,COMP-04,2025-07-29,outflow,Payroll,233652.91
CT-003697,COMP-04,2025-07-30,inflow,Revenue/Collections,207443.6
CT-003698,COMP-04,2025-07-30,outflow,Payroll,231461.03
CT-003699,COMP-04,2025-07-31,inflow,Revenue/Collections,225382.89
CT-003700,COMP-04,2025-07-31,outflow,Vendor Payments,213570.73
CT-003701,COMP-04,2025-08-01,inflow,Revenue/Collections,236989.75
CT-003702,COMP-04,2025-08-01,outflow,Payroll,162081.32
CT-003703,COMP-04,2025-08-02,inflow,Revenue/Collections,98803.71
CT-003704,COMP-04,2025-08-02,outflow,Vendor Payments,30175.98
CT-003705,COMP-04,2025-08-03,inflow,Revenue/Collections,100076.45
CT-003706,COMP-04,2025-08-03,outflow,Payroll,49086.6
CT-003707,COMP-04,2025-08-04,inflow,Revenue/Collections,242436.86
CT-003708,COMP-04,2025-08-04,outflow,Vendor Payments,136104.67
CT-003709,COMP-04,2025-08-05,inflow,Revenue/Collections,268595.53
CT-003710,COMP-04,2025-08-05,outflow,Operating Expenses,125891.45
CT-003711,COMP-04,2025-08-06,inflow,Revenue/Collections,230290.92
CT-003712,COMP-04,2025-08-06,outflow,Operating Expenses,133107.43
CT-003713,COMP-04,2025-08-07,inflow,Revenue/Collections,196935.22
CT-003714,COMP-04,2025-08-07,outflow,Operating Expenses,128092.24
CT-003715,COMP-04,2025-08-08,inflow,Revenue/Collections,196338.53
CT-003716,COMP-04,2025-08-08,outflow,Operating Expenses,123218.5
CT-003717,COMP-04,2025-08-09,inflow,Revenue/Collections,71093.3
CT-003718,COMP-04,2025-08-09,outflow,Payroll,32212.84
CT-003719,COMP-04,2025-08-10,inflow,Revenue/Collections,72646.08
CT-003720,COMP-04,2025-08-10,outflow,Operating Expenses,37070.93
CT-003721,COMP-04,2025-08-11,inflow,Revenue/Collections,204157.12
CT-003722,COMP-04,2025-08-11,outflow,Payroll,164935.06
CT-003723,COMP-04,2025-08-12,inflow,Revenue/Collections,196148.2
CT-003724,COMP-04,2025-08-12,outflow,Payroll,142170.55
CT-003725,COMP-04,2025-08-13,inflow,Revenue/Collections,203485.41
CT-003726,COMP-04,2025-08-13,outflow,Vendor Payments,134395.9
CT-003727,COMP-04,2025-08-14,inflow,Revenue/Collections,228875.07
CT-003728,COMP-04,2025-08-14,outflow,Vendor Payments,152875.42
CT-003729,COMP-04,2025-08-15,inflow,Revenue/Collections,233469.29
CT-003730,COMP-04,2025-08-15,outflow,Operating Expenses,164678.55
CT-003731,COMP-04,2025-08-16,inflow,Revenue/Collections,105441.39
CT-003732,COMP-04,2025-08-16,outflow,Operating Expenses,41789.13
CT-003733,COMP-04,2025-08-17,inflow,Revenue/Collections,83785.39
CT-003734,COMP-04,2025-08-17,outflow,Vendor Payments,35795.42
CT-003735,COMP-04,2025-08-18,inflow,Revenue/Collections,219126.83
CT-003736,COMP-04,2025-08-18,outflow,Operating Expenses,153314.8
CT-003737,COMP-04,2025-08-19,inflow,Revenue/Collections,222713.53
CT-003738,COMP-04,2025-08-19,outflow,Payroll,155270.44
CT-003739,COMP-04,2025-08-20,inflow,Revenue/Collections,228041.55
CT-003740,COMP-04,2025-08-20,outflow,Vendor Payments,136478.87
CT-003741,COMP-04,2025-08-21,inflow,Revenue/Collections,223437.56
CT-003742,COMP-04,2025-08-21,outflow,Operating Expenses,135133.08
CT-003743,COMP-04,2025-08-22,inflow,Revenue/Collections,210462.15
CT-003744,COMP-04,2025-08-22,outflow,Payroll,147841.15
CT-003745,COMP-04,2025-08-23,inflow,Revenue/Collections,92879.06
CT-003746,COMP-04,2025-08-23,outflow,Payroll,38028.95
CT-003747,COMP-04,2025-08-24,inflow,Revenue/Collections,92804.57
CT-003748,COMP-04,2025-08-24,outflow,Vendor Payments,62261.15
CT-003749,COMP-04,2025-08-25,inflow,Revenue/Collections,203425.02
CT-003750,COMP-04,2025-08-25,outflow,Vendor Payments,153599.64
CT-003751,COMP-04,2025-08-26,inflow,Revenue/Collections,221761.2
CT-003752,COMP-04,2025-08-26,outflow,Payroll,239546.13
CT-003753,COMP-04,2025-08-27,inflow,Revenue/Collections,217954.38
CT-003754,COMP-04,2025-08-27,outflow,Payroll,234043.76
CT-003755,COMP-04,2025-08-28,inflow,Revenue/Collections,235144.88
CT-003756,COMP-04,2025-08-28,outflow,Vendor Payments,253038.55
CT-003757,COMP-04,2025-08-29,inflow,Revenue/Collections,230316.13
CT-003758,COMP-04,2025-08-29,outflow,Vendor Payments,235397.97
CT-003759,COMP-04,2025-08-30,inflow,Revenue/Collections,66456.79
CT-003760,COMP-04,2025-08-30,outflow,Vendor Payments,69120.27
CT-003761,COMP-04,2025-08-31,inflow,Revenue/Collections,90297.28
CT-003762,COMP-04,2025-08-31,outflow,Payroll,70076.65
CT-003763,COMP-04,2025-09-01,inflow,Revenue/Collections,264357.8
CT-003764,COMP-04,2025-09-01,outflow,Vendor Payments,162572.79
CT-003765,COMP-04,2025-09-02,inflow,Revenue/Collections,254291.4
CT-003766,COMP-04,2025-09-02,outflow,Vendor Payments,162148.35
CT-003767,COMP-04,2025-09-03,inflow,Revenue/Collections,248074.98
CT-003768,COMP-04,2025-09-03,outflow,Payroll,158731.66
CT-003769,COMP-04,2025-09-04,inflow,Revenue/Collections,275095.21
CT-003770,COMP-04,2025-09-04,outflow,Vendor Payments,152855.12
CT-003771,COMP-04,2025-09-05,inflow,Revenue/Collections,255643.3
CT-003772,COMP-04,2025-09-05,outflow,Payroll,144680.25
CT-003773,COMP-04,2025-09-06,inflow,Revenue/Collections,90737.75
CT-003774,COMP-04,2025-09-06,outflow,Vendor Payments,38440.15
CT-003775,COMP-04,2025-09-07,inflow,Revenue/Collections,76940.03
CT-003776,COMP-04,2025-09-07,outflow,Payroll,48344.77
CT-003777,COMP-04,2025-09-08,inflow,Revenue/Collections,215656.11
CT-003778,COMP-04,2025-09-08,outflow,Payroll,143341.72
CT-003779,COMP-04,2025-09-09,inflow,Revenue/Collections,202551.33
CT-003780,COMP-04,2025-09-09,outflow,Payroll,127937.05
CT-003781,COMP-04,2025-09-10,inflow,Revenue/Collections,233274.92
CT-003782,COMP-04,2025-09-10,outflow,Vendor Payments,132752.6
CT-003783,COMP-04,2025-09-11,inflow,Revenue/Collections,225446.99
CT-003784,COMP-04,2025-09-11,outflow,Operating Expenses,136281.4
CT-003785,COMP-04,2025-09-12,inflow,Revenue/Collections,221020.05
CT-003786,COMP-04,2025-09-12,outflow,Vendor Payments,139507.99
CT-003787,COMP-04,2025-09-13,inflow,Revenue/Collections,101054.0
CT-003788,COMP-04,2025-09-13,outflow,Vendor Payments,64323.95
CT-003789,COMP-04,2025-09-14,inflow,Revenue/Collections,89565.19
CT-003790,COMP-04,2025-09-14,outflow,Payroll,27882.24
CT-003791,COMP-04,2025-09-15,inflow,Revenue/Collections,228458.72
CT-003792,COMP-04,2025-09-15,outflow,Payroll,134218.95
CT-003793,COMP-04,2025-09-16,inflow,Revenue/Collections,203441.81
CT-003794,COMP-04,2025-09-16,outflow,Payroll,161959.04
CT-003795,COMP-04,2025-09-17,inflow,Revenue/Collections,221568.98
CT-003796,COMP-04,2025-09-17,outflow,Vendor Payments,152938.3
CT-003797,COMP-04,2025-09-18,inflow,Revenue/Collections,238747.33
CT-003798,COMP-04,2025-09-18,outflow,Operating Expenses,156710.3
CT-003799,COMP-04,2025-09-19,inflow,Revenue/Collections,199911.67
CT-003800,COMP-04,2025-09-19,outflow,Operating Expenses,131738.35
CT-003801,COMP-04,2025-09-20,inflow,Revenue/Collections,78908.41
CT-003802,COMP-04,2025-09-20,outflow,Payroll,35704.4
CT-003803,COMP-04,2025-09-21,inflow,Revenue/Collections,91455.91
CT-003804,COMP-04,2025-09-21,outflow,Operating Expenses,59720.36
CT-003805,COMP-04,2025-09-22,inflow,Revenue/Collections,214972.35
CT-003806,COMP-04,2025-09-22,outflow,Vendor Payments,145488.4
CT-003807,COMP-04,2025-09-23,inflow,Revenue/Collections,229890.51
CT-003808,COMP-04,2025-09-23,outflow,Operating Expenses,125032.35
CT-003809,COMP-04,2025-09-24,inflow,Revenue/Collections,233458.43
CT-003810,COMP-04,2025-09-24,outflow,Operating Expenses,151510.27
CT-003811,COMP-04,2025-09-25,inflow,Revenue/Collections,208182.95
CT-003812,COMP-04,2025-09-25,outflow,Payroll,132682.62
CT-003813,COMP-04,2025-09-26,inflow,Revenue/Collections,236777.64
CT-003814,COMP-04,2025-09-26,outflow,Payroll,206435.59
CT-003815,COMP-04,2025-09-27,inflow,Revenue/Collections,98494.83
CT-003816,COMP-04,2025-09-27,outflow,Vendor Payments,60484.3
CT-003817,COMP-04,2025-09-28,inflow,Revenue/Collections,99318.98
CT-003818,COMP-04,2025-09-28,outflow,Payroll,60407.72
CT-003819,COMP-04,2025-09-29,inflow,Revenue/Collections,236254.19
CT-003820,COMP-04,2025-09-29,outflow,Operating Expenses,300860.06
CT-003821,COMP-04,2025-09-30,inflow,Revenue/Collections,201375.7
CT-003822,COMP-04,2025-09-30,outflow,Payroll,241992.32
CT-003823,COMP-04,2025-10-01,inflow,Revenue/Collections,283670.7
CT-003824,COMP-04,2025-10-01,outflow,Vendor Payments,129191.17
CT-003825,COMP-04,2025-10-02,inflow,Revenue/Collections,281749.22
CT-003826,COMP-04,2025-10-02,outflow,Payroll,153140.47
CT-003827,COMP-04,2025-10-03,inflow,Revenue/Collections,272255.63
CT-003828,COMP-04,2025-10-03,outflow,Payroll,149443.18
CT-003829,COMP-04,2025-10-04,inflow,Revenue/Collections,120977.69
CT-003830,COMP-04,2025-10-04,outflow,Vendor Payments,40641.59
CT-003831,COMP-04,2025-10-05,inflow,Revenue/Collections,79256.49
CT-003832,COMP-04,2025-10-05,outflow,Vendor Payments,41205.08
CT-003833,COMP-04,2025-10-06,inflow,Revenue/Collections,235422.44
CT-003834,COMP-04,2025-10-06,outflow,Payroll,165826.66
CT-003835,COMP-04,2025-10-07,inflow,Revenue/Collections,200733.02
CT-003836,COMP-04,2025-10-07,outflow,Operating Expenses,147111.18
CT-003837,COMP-04,2025-10-08,inflow,Revenue/Collections,218564.07
CT-003838,COMP-04,2025-10-08,outflow,Payroll,160225.64
CT-003839,COMP-04,2025-10-09,inflow,Revenue/Collections,214972.8
CT-003840,COMP-04,2025-10-09,outflow,Operating Expenses,137953.76
CT-003841,COMP-04,2025-10-10,inflow,Revenue/Collections,240234.82
CT-003842,COMP-04,2025-10-10,outflow,Payroll,131714.04
CT-003843,COMP-04,2025-10-11,inflow,Revenue/Collections,78129.36
CT-003844,COMP-04,2025-10-11,outflow,Payroll,26871.28
CT-003845,COMP-04,2025-10-12,inflow,Revenue/Collections,108074.47
CT-003846,COMP-04,2025-10-12,outflow,Vendor Payments,40903.9
CT-003847,COMP-04,2025-10-13,inflow,Revenue/Collections,216780.53
CT-003848,COMP-04,2025-10-13,outflow,Payroll,133397.39
CT-003849,COMP-04,2025-10-14,inflow,Revenue/Collections,209325.6
CT-003850,COMP-04,2025-10-14,outflow,Operating Expenses,131978.39
CT-003851,COMP-04,2025-10-15,inflow,Revenue/Collections,221895.64
CT-003852,COMP-04,2025-10-15,outflow,Payroll,159276.26
CT-003853,COMP-04,2025-10-16,inflow,Revenue/Collections,229149.92
CT-003854,COMP-04,2025-10-16,outflow,Vendor Payments,125930.14
CT-003855,COMP-04,2025-10-17,inflow,Revenue/Collections,238328.68
CT-003856,COMP-04,2025-10-17,outflow,Payroll,156110.05
CT-003857,COMP-04,2025-10-18,inflow,Revenue/Collections,85222.74
CT-003858,COMP-04,2025-10-18,outflow,Operating Expenses,35637.0
CT-003859,COMP-04,2025-10-19,inflow,Revenue/Collections,106008.45
CT-003860,COMP-04,2025-10-19,outflow,Operating Expenses,46775.02
CT-003861,COMP-04,2025-10-20,inflow,Revenue/Collections,213293.73
CT-003862,COMP-04,2025-10-20,outflow,Operating Expenses,151745.58
CT-003863,COMP-04,2025-10-21,inflow,Revenue/Collections,199315.37
CT-003864,COMP-04,2025-10-21,outflow,Operating Expenses,153187.49
CT-003865,COMP-04,2025-10-22,inflow,Revenue/Collections,240158.29
CT-003866,COMP-04,2025-10-22,outflow,Vendor Payments,160089.35
CT-003867,COMP-04,2025-10-23,inflow,Revenue/Collections,236294.31
CT-003868,COMP-04,2025-10-23,outflow,Vendor Payments,166661.68
CT-003869,COMP-04,2025-10-24,inflow,Revenue/Collections,236190.83
CT-003870,COMP-04,2025-10-24,outflow,Payroll,132012.12
CT-003871,COMP-04,2025-10-25,inflow,Revenue/Collections,68702.88
CT-003872,COMP-04,2025-10-25,outflow,Vendor Payments,39664.74
CT-003873,COMP-04,2025-10-26,inflow,Revenue/Collections,68808.32
CT-003874,COMP-04,2025-10-26,outflow,Vendor Payments,55657.51
CT-003875,COMP-04,2025-10-27,inflow,Revenue/Collections,208310.11
CT-003876,COMP-04,2025-10-27,outflow,Operating Expenses,216671.21
CT-003877,COMP-04,2025-10-28,inflow,Revenue/Collections,226905.82
CT-003878,COMP-04,2025-10-28,outflow,Payroll,237653.44
CT-003879,COMP-04,2025-10-29,inflow,Revenue/Collections,205991.78
CT-003880,COMP-04,2025-10-29,outflow,Operating Expenses,259221.05
CT-003881,COMP-04,2025-10-30,inflow,Revenue/Collections,225503.81
CT-003882,COMP-04,2025-10-30,outflow,Payroll,255489.51
CT-003883,COMP-04,2025-10-31,inflow,Revenue/Collections,205488.04
CT-003884,COMP-04,2025-10-31,outflow,Payroll,267915.51
CT-003885,COMP-04,2025-11-01,inflow,Revenue/Collections,89321.56
CT-003886,COMP-04,2025-11-01,outflow,Payroll,63226.2
CT-003887,COMP-04,2025-11-02,inflow,Revenue/Collections,116769.45
CT-003888,COMP-04,2025-11-02,outflow,Vendor Payments,51830.62
CT-003889,COMP-04,2025-11-03,inflow,Revenue/Collections,293629.23
CT-003890,COMP-04,2025-11-03,outflow,Payroll,152624.48
CT-003891,COMP-04,2025-11-04,inflow,Revenue/Collections,273732.41
CT-003892,COMP-04,2025-11-04,outflow,Vendor Payments,134447.11
CT-003893,COMP-04,2025-11-05,inflow,Revenue/Collections,272959.36
CT-003894,COMP-04,2025-11-05,outflow,Operating Expenses,130528.64
CT-003895,COMP-04,2025-11-06,inflow,Revenue/Collections,215567.25
CT-003896,COMP-04,2025-11-06,outflow,Operating Expenses,131349.55
CT-003897,COMP-04,2025-11-07,inflow,Revenue/Collections,237290.04
CT-003898,COMP-04,2025-11-07,outflow,Operating Expenses,131812.49
CT-003899,COMP-04,2025-11-08,inflow,Revenue/Collections,102606.05
CT-003900,COMP-04,2025-11-08,outflow,Operating Expenses,45903.06
CT-003901,COMP-04,2025-11-09,inflow,Revenue/Collections,84473.51
CT-003902,COMP-04,2025-11-09,outflow,Vendor Payments,38572.72
CT-003903,COMP-04,2025-11-10,inflow,Revenue/Collections,239766.89
CT-003904,COMP-04,2025-11-10,outflow,Operating Expenses,132244.18
CT-003905,COMP-04,2025-11-11,inflow,Revenue/Collections,199557.66
CT-003906,COMP-04,2025-11-11,outflow,Operating Expenses,160482.54
CT-003907,COMP-04,2025-11-12,inflow,Revenue/Collections,235909.84
CT-003908,COMP-04,2025-11-12,outflow,Vendor Payments,163424.38
CT-003909,COMP-04,2025-11-13,inflow,Revenue/Collections,221453.52
CT-003910,COMP-04,2025-11-13,outflow,Vendor Payments,135628.7
CT-003911,COMP-04,2025-11-14,inflow,Revenue/Collections,230909.05
CT-003912,COMP-04,2025-11-14,outflow,Vendor Payments,146678.87
CT-003913,COMP-04,2025-11-15,inflow,Revenue/Collections,94933.99
CT-003914,COMP-04,2025-11-15,outflow,Payroll,41605.36
CT-003915,COMP-04,2025-11-16,inflow,Revenue/Collections,104599.84
CT-003916,COMP-04,2025-11-16,outflow,Vendor Payments,55030.05
CT-003917,COMP-04,2025-11-17,inflow,Revenue/Collections,232469.1
CT-003918,COMP-04,2025-11-17,outflow,Vendor Payments,147319.01
CT-003919,COMP-04,2025-11-18,inflow,Revenue/Collections,203227.1
CT-003920,COMP-04,2025-11-18,outflow,Operating Expenses,128488.81
CT-003921,COMP-04,2025-11-19,inflow,Revenue/Collections,221938.5
CT-003922,COMP-04,2025-11-19,outflow,Payroll,127297.99
CT-003923,COMP-04,2025-11-20,inflow,Revenue/Collections,225599.97
CT-003924,COMP-04,2025-11-20,outflow,Operating Expenses,155389.79
CT-003925,COMP-04,2025-11-21,inflow,Revenue/Collections,240972.39
CT-003926,COMP-04,2025-11-21,outflow,Vendor Payments,169827.26
CT-003927,COMP-04,2025-11-22,inflow,Revenue/Collections,81588.89
CT-003928,COMP-04,2025-11-22,outflow,Payroll,45473.73
CT-003929,COMP-04,2025-11-23,inflow,Revenue/Collections,87611.46
CT-003930,COMP-04,2025-11-23,outflow,Operating Expenses,36305.44
CT-003931,COMP-04,2025-11-24,inflow,Revenue/Collections,216076.62
CT-003932,COMP-04,2025-11-24,outflow,Payroll,164133.01
CT-003933,COMP-04,2025-11-25,inflow,Revenue/Collections,202631.29
CT-003934,COMP-04,2025-11-25,outflow,Payroll,158220.95
CT-003935,COMP-04,2025-11-26,inflow,Revenue/Collections,237715.08
CT-003936,COMP-04,2025-11-26,outflow,Payroll,252105.8
CT-003937,COMP-04,2025-11-27,inflow,Revenue/Collections,228199.21
CT-003938,COMP-04,2025-11-27,outflow,Operating Expenses,200825.18
CT-003939,COMP-04,2025-11-28,inflow,Revenue/Collections,203643.8
CT-003940,COMP-04,2025-11-28,outflow,Vendor Payments,281771.14
CT-003941,COMP-04,2025-11-29,inflow,Revenue/Collections,97591.03
CT-003942,COMP-04,2025-11-29,outflow,Vendor Payments,49672.56
CT-003943,COMP-04,2025-11-30,inflow,Revenue/Collections,74134.85
CT-003944,COMP-04,2025-11-30,outflow,Operating Expenses,94226.75
CT-003945,COMP-04,2025-12-01,inflow,Revenue/Collections,253968.48
CT-003946,COMP-04,2025-12-01,outflow,Payroll,155421.33
CT-003947,COMP-04,2025-12-02,inflow,Revenue/Collections,274142.08
CT-003948,COMP-04,2025-12-02,outflow,Operating Expenses,165890.22
CT-003949,COMP-04,2025-12-03,inflow,Revenue/Collections,298742.52
CT-003950,COMP-04,2025-12-03,outflow,Vendor Payments,143591.19
CT-003951,COMP-04,2025-12-04,inflow,Revenue/Collections,257230.13
CT-003952,COMP-04,2025-12-04,outflow,Operating Expenses,152877.85
CT-003953,COMP-04,2025-12-05,inflow,Revenue/Collections,310887.55
CT-003954,COMP-04,2025-12-05,outflow,Payroll,158289.95
CT-003955,COMP-04,2025-12-06,inflow,Revenue/Collections,94307.86
CT-003956,COMP-04,2025-12-06,outflow,Payroll,55710.62
CT-003957,COMP-04,2025-12-07,inflow,Revenue/Collections,71743.04
CT-003958,COMP-04,2025-12-07,outflow,Vendor Payments,41835.65
CT-003959,COMP-04,2025-12-08,inflow,Revenue/Collections,240557.93
CT-003960,COMP-04,2025-12-08,outflow,Operating Expenses,158391.95
CT-003961,COMP-04,2025-12-09,inflow,Revenue/Collections,229921.88
CT-003962,COMP-04,2025-12-09,outflow,Vendor Payments,153047.34
CT-003963,COMP-04,2025-12-10,inflow,Revenue/Collections,234803.98
CT-003964,COMP-04,2025-12-10,outflow,Payroll,159153.95
CT-003965,COMP-04,2025-12-11,inflow,Revenue/Collections,224088.03
CT-003966,COMP-04,2025-12-11,outflow,Payroll,157869.49
CT-003967,COMP-04,2025-12-12,inflow,Revenue/Collections,233322.97
CT-003968,COMP-04,2025-12-12,outflow,Payroll,127709.25
CT-003969,COMP-04,2025-12-13,inflow,Revenue/Collections,114105.81
CT-003970,COMP-04,2025-12-13,outflow,Vendor Payments,49975.6
CT-003971,COMP-04,2025-12-14,inflow,Revenue/Collections,76190.27
CT-003972,COMP-04,2025-12-14,outflow,Vendor Payments,58562.82
CT-003973,COMP-04,2025-12-15,inflow,Revenue/Collections,213080.64
CT-003974,COMP-04,2025-12-15,outflow,Payroll,138650.67
CT-003975,COMP-04,2025-12-16,inflow,Revenue/Collections,229799.48
CT-003976,COMP-04,2025-12-16,outflow,Operating Expenses,139164.36
CT-003977,COMP-04,2025-12-17,inflow,Revenue/Collections,217662.09
CT-003978,COMP-04,2025-12-17,outflow,Payroll,132665.89
CT-003979,COMP-04,2025-12-18,inflow,Revenue/Collections,245460.78
CT-003980,COMP-04,2025-12-18,outflow,Vendor Payments,154386.47
CT-003981,COMP-04,2025-12-19,inflow,Revenue/Collections,232744.87
CT-003982,COMP-04,2025-12-19,outflow,Payroll,160965.47
CT-003983,COMP-04,2025-12-20,inflow,Revenue/Collections,66990.97
CT-003984,COMP-04,2025-12-20,outflow,Vendor Payments,57353.98
CT-003985,COMP-04,2025-12-21,inflow,Revenue/Collections,86891.42
CT-003986,COMP-04,2025-12-21,outflow,Vendor Payments,45679.72
CT-003987,COMP-04,2025-12-22,inflow,Revenue/Collections,219815.7
CT-003988,COMP-04,2025-12-22,outflow,Operating Expenses,149223.43
CT-003989,COMP-04,2025-12-23,inflow,Revenue/Collections,242598.52
CT-003990,COMP-04,2025-12-23,outflow,Payroll,153065.26
CT-003991,COMP-04,2025-12-24,inflow,Revenue/Collections,243370.6
CT-003992,COMP-04,2025-12-24,outflow,Operating Expenses,128845.13
CT-003993,COMP-04,2025-12-25,inflow,Revenue/Collections,220244.33
CT-003994,COMP-04,2025-12-25,outflow,Vendor Payments,142614.35
CT-003995,COMP-04,2025-12-26,inflow,Revenue/Collections,202816.28
CT-003996,COMP-04,2025-12-26,outflow,Payroll,314347.27
CT-003997,COMP-04,2025-12-27,inflow,Revenue/Collections,93035.37
CT-003998,COMP-04,2025-12-27,outflow,Operating Expenses,74180.07
CT-003999,COMP-04,2025-12-28,inflow,Revenue/Collections,110518.99
CT-004000,COMP-04,2025-12-28,outflow,Operating Expenses,58478.7
CT-004001,COMP-04,2025-12-29,inflow,Revenue/Collections,211078.21
CT-004002,COMP-04,2025-12-29,outflow,Payroll,251165.27
CT-004003,COMP-04,2025-12-30,inflow,Revenue/Collections,239278.15
CT-004004,COMP-04,2025-12-30,outflow,Payroll,247218.13
CT-004005,COMP-04,2025-12-31,inflow,Revenue/Collections,242485.64
CT-004006,COMP-04,2025-12-31,outflow,Vendor Payments,267895.78
CT-004007,COMP-04,2026-01-01,inflow,Revenue/Collections,269104.41
CT-004008,COMP-04,2026-01-01,outflow,Vendor Payments,131585.71
CT-004009,COMP-04,2026-01-02,inflow,Revenue/Collections,271347.95
CT-004010,COMP-04,2026-01-02,outflow,Vendor Payments,143596.13
CT-004011,COMP-04,2026-01-03,inflow,Revenue/Collections,96912.73
CT-004012,COMP-04,2026-01-03,outflow,Payroll,33293.38
CT-004013,COMP-04,2026-01-04,inflow,Revenue/Collections,89440.7
CT-004014,COMP-04,2026-01-04,outflow,Vendor Payments,55148.72
CT-004015,COMP-04,2026-01-05,inflow,Revenue/Collections,267737.9
CT-004016,COMP-04,2026-01-05,outflow,Payroll,152602.13
CT-004017,COMP-04,2026-01-06,inflow,Revenue/Collections,212744.61
CT-004018,COMP-04,2026-01-06,outflow,Payroll,133242.6
CT-004019,COMP-04,2026-01-07,inflow,Revenue/Collections,242564.53
CT-004020,COMP-04,2026-01-07,outflow,Operating Expenses,148079.84
CT-004021,COMP-04,2026-01-08,inflow,Revenue/Collections,214373.95
CT-004022,COMP-04,2026-01-08,outflow,Operating Expenses,160595.31
CT-004023,COMP-04,2026-01-09,inflow,Revenue/Collections,227256.14
CT-004024,COMP-04,2026-01-09,outflow,Operating Expenses,143696.84
CT-004025,COMP-04,2026-01-10,inflow,Revenue/Collections,88313.53
CT-004026,COMP-04,2026-01-10,outflow,Payroll,29231.92
CT-004027,COMP-04,2026-01-11,inflow,Revenue/Collections,79042.9
CT-004028,COMP-04,2026-01-11,outflow,Vendor Payments,44674.4
CT-004029,COMP-04,2026-01-12,inflow,Revenue/Collections,225183.0
CT-004030,COMP-04,2026-01-12,outflow,Payroll,172902.05
CT-004031,COMP-04,2026-01-13,inflow,Revenue/Collections,243710.43
CT-004032,COMP-04,2026-01-13,outflow,Payroll,139924.16
CT-004033,COMP-04,2026-01-14,inflow,Revenue/Collections,245923.7
CT-004034,COMP-04,2026-01-14,outflow,Payroll,149535.98
CT-004035,COMP-04,2026-01-15,inflow,Revenue/Collections,230944.47
CT-004036,COMP-04,2026-01-15,outflow,Payroll,162819.72
CT-004037,COMP-04,2026-01-16,inflow,Revenue/Collections,214746.53
CT-004038,COMP-04,2026-01-16,outflow,Vendor Payments,161106.92
CT-004039,COMP-04,2026-01-17,inflow,Revenue/Collections,89435.79
CT-004040,COMP-04,2026-01-17,outflow,Operating Expenses,45826.32
CT-004041,COMP-04,2026-01-18,inflow,Revenue/Collections,92841.0
CT-004042,COMP-04,2026-01-18,outflow,Operating Expenses,32486.23
CT-004043,COMP-04,2026-01-19,inflow,Revenue/Collections,204604.63
CT-004044,COMP-04,2026-01-19,outflow,Payroll,151667.79
CT-004045,COMP-04,2026-01-20,inflow,Revenue/Collections,205314.8
CT-004046,COMP-04,2026-01-20,outflow,Vendor Payments,153259.36
CT-004047,COMP-04,2026-01-21,inflow,Revenue/Collections,208187.52
CT-004048,COMP-04,2026-01-21,outflow,Payroll,171370.73
CT-004049,COMP-04,2026-01-22,inflow,Revenue/Collections,248763.65
CT-004050,COMP-04,2026-01-22,outflow,Vendor Payments,138081.12
CT-004051,COMP-04,2026-01-23,inflow,Revenue/Collections,204787.84
CT-004052,COMP-04,2026-01-23,outflow,Vendor Payments,144951.67
CT-004053,COMP-04,2026-01-24,inflow,Revenue/Collections,65340.36
CT-004054,COMP-04,2026-01-24,outflow,Operating Expenses,54453.45
CT-004055,COMP-04,2026-01-25,inflow,Revenue/Collections,66647.16
CT-004056,COMP-04,2026-01-25,outflow,Operating Expenses,34133.33
CT-004057,COMP-04,2026-01-26,inflow,Revenue/Collections,239828.85
CT-004058,COMP-04,2026-01-26,outflow,Vendor Payments,263506.23
CT-004059,COMP-04,2026-01-27,inflow,Revenue/Collections,225722.66
CT-004060,COMP-04,2026-01-27,outflow,Operating Expenses,272716.51
CT-004061,COMP-04,2026-01-28,inflow,Revenue/Collections,227344.75
CT-004062,COMP-04,2026-01-28,outflow,Payroll,233629.81
CT-004063,COMP-04,2026-01-29,inflow,Revenue/Collections,214413.53
CT-004064,COMP-04,2026-01-29,outflow,Operating Expenses,233260.07
CT-004065,COMP-04,2026-01-30,inflow,Revenue/Collections,235065.83
CT-004066,COMP-04,2026-01-30,outflow,Vendor Payments,238840.13
CT-004067,COMP-04,2026-01-31,inflow,Revenue/Collections,116313.52
CT-004068,COMP-04,2026-01-31,outflow,Vendor Payments,85099.77
CT-004069,COMP-04,2026-02-01,inflow,Revenue/Collections,110502.83
CT-004070,COMP-04,2026-02-01,outflow,Operating Expenses,34530.23
CT-004071,COMP-04,2026-02-02,inflow,Revenue/Collections,281079.93
CT-004072,COMP-04,2026-02-02,outflow,Payroll,171492.88
CT-004073,COMP-04,2026-02-03,inflow,Revenue/Collections,278111.52
CT-004074,COMP-04,2026-02-03,outflow,Vendor Payments,138612.39
CT-004075,COMP-04,2026-02-04,inflow,Revenue/Collections,287272.83
CT-004076,COMP-04,2026-02-04,outflow,Operating Expenses,129814.3
CT-004077,COMP-04,2026-02-05,inflow,Revenue/Collections,259341.52
CT-004078,COMP-04,2026-02-05,outflow,Operating Expenses,142797.77
CT-004079,COMP-04,2026-02-06,inflow,Revenue/Collections,228654.2
CT-004080,COMP-04,2026-02-06,outflow,Payroll,139816.81
CT-004081,COMP-04,2026-02-07,inflow,Revenue/Collections,84680.26
CT-004082,COMP-04,2026-02-07,outflow,Operating Expenses,30958.74
CT-004083,COMP-04,2026-02-08,inflow,Revenue/Collections,84842.42
CT-004084,COMP-04,2026-02-08,outflow,Operating Expenses,46804.83
CT-004085,COMP-04,2026-02-09,inflow,Revenue/Collections,219003.12
CT-004086,COMP-04,2026-02-09,outflow,Operating Expenses,165987.56
CT-004087,COMP-04,2026-02-10,inflow,Revenue/Collections,245217.6
CT-004088,COMP-04,2026-02-10,outflow,Payroll,156327.94
CT-004089,COMP-04,2026-02-11,inflow,Revenue/Collections,222116.29
CT-004090,COMP-04,2026-02-11,outflow,Operating Expenses,145369.21
CT-004091,COMP-04,2026-02-12,inflow,Revenue/Collections,241320.45
CT-004092,COMP-04,2026-02-12,outflow,Operating Expenses,153961.81
CT-004093,COMP-04,2026-02-13,inflow,Revenue/Collections,225193.61
CT-004094,COMP-04,2026-02-13,outflow,Operating Expenses,164079.27
CT-004095,COMP-04,2026-02-14,inflow,Revenue/Collections,105237.08
CT-004096,COMP-04,2026-02-14,outflow,Operating Expenses,49280.75
CT-004097,COMP-04,2026-02-15,inflow,Revenue/Collections,71572.79
CT-004098,COMP-04,2026-02-15,outflow,Payroll,29977.7
CT-004099,COMP-04,2026-02-16,inflow,Revenue/Collections,224184.61
CT-004100,COMP-04,2026-02-16,outflow,Vendor Payments,140276.82
CT-004101,COMP-04,2026-02-17,inflow,Revenue/Collections,214977.71
CT-004102,COMP-04,2026-02-17,outflow,Operating Expenses,169520.53
CT-004103,COMP-04,2026-02-18,inflow,Revenue/Collections,209674.93
CT-004104,COMP-04,2026-02-18,outflow,Operating Expenses,142309.43
CT-004105,COMP-04,2026-02-19,inflow,Revenue/Collections,244464.66
CT-004106,COMP-04,2026-02-19,outflow,Vendor Payments,159328.92
CT-004107,COMP-04,2026-02-20,inflow,Revenue/Collections,214936.83
CT-004108,COMP-04,2026-02-20,outflow,Payroll,130845.84
CT-004109,COMP-04,2026-02-21,inflow,Revenue/Collections,113594.0
CT-004110,COMP-04,2026-02-21,outflow,Payroll,50537.59
CT-004111,COMP-04,2026-02-22,inflow,Revenue/Collections,101945.01
CT-004112,COMP-04,2026-02-22,outflow,Payroll,56438.15
CT-004113,COMP-04,2026-02-23,inflow,Revenue/Collections,224323.74
CT-004114,COMP-04,2026-02-23,outflow,Payroll,149297.63
CT-004115,COMP-04,2026-02-24,inflow,Revenue/Collections,218393.69
CT-004116,COMP-04,2026-02-24,outflow,Payroll,145211.46
CT-004117,COMP-04,2026-02-25,inflow,Revenue/Collections,240778.79
CT-004118,COMP-04,2026-02-25,outflow,Vendor Payments,166194.77
CT-004119,COMP-04,2026-02-26,inflow,Revenue/Collections,231004.79
CT-004120,COMP-04,2026-02-26,outflow,Payroll,226168.97
CT-004121,COMP-04,2026-02-27,inflow,Revenue/Collections,213356.35
CT-004122,COMP-04,2026-02-27,outflow,Payroll,219233.51
CT-004123,COMP-04,2026-02-28,inflow,Revenue/Collections,87483.18
CT-004124,COMP-04,2026-02-28,outflow,Vendor Payments,68558.89
CT-004125,COMP-04,2026-03-01,inflow,Revenue/Collections,135472.04
CT-004126,COMP-04,2026-03-01,outflow,Operating Expenses,32488.34
CT-004127,COMP-04,2026-03-02,inflow,Revenue/Collections,320868.36
CT-004128,COMP-04,2026-03-02,outflow,Payroll,146539.76
CT-004129,COMP-04,2026-03-03,inflow,Revenue/Collections,283527.41
CT-004130,COMP-04,2026-03-03,outflow,Payroll,161922.54
CT-004131,COMP-04,2026-03-04,inflow,Revenue/Collections,257400.6
CT-004132,COMP-04,2026-03-04,outflow,Operating Expenses,170262.13
CT-004133,COMP-04,2026-03-05,inflow,Revenue/Collections,268367.16
CT-004134,COMP-04,2026-03-05,outflow,Operating Expenses,169574.68
CT-004135,COMP-04,2026-03-06,inflow,Revenue/Collections,225038.78
CT-004136,COMP-04,2026-03-06,outflow,Operating Expenses,140359.53
CT-004137,COMP-04,2026-03-07,inflow,Revenue/Collections,79514.54
CT-004138,COMP-04,2026-03-07,outflow,Vendor Payments,32982.99
CT-004139,COMP-04,2026-03-08,inflow,Revenue/Collections,111791.24
CT-004140,COMP-04,2026-03-08,outflow,Operating Expenses,33196.49
CT-004141,COMP-04,2026-03-09,inflow,Revenue/Collections,242616.42
CT-004142,COMP-04,2026-03-09,outflow,Payroll,133183.55
CT-004143,COMP-04,2026-03-10,inflow,Revenue/Collections,223628.99
CT-004144,COMP-04,2026-03-10,outflow,Operating Expenses,154141.84
CT-004145,COMP-04,2026-03-11,inflow,Revenue/Collections,229275.4
CT-004146,COMP-04,2026-03-11,outflow,Vendor Payments,163180.9
CT-004147,COMP-04,2026-03-12,inflow,Revenue/Collections,242099.79
CT-004148,COMP-04,2026-03-12,outflow,Vendor Payments,135792.74
CT-004149,COMP-04,2026-03-13,inflow,Revenue/Collections,223914.86
CT-004150,COMP-04,2026-03-13,outflow,Payroll,153839.92
CT-004151,COMP-04,2026-03-14,inflow,Revenue/Collections,76486.92
CT-004152,COMP-04,2026-03-14,outflow,Vendor Payments,35155.06
CT-004153,COMP-04,2026-03-15,inflow,Revenue/Collections,94774.86
CT-004154,COMP-04,2026-03-15,outflow,Payroll,43719.25
CT-004155,COMP-04,2026-03-16,inflow,Revenue/Collections,231595.85
CT-004156,COMP-04,2026-03-16,outflow,Payroll,133121.45
CT-004157,COMP-04,2026-03-17,inflow,Revenue/Collections,210093.68
CT-004158,COMP-04,2026-03-17,outflow,Payroll,154627.1
CT-004159,COMP-04,2026-03-18,inflow,Revenue/Collections,243656.7
CT-004160,COMP-04,2026-03-18,outflow,Payroll,148327.46
CT-004161,COMP-04,2026-03-19,inflow,Revenue/Collections,247432.5
CT-004162,COMP-04,2026-03-19,outflow,Vendor Payments,144381.54
CT-004163,COMP-04,2026-03-20,inflow,Revenue/Collections,213397.24
CT-004164,COMP-04,2026-03-20,outflow,Vendor Payments,166153.55
CT-004165,COMP-04,2026-03-21,inflow,Revenue/Collections,106975.15
CT-004166,COMP-04,2026-03-21,outflow,Vendor Payments,37408.79
CT-004167,COMP-04,2026-03-22,inflow,Revenue/Collections,119914.05
CT-004168,COMP-04,2026-03-22,outflow,Operating Expenses,54548.28
CT-004169,COMP-04,2026-03-23,inflow,Revenue/Collections,221182.66
CT-004170,COMP-04,2026-03-23,outflow,Vendor Payments,157452.55
CT-004171,COMP-04,2026-03-24,inflow,Revenue/Collections,249107.05
CT-004172,COMP-04,2026-03-24,outflow,Vendor Payments,169920.19
CT-004173,COMP-04,2026-03-25,inflow,Revenue/Collections,249204.55
CT-004174,COMP-04,2026-03-25,outflow,Payroll,135806.56
CT-004175,COMP-04,2026-03-26,inflow,Revenue/Collections,240457.77
CT-004176,COMP-04,2026-03-26,outflow,Operating Expenses,260952.66
CT-004177,COMP-04,2026-03-27,inflow,Revenue/Collections,215919.18
CT-004178,COMP-04,2026-03-27,outflow,Operating Expenses,224752.5
CT-004179,COMP-04,2026-03-28,inflow,Revenue/Collections,88649.81
CT-004180,COMP-04,2026-03-28,outflow,Vendor Payments,76305.37
CT-004181,COMP-04,2026-03-29,inflow,Revenue/Collections,83599.8
CT-004182,COMP-04,2026-03-29,outflow,Payroll,56796.37
CT-004183,COMP-04,2026-03-30,inflow,Revenue/Collections,240661.29
CT-004184,COMP-04,2026-03-30,outflow,Vendor Payments,289149.26
CT-004185,COMP-04,2026-03-31,inflow,Revenue/Collections,226575.53
CT-004186,COMP-04,2026-03-31,outflow,Payroll,222863.9
CT-004187,COMP-04,2026-04-01,inflow,Revenue/Collections,244317.63
CT-004188,COMP-04,2026-04-01,outflow,Vendor Payments,171103.07
CT-004189,COMP-04,2026-04-02,inflow,Revenue/Collections,287084.61
CT-004190,COMP-04,2026-04-02,outflow,Payroll,136464.44
CT-004191,COMP-04,2026-04-03,inflow,Revenue/Collections,264096.85
CT-004192,COMP-04,2026-04-03,outflow,Payroll,138121.49
CT-004193,COMP-04,2026-04-04,inflow,Revenue/Collections,83918.75
CT-004194,COMP-04,2026-04-04,outflow,Operating Expenses,52230.88
CT-004195,COMP-04,2026-04-05,inflow,Revenue/Collections,130816.64
CT-004196,COMP-04,2026-04-05,outflow,Operating Expenses,45551.66
CT-004197,COMP-04,2026-04-06,inflow,Revenue/Collections,235898.74
CT-004198,COMP-04,2026-04-06,outflow,Payroll,165113.56
CT-004199,COMP-04,2026-04-07,inflow,Revenue/Collections,213791.14
CT-004200,COMP-04,2026-04-07,outflow,Payroll,170056.52
CT-004201,COMP-04,2026-04-08,inflow,Revenue/Collections,229166.89
CT-004202,COMP-04,2026-04-08,outflow,Vendor Payments,144091.24
CT-004203,COMP-04,2026-04-09,inflow,Revenue/Collections,214588.43
CT-004204,COMP-04,2026-04-09,outflow,Payroll,157655.91
CT-004205,COMP-04,2026-04-10,inflow,Revenue/Collections,241431.61
CT-004206,COMP-04,2026-04-10,outflow,Vendor Payments,140395.01
CT-004207,COMP-04,2026-04-11,inflow,Revenue/Collections,114622.54
CT-004208,COMP-04,2026-04-11,outflow,Payroll,43165.5
CT-004209,COMP-04,2026-04-12,inflow,Revenue/Collections,96152.57
CT-004210,COMP-04,2026-04-12,outflow,Vendor Payments,57740.71
CT-004211,COMP-04,2026-04-13,inflow,Revenue/Collections,239058.46
CT-004212,COMP-04,2026-04-13,outflow,Vendor Payments,159858.32
CT-004213,COMP-04,2026-04-14,inflow,Revenue/Collections,220816.43
CT-004214,COMP-04,2026-04-14,outflow,Vendor Payments,149058.64
CT-004215,COMP-04,2026-04-15,inflow,Revenue/Collections,216388.89
CT-004216,COMP-04,2026-04-15,outflow,Operating Expenses,141761.66
CT-004217,COMP-04,2026-04-16,inflow,Revenue/Collections,226951.57
CT-004218,COMP-04,2026-04-16,outflow,Operating Expenses,163090.75
CT-004219,COMP-04,2026-04-17,inflow,Revenue/Collections,214190.94
CT-004220,COMP-04,2026-04-17,outflow,Vendor Payments,144891.62
CT-004221,COMP-04,2026-04-18,inflow,Revenue/Collections,93076.69
CT-004222,COMP-04,2026-04-18,outflow,Payroll,47177.52
CT-004223,COMP-04,2026-04-19,inflow,Revenue/Collections,119580.52
CT-004224,COMP-04,2026-04-19,outflow,Vendor Payments,61453.5
CT-004225,COMP-04,2026-04-20,inflow,Revenue/Collections,225981.12
CT-004226,COMP-04,2026-04-20,outflow,Operating Expenses,144224.85
CT-004227,COMP-04,2026-04-21,inflow,Revenue/Collections,230843.49
CT-004228,COMP-04,2026-04-21,outflow,Operating Expenses,177449.17
CT-004229,COMP-04,2026-04-22,inflow,Revenue/Collections,210675.46
CT-004230,COMP-04,2026-04-22,outflow,Vendor Payments,159653.43
CT-004231,COMP-04,2026-04-23,inflow,Revenue/Collections,212483.94
CT-004232,COMP-04,2026-04-23,outflow,Payroll,140642.62
CT-004233,COMP-04,2026-04-24,inflow,Revenue/Collections,211507.34
CT-004234,COMP-04,2026-04-24,outflow,Vendor Payments,178449.05
CT-004235,COMP-04,2026-04-25,inflow,Revenue/Collections,75954.62
CT-004236,COMP-04,2026-04-25,outflow,Vendor Payments,54206.68
CT-004237,COMP-04,2026-04-26,inflow,Revenue/Collections,101975.94
CT-004238,COMP-04,2026-04-26,outflow,Vendor Payments,54542.92
CT-004239,COMP-04,2026-04-27,inflow,Revenue/Collections,235881.94
CT-004240,COMP-04,2026-04-27,outflow,Vendor Payments,240389.31
CT-004241,COMP-04,2026-04-28,inflow,Revenue/Collections,240918.15
CT-004242,COMP-04,2026-04-28,outflow,Payroll,301513.41
CT-004243,COMP-04,2026-04-29,inflow,Revenue/Collections,240399.64
CT-004244,COMP-04,2026-04-29,outflow,Vendor Payments,252652.79
CT-004245,COMP-04,2026-04-30,inflow,Revenue/Collections,212309.47
CT-004246,COMP-04,2026-04-30,outflow,Payroll,243996.26
CT-004247,COMP-04,2026-05-01,inflow,Revenue/Collections,311280.7
CT-004248,COMP-04,2026-05-01,outflow,Vendor Payments,165248.9
CT-004249,COMP-04,2026-05-02,inflow,Revenue/Collections,122339.64
CT-004250,COMP-04,2026-05-02,outflow,Payroll,43821.99
CT-004251,COMP-04,2026-05-03,inflow,Revenue/Collections,98205.9
CT-004252,COMP-04,2026-05-03,outflow,Payroll,40443.7
CT-004253,COMP-04,2026-05-04,inflow,Revenue/Collections,260832.63
CT-004254,COMP-04,2026-05-04,outflow,Vendor Payments,143378.08
CT-004255,COMP-04,2026-05-05,inflow,Revenue/Collections,253627.16
CT-004256,COMP-04,2026-05-05,outflow,Operating Expenses,175221.19
CT-004257,COMP-04,2026-05-06,inflow,Revenue/Collections,233721.3
CT-004258,COMP-04,2026-05-06,outflow,Vendor Payments,134006.42
CT-004259,COMP-04,2026-05-07,inflow,Revenue/Collections,237968.79
CT-004260,COMP-04,2026-05-07,outflow,Vendor Payments,160763.64
CT-004261,COMP-04,2026-05-08,inflow,Revenue/Collections,243993.5
CT-004262,COMP-04,2026-05-08,outflow,Vendor Payments,158198.12
CT-004263,COMP-04,2026-05-09,inflow,Revenue/Collections,92753.47
CT-004264,COMP-04,2026-05-09,outflow,Operating Expenses,48930.07
CT-004265,COMP-04,2026-05-10,inflow,Revenue/Collections,70065.77
CT-004266,COMP-04,2026-05-10,outflow,Payroll,49502.53
CT-004267,COMP-04,2026-05-11,inflow,Revenue/Collections,235127.1
CT-004268,COMP-04,2026-05-11,outflow,Operating Expenses,180042.94
CT-004269,COMP-04,2026-05-12,inflow,Revenue/Collections,254028.91
CT-004270,COMP-04,2026-05-12,outflow,Operating Expenses,175110.1
CT-004271,COMP-04,2026-05-13,inflow,Revenue/Collections,248017.2
CT-004272,COMP-04,2026-05-13,outflow,Payroll,137354.87
CT-004273,COMP-04,2026-05-14,inflow,Revenue/Collections,218729.71
CT-004274,COMP-04,2026-05-14,outflow,Payroll,180509.64
CT-004275,COMP-04,2026-05-15,inflow,Revenue/Collections,226045.33
CT-004276,COMP-04,2026-05-15,outflow,Operating Expenses,143376.19
CT-004277,COMP-04,2026-05-16,inflow,Revenue/Collections,97091.03
CT-004278,COMP-04,2026-05-16,outflow,Vendor Payments,32317.52
CT-004279,COMP-04,2026-05-17,inflow,Revenue/Collections,115869.37
CT-004280,COMP-04,2026-05-17,outflow,Vendor Payments,61747.95
CT-004281,COMP-04,2026-05-18,inflow,Revenue/Collections,212606.11
CT-004282,COMP-04,2026-05-18,outflow,Payroll,167842.22
CT-004283,COMP-04,2026-05-19,inflow,Revenue/Collections,245352.77
CT-004284,COMP-04,2026-05-19,outflow,Operating Expenses,156735.15
CT-004285,COMP-04,2026-05-20,inflow,Revenue/Collections,256081.63
CT-004286,COMP-04,2026-05-20,outflow,Payroll,135486.47
CT-004287,COMP-04,2026-05-21,inflow,Revenue/Collections,223124.74
CT-004288,COMP-04,2026-05-21,outflow,Payroll,152886.85
CT-004289,COMP-04,2026-05-22,inflow,Revenue/Collections,237231.48
CT-004290,COMP-04,2026-05-22,outflow,Vendor Payments,156236.55
CT-004291,COMP-04,2026-05-23,inflow,Revenue/Collections,93761.88
CT-004292,COMP-04,2026-05-23,outflow,Operating Expenses,28357.76
CT-004293,COMP-04,2026-05-24,inflow,Revenue/Collections,104588.2
CT-004294,COMP-04,2026-05-24,outflow,Operating Expenses,35625.74
CT-004295,COMP-04,2026-05-25,inflow,Revenue/Collections,230948.74
CT-004296,COMP-04,2026-05-25,outflow,Operating Expenses,177554.56
CT-004297,COMP-04,2026-05-26,inflow,Revenue/Collections,222955.74
CT-004298,COMP-04,2026-05-26,outflow,Payroll,262836.4
CT-004299,COMP-04,2026-05-27,inflow,Revenue/Collections,218263.13
CT-004300,COMP-04,2026-05-27,outflow,Payroll,266657.32
CT-004301,COMP-04,2026-05-28,inflow,Revenue/Collections,217576.05
CT-004302,COMP-04,2026-05-28,outflow,Operating Expenses,226204.99
CT-004303,COMP-04,2026-05-29,inflow,Revenue/Collections,231291.05
CT-004304,COMP-04,2026-05-29,outflow,Payroll,222121.98
CT-004305,COMP-04,2026-05-30,inflow,Revenue/Collections,110615.2
CT-004306,COMP-04,2026-05-30,outflow,Vendor Payments,63675.7
CT-004307,COMP-04,2026-05-31,inflow,Revenue/Collections,70766.84
CT-004308,COMP-04,2026-05-31,outflow,Payroll,68988.63
CT-004309,COMP-04,2026-06-01,inflow,Revenue/Collections,284597.52
CT-004310,COMP-04,2026-06-01,outflow,Vendor Payments,165581.7
CT-004311,COMP-04,2026-06-02,inflow,Revenue/Collections,320459.13
CT-004312,COMP-04,2026-06-02,outflow,Operating Expenses,172611.04
CT-004313,COMP-04,2026-06-03,inflow,Revenue/Collections,279347.04
CT-004314,COMP-04,2026-06-03,outflow,Operating Expenses,149105.32
CT-004315,COMP-04,2026-06-04,inflow,Revenue/Collections,273443.75
CT-004316,COMP-04,2026-06-04,outflow,Vendor Payments,175785.42
CT-004317,COMP-04,2026-06-05,inflow,Revenue/Collections,240602.53
CT-004318,COMP-04,2026-06-05,outflow,Vendor Payments,158905.03
CT-004319,COMP-04,2026-06-06,inflow,Revenue/Collections,107103.19
CT-004320,COMP-04,2026-06-06,outflow,Vendor Payments,40210.56
CT-004321,COMP-04,2026-06-07,inflow,Revenue/Collections,99012.16
CT-004322,COMP-04,2026-06-07,outflow,Payroll,37166.02
CT-004323,COMP-04,2026-06-08,inflow,Revenue/Collections,242178.66
CT-004324,COMP-04,2026-06-08,outflow,Operating Expenses,146345.49
CT-004325,COMP-04,2026-06-09,inflow,Revenue/Collections,247543.27
CT-004326,COMP-04,2026-06-09,outflow,Payroll,175696.23
CT-004327,COMP-04,2026-06-10,inflow,Revenue/Collections,219812.11
CT-004328,COMP-04,2026-06-10,outflow,Vendor Payments,172827.2
CT-004329,COMP-04,2026-06-11,inflow,Revenue/Collections,234601.43
CT-004330,COMP-04,2026-06-11,outflow,Payroll,166206.41
CT-004331,COMP-04,2026-06-12,inflow,Revenue/Collections,221275.08
CT-004332,COMP-04,2026-06-12,outflow,Payroll,164995.14
CT-004333,COMP-04,2026-06-13,inflow,Revenue/Collections,110383.74
CT-004334,COMP-04,2026-06-13,outflow,Operating Expenses,35497.76
CT-004335,COMP-04,2026-06-14,inflow,Revenue/Collections,110880.57
CT-004336,COMP-04,2026-06-14,outflow,Vendor Payments,50302.92
CT-004337,COMP-04,2026-06-15,inflow,Revenue/Collections,235061.91
CT-004338,COMP-04,2026-06-15,outflow,Vendor Payments,179852.23
CT-004339,COMP-04,2026-06-16,inflow,Revenue/Collections,244184.41
CT-004340,COMP-04,2026-06-16,outflow,Payroll,153772.83
CT-004341,COMP-04,2026-06-17,inflow,Revenue/Collections,217456.34
CT-004342,COMP-04,2026-06-17,outflow,Payroll,182566.57
CT-004343,COMP-04,2026-06-18,inflow,Revenue/Collections,255720.03
CT-004344,COMP-04,2026-06-18,outflow,Operating Expenses,152227.45
CT-004345,COMP-04,2026-06-19,inflow,Revenue/Collections,213852.69
CT-004346,COMP-04,2026-06-19,outflow,Operating Expenses,171825.47
CT-004347,COMP-04,2026-06-20,inflow,Revenue/Collections,92648.56
CT-004348,COMP-04,2026-06-20,outflow,Vendor Payments,50337.28
CT-004349,COMP-04,2026-06-21,inflow,Revenue/Collections,109259.21
CT-004350,COMP-04,2026-06-21,outflow,Operating Expenses,45659.53
CT-004351,COMP-04,2026-06-22,inflow,Revenue/Collections,248723.21
CT-004352,COMP-04,2026-06-22,outflow,Operating Expenses,153011.27
CT-004353,COMP-04,2026-06-23,inflow,Revenue/Collections,227190.14
CT-004354,COMP-04,2026-06-23,outflow,Vendor Payments,180089.67
CT-004355,COMP-04,2026-06-24,inflow,Revenue/Collections,217188.17
CT-004356,COMP-04,2026-06-24,outflow,Operating Expenses,145091.48
CT-004357,COMP-04,2026-06-25,inflow,Revenue/Collections,259052.77
CT-004358,COMP-04,2026-06-25,outflow,Vendor Payments,170513.92
CT-004359,COMP-04,2026-06-26,inflow,Revenue/Collections,233979.67
CT-004360,COMP-04,2026-06-26,outflow,Operating Expenses,219018.08
CT-004361,COMP-04,2026-06-27,inflow,Revenue/Collections,87180.57
CT-004362,COMP-04,2026-06-27,outflow,Vendor Payments,61734.45
CT-004363,COMP-04,2026-06-28,inflow,Revenue/Collections,103874.35
CT-004364,COMP-04,2026-06-28,outflow,Payroll,45608.3
CT-004365,COMP-04,2026-06-29,inflow,Revenue/Collections,224876.88
CT-004366,COMP-04,2026-06-29,outflow,Payroll,267231.75
CT-004367,COMP-04,2026-06-30,inflow,Revenue/Collections,227184.41
CT-004368,COMP-04,2026-06-30,outflow,Payroll,286934.09
CT-004369,COMP-05,2025-01-01,inflow,Revenue/Collections,197928.31
CT-004370,COMP-05,2025-01-01,outflow,Operating Expenses,130522.46
CT-004371,COMP-05,2025-01-02,inflow,Revenue/Collections,201432.43
CT-004372,COMP-05,2025-01-02,outflow,Vendor Payments,119405.34
CT-004373,COMP-05,2025-01-03,inflow,Revenue/Collections,184165.15
CT-004374,COMP-05,2025-01-03,outflow,Vendor Payments,129965.9
CT-004375,COMP-05,2025-01-04,inflow,Revenue/Collections,98619.67
CT-004376,COMP-05,2025-01-04,outflow,Vendor Payments,36393.93
CT-004377,COMP-05,2025-01-05,inflow,Revenue/Collections,96485.18
CT-004378,COMP-05,2025-01-05,outflow,Operating Expenses,42905.94
CT-004379,COMP-05,2025-01-06,inflow,Revenue/Collections,164135.41
CT-004380,COMP-05,2025-01-06,outflow,Operating Expenses,122176.9
CT-004381,COMP-05,2025-01-07,inflow,Revenue/Collections,172205.58
CT-004382,COMP-05,2025-01-07,outflow,Vendor Payments,111577.57
CT-004383,COMP-05,2025-01-08,inflow,Revenue/Collections,163921.71
CT-004384,COMP-05,2025-01-08,outflow,Vendor Payments,122559.82
CT-004385,COMP-05,2025-01-09,inflow,Revenue/Collections,177468.96
CT-004386,COMP-05,2025-01-09,outflow,Operating Expenses,110073.71
CT-004387,COMP-05,2025-01-10,inflow,Revenue/Collections,169929.64
CT-004388,COMP-05,2025-01-10,outflow,Operating Expenses,116258.36
CT-004389,COMP-05,2025-01-11,inflow,Revenue/Collections,70317.89
CT-004390,COMP-05,2025-01-11,outflow,Operating Expenses,37707.29
CT-004391,COMP-05,2025-01-12,inflow,Revenue/Collections,68120.13
CT-004392,COMP-05,2025-01-12,outflow,Operating Expenses,41602.39
CT-004393,COMP-05,2025-01-13,inflow,Revenue/Collections,184615.11
CT-004394,COMP-05,2025-01-13,outflow,Payroll,106419.12
CT-004395,COMP-05,2025-01-14,inflow,Revenue/Collections,172218.86
CT-004396,COMP-05,2025-01-14,outflow,Vendor Payments,118903.12
CT-004397,COMP-05,2025-01-15,inflow,Revenue/Collections,166146.14
CT-004398,COMP-05,2025-01-15,outflow,Payroll,102106.46
CT-004399,COMP-05,2025-01-16,inflow,Revenue/Collections,160045.49
CT-004400,COMP-05,2025-01-16,outflow,Operating Expenses,99632.25
CT-004401,COMP-05,2025-01-17,inflow,Revenue/Collections,159563.81
CT-004402,COMP-05,2025-01-17,outflow,Operating Expenses,107250.38
CT-004403,COMP-05,2025-01-18,inflow,Revenue/Collections,79878.74
CT-004404,COMP-05,2025-01-18,outflow,Operating Expenses,38822.7
CT-004405,COMP-05,2025-01-19,inflow,Revenue/Collections,86825.39
CT-004406,COMP-05,2025-01-19,outflow,Payroll,45305.9
CT-004407,COMP-05,2025-01-20,inflow,Revenue/Collections,167024.5
CT-004408,COMP-05,2025-01-20,outflow,Vendor Payments,123727.41
CT-004409,COMP-05,2025-01-21,inflow,Revenue/Collections,156070.69
CT-004410,COMP-05,2025-01-21,outflow,Payroll,116701.22
CT-004411,COMP-05,2025-01-22,inflow,Revenue/Collections,177769.45
CT-004412,COMP-05,2025-01-22,outflow,Payroll,122129.2
CT-004413,COMP-05,2025-01-23,inflow,Revenue/Collections,177902.88
CT-004414,COMP-05,2025-01-23,outflow,Vendor Payments,119206.71
CT-004415,COMP-05,2025-01-24,inflow,Revenue/Collections,153382.64
CT-004416,COMP-05,2025-01-24,outflow,Operating Expenses,130297.9
CT-004417,COMP-05,2025-01-25,inflow,Revenue/Collections,75069.86
CT-004418,COMP-05,2025-01-25,outflow,Operating Expenses,37750.48
CT-004419,COMP-05,2025-01-26,inflow,Revenue/Collections,76902.04
CT-004420,COMP-05,2025-01-26,outflow,Vendor Payments,33817.34
CT-004421,COMP-05,2025-01-27,inflow,Revenue/Collections,159764.14
CT-004422,COMP-05,2025-01-27,outflow,Vendor Payments,199170.1
CT-004423,COMP-05,2025-01-28,inflow,Revenue/Collections,183531.59
CT-004424,COMP-05,2025-01-28,outflow,Vendor Payments,191380.52
CT-004425,COMP-05,2025-01-29,inflow,Revenue/Collections,162242.33
CT-004426,COMP-05,2025-01-29,outflow,Operating Expenses,229140.55
CT-004427,COMP-05,2025-01-30,inflow,Revenue/Collections,172324.61
CT-004428,COMP-05,2025-01-30,outflow,Payroll,204285.28
CT-004429,COMP-05,2025-01-31,inflow,Revenue/Collections,183996.08
CT-004430,COMP-05,2025-01-31,outflow,Vendor Payments,230572.0
CT-004431,COMP-05,2025-02-01,inflow,Revenue/Collections,83515.67
CT-004432,COMP-05,2025-02-01,outflow,Operating Expenses,27351.61
CT-004433,COMP-05,2025-02-02,inflow,Revenue/Collections,66405.02
CT-004434,COMP-05,2025-02-02,outflow,Payroll,28249.55
CT-004435,COMP-05,2025-02-03,inflow,Revenue/Collections,196456.77
CT-004436,COMP-05,2025-02-03,outflow,Payroll,121488.77
CT-004437,COMP-05,2025-02-04,inflow,Revenue/Collections,199204.9
CT-004438,COMP-05,2025-02-04,outflow,Operating Expenses,102443.16
CT-004439,COMP-05,2025-02-05,inflow,Revenue/Collections,179800.25
CT-004440,COMP-05,2025-02-05,outflow,Operating Expenses,105372.79
CT-004441,COMP-05,2025-02-06,inflow,Revenue/Collections,175542.28
CT-004442,COMP-05,2025-02-06,outflow,Operating Expenses,127471.67
CT-004443,COMP-05,2025-02-07,inflow,Revenue/Collections,169749.41
CT-004444,COMP-05,2025-02-07,outflow,Operating Expenses,105100.17
CT-004445,COMP-05,2025-02-08,inflow,Revenue/Collections,53638.94
CT-004446,COMP-05,2025-02-08,outflow,Operating Expenses,24679.55
CT-004447,COMP-05,2025-02-09,inflow,Revenue/Collections,47055.6
CT-004448,COMP-05,2025-02-09,outflow,Payroll,32198.38
CT-004449,COMP-05,2025-02-10,inflow,Revenue/Collections,170513.08
CT-004450,COMP-05,2025-02-10,outflow,Payroll,105365.26
CT-004451,COMP-05,2025-02-11,inflow,Revenue/Collections,170202.88
CT-004452,COMP-05,2025-02-11,outflow,Payroll,106255.48
CT-004453,COMP-05,2025-02-12,inflow,Revenue/Collections,160101.46
CT-004454,COMP-05,2025-02-12,outflow,Vendor Payments,118845.45
CT-004455,COMP-05,2025-02-13,inflow,Revenue/Collections,153422.92
CT-004456,COMP-05,2025-02-13,outflow,Vendor Payments,112522.17
CT-004457,COMP-05,2025-02-14,inflow,Revenue/Collections,185433.22
CT-004458,COMP-05,2025-02-14,outflow,Payroll,119186.17
CT-004459,COMP-05,2025-02-15,inflow,Revenue/Collections,67516.17
CT-004460,COMP-05,2025-02-15,outflow,Payroll,20870.74
CT-004461,COMP-05,2025-02-16,inflow,Revenue/Collections,74545.61
CT-004462,COMP-05,2025-02-16,outflow,Payroll,22706.74
CT-004463,COMP-05,2025-02-17,inflow,Revenue/Collections,162063.34
CT-004464,COMP-05,2025-02-17,outflow,Vendor Payments,118498.83
CT-004465,COMP-05,2025-02-18,inflow,Revenue/Collections,165452.1
CT-004466,COMP-05,2025-02-18,outflow,Vendor Payments,121253.99
CT-004467,COMP-05,2025-02-19,inflow,Revenue/Collections,163937.15
CT-004468,COMP-05,2025-02-19,outflow,Vendor Payments,127962.47
CT-004469,COMP-05,2025-02-20,inflow,Revenue/Collections,166884.23
CT-004470,COMP-05,2025-02-20,outflow,Vendor Payments,105845.92
CT-004471,COMP-05,2025-02-21,inflow,Revenue/Collections,175979.34
CT-004472,COMP-05,2025-02-21,outflow,Operating Expenses,118943.3
CT-004473,COMP-05,2025-02-22,inflow,Revenue/Collections,90030.22
CT-004474,COMP-05,2025-02-22,outflow,Vendor Payments,38835.38
CT-004475,COMP-05,2025-02-23,inflow,Revenue/Collections,72412.71
CT-004476,COMP-05,2025-02-23,outflow,Payroll,33772.75
CT-004477,COMP-05,2025-02-24,inflow,Revenue/Collections,154752.4
CT-004478,COMP-05,2025-02-24,outflow,Vendor Payments,133793.27
CT-004479,COMP-05,2025-02-25,inflow,Revenue/Collections,179411.57
CT-004480,COMP-05,2025-02-25,outflow,Vendor Payments,121386.02
CT-004481,COMP-05,2025-02-26,inflow,Revenue/Collections,169552.35
CT-004482,COMP-05,2025-02-26,outflow,Payroll,245187.73
CT-004483,COMP-05,2025-02-27,inflow,Revenue/Collections,164361.59
CT-004484,COMP-05,2025-02-27,outflow,Operating Expenses,207083.55
CT-004485,COMP-05,2025-02-28,inflow,Revenue/Collections,182561.19
CT-004486,COMP-05,2025-02-28,outflow,Operating Expenses,185464.3
CT-004487,COMP-05,2025-03-01,inflow,Revenue/Collections,93460.14
CT-004488,COMP-05,2025-03-01,outflow,Operating Expenses,25279.15
CT-004489,COMP-05,2025-03-02,inflow,Revenue/Collections,58666.99
CT-004490,COMP-05,2025-03-02,outflow,Operating Expenses,31204.22
CT-004491,COMP-05,2025-03-03,inflow,Revenue/Collections,226096.02
CT-004492,COMP-05,2025-03-03,outflow,Payroll,107083.35
CT-004493,COMP-05,2025-03-04,inflow,Revenue/Collections,225521.13
CT-004494,COMP-05,2025-03-04,outflow,Payroll,132661.93
CT-004495,COMP-05,2025-03-05,inflow,Revenue/Collections,186717.57
CT-004496,COMP-05,2025-03-05,outflow,Payroll,131873.86
CT-004497,COMP-05,2025-03-06,inflow,Revenue/Collections,168952.4
CT-004498,COMP-05,2025-03-06,outflow,Vendor Payments,130723.12
CT-004499,COMP-05,2025-03-07,inflow,Revenue/Collections,167092.23
CT-004500,COMP-05,2025-03-07,outflow,Payroll,123707.24
CT-004501,COMP-05,2025-03-08,inflow,Revenue/Collections,60070.64
CT-004502,COMP-05,2025-03-08,outflow,Vendor Payments,49509.39
CT-004503,COMP-05,2025-03-09,inflow,Revenue/Collections,86717.04
CT-004504,COMP-05,2025-03-09,outflow,Operating Expenses,26737.64
CT-004505,COMP-05,2025-03-10,inflow,Revenue/Collections,165142.04
CT-004506,COMP-05,2025-03-10,outflow,Operating Expenses,104612.61
CT-004507,COMP-05,2025-03-11,inflow,Revenue/Collections,185207.91
CT-004508,COMP-05,2025-03-11,outflow,Operating Expenses,114562.31
CT-004509,COMP-05,2025-03-12,inflow,Revenue/Collections,163866.86
CT-004510,COMP-05,2025-03-12,outflow,Vendor Payments,133884.45
CT-004511,COMP-05,2025-03-13,inflow,Revenue/Collections,165202.93
CT-004512,COMP-05,2025-03-13,outflow,Vendor Payments,106246.9
CT-004513,COMP-05,2025-03-14,inflow,Revenue/Collections,174410.67
CT-004514,COMP-05,2025-03-14,outflow,Operating Expenses,129483.98
CT-004515,COMP-05,2025-03-15,inflow,Revenue/Collections,93377.08
CT-004516,COMP-05,2025-03-15,outflow,Payroll,34246.65
CT-004517,COMP-05,2025-03-16,inflow,Revenue/Collections,82949.21
CT-004518,COMP-05,2025-03-16,outflow,Operating Expenses,29218.92
CT-004519,COMP-05,2025-03-17,inflow,Revenue/Collections,167581.09
CT-004520,COMP-05,2025-03-17,outflow,Vendor Payments,107857.61
CT-004521,COMP-05,2025-03-18,inflow,Revenue/Collections,169417.62
CT-004522,COMP-05,2025-03-18,outflow,Operating Expenses,121950.87
CT-004523,COMP-05,2025-03-19,inflow,Revenue/Collections,156385.92
CT-004524,COMP-05,2025-03-19,outflow,Operating Expenses,117891.94
CT-004525,COMP-05,2025-03-20,inflow,Revenue/Collections,168330.11
CT-004526,COMP-05,2025-03-20,outflow,Payroll,117437.21
CT-004527,COMP-05,2025-03-21,inflow,Revenue/Collections,160731.4
CT-004528,COMP-05,2025-03-21,outflow,Vendor Payments,108104.93
CT-004529,COMP-05,2025-03-22,inflow,Revenue/Collections,79912.5
CT-004530,COMP-05,2025-03-22,outflow,Payroll,45954.75
CT-004531,COMP-05,2025-03-23,inflow,Revenue/Collections,67961.06
CT-004532,COMP-05,2025-03-23,outflow,Operating Expenses,37448.66
CT-004533,COMP-05,2025-03-24,inflow,Revenue/Collections,156928.0
CT-004534,COMP-05,2025-03-24,outflow,Vendor Payments,128364.17
CT-004535,COMP-05,2025-03-25,inflow,Revenue/Collections,186696.56
CT-004536,COMP-05,2025-03-25,outflow,Operating Expenses,117909.78
CT-004537,COMP-05,2025-03-26,inflow,Revenue/Collections,176979.1
CT-004538,COMP-05,2025-03-26,outflow,Vendor Payments,229491.54
CT-004539,COMP-05,2025-03-27,inflow,Revenue/Collections,159691.95
CT-004540,COMP-05,2025-03-27,outflow,Operating Expenses,207356.34
CT-004541,COMP-05,2025-03-28,inflow,Revenue/Collections,176033.05
CT-004542,COMP-05,2025-03-28,outflow,Payroll,202047.83
CT-004543,COMP-05,2025-03-29,inflow,Revenue/Collections,67007.93
CT-004544,COMP-05,2025-03-29,outflow,Payroll,35685.15
CT-004545,COMP-05,2025-03-30,inflow,Revenue/Collections,91172.61
CT-004546,COMP-05,2025-03-30,outflow,Payroll,48624.44
CT-004547,COMP-05,2025-03-31,inflow,Revenue/Collections,186474.46
CT-004548,COMP-05,2025-03-31,outflow,Operating Expenses,184827.62
CT-004549,COMP-05,2025-04-01,inflow,Revenue/Collections,188735.2
CT-004550,COMP-05,2025-04-01,outflow,Payroll,104983.55
CT-004551,COMP-05,2025-04-02,inflow,Revenue/Collections,210537.85
CT-004552,COMP-05,2025-04-02,outflow,Operating Expenses,129617.93
CT-004553,COMP-05,2025-04-03,inflow,Revenue/Collections,201105.14
CT-004554,COMP-05,2025-04-03,outflow,Vendor Payments,127081.59
CT-004555,COMP-05,2025-04-04,inflow,Revenue/Collections,216378.95
CT-004556,COMP-05,2025-04-04,outflow,Vendor Payments,124630.1
CT-004557,COMP-05,2025-04-05,inflow,Revenue/Collections,80158.31
CT-004558,COMP-05,2025-04-05,outflow,Payroll,26738.8
CT-004559,COMP-05,2025-04-06,inflow,Revenue/Collections,52886.75
CT-004560,COMP-05,2025-04-06,outflow,Vendor Payments,26291.44
CT-004561,COMP-05,2025-04-07,inflow,Revenue/Collections,166401.78
CT-004562,COMP-05,2025-04-07,outflow,Vendor Payments,132796.39
CT-004563,COMP-05,2025-04-08,inflow,Revenue/Collections,180068.34
CT-004564,COMP-05,2025-04-08,outflow,Operating Expenses,119475.99
CT-004565,COMP-05,2025-04-09,inflow,Revenue/Collections,171600.33
CT-004566,COMP-05,2025-04-09,outflow,Operating Expenses,113298.05
CT-004567,COMP-05,2025-04-10,inflow,Revenue/Collections,173021.6
CT-004568,COMP-05,2025-04-10,outflow,Vendor Payments,116448.42
CT-004569,COMP-05,2025-04-11,inflow,Revenue/Collections,170872.6
CT-004570,COMP-05,2025-04-11,outflow,Operating Expenses,124093.77
CT-004571,COMP-05,2025-04-12,inflow,Revenue/Collections,69134.56
CT-004572,COMP-05,2025-04-12,outflow,Operating Expenses,43936.95
CT-004573,COMP-05,2025-04-13,inflow,Revenue/Collections,65826.1
CT-004574,COMP-05,2025-04-13,outflow,Operating Expenses,33066.33
CT-004575,COMP-05,2025-04-14,inflow,Revenue/Collections,186189.52
CT-004576,COMP-05,2025-04-14,outflow,Operating Expenses,129557.81
CT-004577,COMP-05,2025-04-15,inflow,Revenue/Collections,181839.05
CT-004578,COMP-05,2025-04-15,outflow,Payroll,109252.5
CT-004579,COMP-05,2025-04-16,inflow,Revenue/Collections,171703.38
CT-004580,COMP-05,2025-04-16,outflow,Operating Expenses,124280.14
CT-004581,COMP-05,2025-04-17,inflow,Revenue/Collections,189441.25
CT-004582,COMP-05,2025-04-17,outflow,Operating Expenses,131220.22
CT-004583,COMP-05,2025-04-18,inflow,Revenue/Collections,168769.11
CT-004584,COMP-05,2025-04-18,outflow,Operating Expenses,134173.53
CT-004585,COMP-05,2025-04-19,inflow,Revenue/Collections,64164.55
CT-004586,COMP-05,2025-04-19,outflow,Payroll,27412.85
CT-004587,COMP-05,2025-04-20,inflow,Revenue/Collections,66356.09
CT-004588,COMP-05,2025-04-20,outflow,Operating Expenses,34754.68
CT-004589,COMP-05,2025-04-21,inflow,Revenue/Collections,172297.2
CT-004590,COMP-05,2025-04-21,outflow,Operating Expenses,110656.81
CT-004591,COMP-05,2025-04-22,inflow,Revenue/Collections,188318.27
CT-004592,COMP-05,2025-04-22,outflow,Payroll,119302.05
CT-004593,COMP-05,2025-04-23,inflow,Revenue/Collections,184118.5
CT-004594,COMP-05,2025-04-23,outflow,Operating Expenses,110055.88
CT-004595,COMP-05,2025-04-24,inflow,Revenue/Collections,171536.39
CT-004596,COMP-05,2025-04-24,outflow,Payroll,120378.19
CT-004597,COMP-05,2025-04-25,inflow,Revenue/Collections,173776.32
CT-004598,COMP-05,2025-04-25,outflow,Vendor Payments,120174.48
CT-004599,COMP-05,2025-04-26,inflow,Revenue/Collections,76722.49
CT-004600,COMP-05,2025-04-26,outflow,Operating Expenses,45071.01
CT-004601,COMP-05,2025-04-27,inflow,Revenue/Collections,59150.31
CT-004602,COMP-05,2025-04-27,outflow,Vendor Payments,48412.94
CT-004603,COMP-05,2025-04-28,inflow,Revenue/Collections,186031.7
CT-004604,COMP-05,2025-04-28,outflow,Operating Expenses,223320.99
CT-004605,COMP-05,2025-04-29,inflow,Revenue/Collections,158583.8
CT-004606,COMP-05,2025-04-29,outflow,Vendor Payments,214776.94
CT-004607,COMP-05,2025-04-30,inflow,Revenue/Collections,169295.45
CT-004608,COMP-05,2025-04-30,outflow,Operating Expenses,221571.96
CT-004609,COMP-05,2025-05-01,inflow,Revenue/Collections,206436.02
CT-004610,COMP-05,2025-05-01,outflow,Operating Expenses,122065.88
CT-004611,COMP-05,2025-05-02,inflow,Revenue/Collections,196168.4
CT-004612,COMP-05,2025-05-02,outflow,Vendor Payments,126222.66
CT-004613,COMP-05,2025-05-03,inflow,Revenue/Collections,78079.29
CT-004614,COMP-05,2025-05-03,outflow,Vendor Payments,32741.61
CT-004615,COMP-05,2025-05-04,inflow,Revenue/Collections,72664.55
CT-004616,COMP-05,2025-05-04,outflow,Operating Expenses,25782.41
CT-004617,COMP-05,2025-05-05,inflow,Revenue/Collections,203638.33
CT-004618,COMP-05,2025-05-05,outflow,Payroll,115976.03
CT-004619,COMP-05,2025-05-06,inflow,Revenue/Collections,186451.87
CT-004620,COMP-05,2025-05-06,outflow,Vendor Payments,118805.81
CT-004621,COMP-05,2025-05-07,inflow,Revenue/Collections,182266.5
CT-004622,COMP-05,2025-05-07,outflow,Vendor Payments,132473.21
CT-004623,COMP-05,2025-05-08,inflow,Revenue/Collections,189172.23
CT-004624,COMP-05,2025-05-08,outflow,Payroll,135131.06
CT-004625,COMP-05,2025-05-09,inflow,Revenue/Collections,190565.09
CT-004626,COMP-05,2025-05-09,outflow,Operating Expenses,130826.97
CT-004627,COMP-05,2025-05-10,inflow,Revenue/Collections,84156.83
CT-004628,COMP-05,2025-05-10,outflow,Payroll,34671.17
CT-004629,COMP-05,2025-05-11,inflow,Revenue/Collections,69096.86
CT-004630,COMP-05,2025-05-11,outflow,Operating Expenses,30333.83
CT-004631,COMP-05,2025-05-12,inflow,Revenue/Collections,172568.22
CT-004632,COMP-05,2025-05-12,outflow,Operating Expenses,130598.41
CT-004633,COMP-05,2025-05-13,inflow,Revenue/Collections,173169.31
CT-004634,COMP-05,2025-05-13,outflow,Vendor Payments,125754.17
CT-004635,COMP-05,2025-05-14,inflow,Revenue/Collections,173938.9
CT-004636,COMP-05,2025-05-14,outflow,Operating Expenses,134841.54
CT-004637,COMP-05,2025-05-15,inflow,Revenue/Collections,158579.85
CT-004638,COMP-05,2025-05-15,outflow,Payroll,115691.95
CT-004639,COMP-05,2025-05-16,inflow,Revenue/Collections,183398.72
CT-004640,COMP-05,2025-05-16,outflow,Operating Expenses,109349.76
CT-004641,COMP-05,2025-05-17,inflow,Revenue/Collections,58281.1
CT-004642,COMP-05,2025-05-17,outflow,Vendor Payments,34017.25
CT-004643,COMP-05,2025-05-18,inflow,Revenue/Collections,71626.36
CT-004644,COMP-05,2025-05-18,outflow,Payroll,25592.97
CT-004645,COMP-05,2025-05-19,inflow,Revenue/Collections,189191.06
CT-004646,COMP-05,2025-05-19,outflow,Payroll,136146.65
CT-004647,COMP-05,2025-05-20,inflow,Revenue/Collections,184675.04
CT-004648,COMP-05,2025-05-20,outflow,Operating Expenses,107483.66
CT-004649,COMP-05,2025-05-21,inflow,Revenue/Collections,187542.88
CT-004650,COMP-05,2025-05-21,outflow,Vendor Payments,129233.45
CT-004651,COMP-05,2025-05-22,inflow,Revenue/Collections,170360.54
CT-004652,COMP-05,2025-05-22,outflow,Vendor Payments,125285.68
CT-004653,COMP-05,2025-05-23,inflow,Revenue/Collections,163573.23
CT-004654,COMP-05,2025-05-23,outflow,Vendor Payments,103592.78
CT-004655,COMP-05,2025-05-24,inflow,Revenue/Collections,60675.53
CT-004656,COMP-05,2025-05-24,outflow,Vendor Payments,52106.69
CT-004657,COMP-05,2025-05-25,inflow,Revenue/Collections,64250.37
CT-004658,COMP-05,2025-05-25,outflow,Payroll,32910.44
CT-004659,COMP-05,2025-05-26,inflow,Revenue/Collections,177075.82
CT-004660,COMP-05,2025-05-26,outflow,Operating Expenses,162939.2
CT-004661,COMP-05,2025-05-27,inflow,Revenue/Collections,182308.43
CT-004662,COMP-05,2025-05-27,outflow,Operating Expenses,205634.19
CT-004663,COMP-05,2025-05-28,inflow,Revenue/Collections,166187.44
CT-004664,COMP-05,2025-05-28,outflow,Payroll,212352.68
CT-004665,COMP-05,2025-05-29,inflow,Revenue/Collections,163704.76
CT-004666,COMP-05,2025-05-29,outflow,Operating Expenses,176486.73
CT-004667,COMP-05,2025-05-30,inflow,Revenue/Collections,188006.99
CT-004668,COMP-05,2025-05-30,outflow,Vendor Payments,191705.7
CT-004669,COMP-05,2025-05-31,inflow,Revenue/Collections,77198.46
CT-004670,COMP-05,2025-05-31,outflow,Vendor Payments,44768.24
CT-004671,COMP-05,2025-06-01,inflow,Revenue/Collections,78383.85
CT-004672,COMP-05,2025-06-01,outflow,Vendor Payments,35677.16
CT-004673,COMP-05,2025-06-02,inflow,Revenue/Collections,214282.99
CT-004674,COMP-05,2025-06-02,outflow,Payroll,104617.49
CT-004675,COMP-05,2025-06-03,inflow,Revenue/Collections,197205.95
CT-004676,COMP-05,2025-06-03,outflow,Vendor Payments,129692.16
CT-004677,COMP-05,2025-06-04,inflow,Revenue/Collections,200266.54
CT-004678,COMP-05,2025-06-04,outflow,Payroll,113503.79
CT-004679,COMP-05,2025-06-05,inflow,Revenue/Collections,227160.07
CT-004680,COMP-05,2025-06-05,outflow,Operating Expenses,103377.36
CT-004681,COMP-05,2025-06-06,inflow,Revenue/Collections,180618.52
CT-004682,COMP-05,2025-06-06,outflow,Payroll,124516.25
CT-004683,COMP-05,2025-06-07,inflow,Revenue/Collections,60906.75
CT-004684,COMP-05,2025-06-07,outflow,Vendor Payments,40952.9
CT-004685,COMP-05,2025-06-08,inflow,Revenue/Collections,71460.0
CT-004686,COMP-05,2025-06-08,outflow,Payroll,38496.82
CT-004687,COMP-05,2025-06-09,inflow,Revenue/Collections,176638.35
CT-004688,COMP-05,2025-06-09,outflow,Operating Expenses,108695.67
CT-004689,COMP-05,2025-06-10,inflow,Revenue/Collections,157783.8
CT-004690,COMP-05,2025-06-10,outflow,Vendor Payments,137431.05
CT-004691,COMP-05,2025-06-11,inflow,Revenue/Collections,164415.21
CT-004692,COMP-05,2025-06-11,outflow,Vendor Payments,105142.35
CT-004693,COMP-05,2025-06-12,inflow,Revenue/Collections,158086.48
CT-004694,COMP-05,2025-06-12,outflow,Payroll,110194.0
CT-004695,COMP-05,2025-06-13,inflow,Revenue/Collections,188117.74
CT-004696,COMP-05,2025-06-13,outflow,Operating Expenses,128494.86
CT-004697,COMP-05,2025-06-14,inflow,Revenue/Collections,58433.97
CT-004698,COMP-05,2025-06-14,outflow,Operating Expenses,47228.02
CT-004699,COMP-05,2025-06-15,inflow,Revenue/Collections,57773.18
CT-004700,COMP-05,2025-06-15,outflow,Payroll,31306.34
CT-004701,COMP-05,2025-06-16,inflow,Revenue/Collections,183954.36
CT-004702,COMP-05,2025-06-16,outflow,Operating Expenses,104427.14
CT-004703,COMP-05,2025-06-17,inflow,Revenue/Collections,169561.02
CT-004704,COMP-05,2025-06-17,outflow,Payroll,118906.09
CT-004705,COMP-05,2025-06-18,inflow,Revenue/Collections,158974.2
CT-004706,COMP-05,2025-06-18,outflow,Operating Expenses,115957.0
CT-004707,COMP-05,2025-06-19,inflow,Revenue/Collections,189505.31
CT-004708,COMP-05,2025-06-19,outflow,Payroll,105989.53
CT-004709,COMP-05,2025-06-20,inflow,Revenue/Collections,182980.2
CT-004710,COMP-05,2025-06-20,outflow,Operating Expenses,138311.3
CT-004711,COMP-05,2025-06-21,inflow,Revenue/Collections,84194.31
CT-004712,COMP-05,2025-06-21,outflow,Operating Expenses,41414.18
CT-004713,COMP-05,2025-06-22,inflow,Revenue/Collections,62306.76
CT-004714,COMP-05,2025-06-22,outflow,Vendor Payments,30575.89
CT-004715,COMP-05,2025-06-23,inflow,Revenue/Collections,182505.62
CT-004716,COMP-05,2025-06-23,outflow,Vendor Payments,110856.25
CT-004717,COMP-05,2025-06-24,inflow,Revenue/Collections,178425.2
CT-004718,COMP-05,2025-06-24,outflow,Payroll,123791.65
CT-004719,COMP-05,2025-06-25,inflow,Revenue/Collections,163075.87
CT-004720,COMP-05,2025-06-25,outflow,Operating Expenses,130317.62
CT-004721,COMP-05,2025-06-26,inflow,Revenue/Collections,174081.69
CT-004722,COMP-05,2025-06-26,outflow,Vendor Payments,212719.31
CT-004723,COMP-05,2025-06-27,inflow,Revenue/Collections,177085.57
CT-004724,COMP-05,2025-06-27,outflow,Payroll,222492.59
CT-004725,COMP-05,2025-06-28,inflow,Revenue/Collections,75532.87
CT-004726,COMP-05,2025-06-28,outflow,Operating Expenses,55728.17
CT-004727,COMP-05,2025-06-29,inflow,Revenue/Collections,87429.0
CT-004728,COMP-05,2025-06-29,outflow,Payroll,65718.57
CT-004729,COMP-05,2025-06-30,inflow,Revenue/Collections,175278.26
CT-004730,COMP-05,2025-06-30,outflow,Vendor Payments,205115.41
CT-004731,COMP-05,2025-07-01,inflow,Revenue/Collections,205684.03
CT-004732,COMP-05,2025-07-01,outflow,Payroll,104630.75
CT-004733,COMP-05,2025-07-02,inflow,Revenue/Collections,236167.19
CT-004734,COMP-05,2025-07-02,outflow,Payroll,108910.05
CT-004735,COMP-05,2025-07-03,inflow,Revenue/Collections,192813.54
CT-004736,COMP-05,2025-07-03,outflow,Payroll,120790.82
CT-004737,COMP-05,2025-07-04,inflow,Revenue/Collections,201382.07
CT-004738,COMP-05,2025-07-04,outflow,Payroll,119351.52
CT-004739,COMP-05,2025-07-05,inflow,Revenue/Collections,70746.64
CT-004740,COMP-05,2025-07-05,outflow,Payroll,31327.92
CT-004741,COMP-05,2025-07-06,inflow,Revenue/Collections,73280.3
CT-004742,COMP-05,2025-07-06,outflow,Operating Expenses,32101.73
CT-004743,COMP-05,2025-07-07,inflow,Revenue/Collections,160525.45
CT-004744,COMP-05,2025-07-07,outflow,Payroll,138416.16
CT-004745,COMP-05,2025-07-08,inflow,Revenue/Collections,176514.33
CT-004746,COMP-05,2025-07-08,outflow,Operating Expenses,129740.67
CT-004747,COMP-05,2025-07-09,inflow,Revenue/Collections,177154.72
CT-004748,COMP-05,2025-07-09,outflow,Vendor Payments,130218.17
CT-004749,COMP-05,2025-07-10,inflow,Revenue/Collections,159245.85
CT-004750,COMP-05,2025-07-10,outflow,Operating Expenses,132755.84
CT-004751,COMP-05,2025-07-11,inflow,Revenue/Collections,192469.98
CT-004752,COMP-05,2025-07-11,outflow,Payroll,137652.4
CT-004753,COMP-05,2025-07-12,inflow,Revenue/Collections,73842.23
CT-004754,COMP-05,2025-07-12,outflow,Payroll,47400.07
CT-004755,COMP-05,2025-07-13,inflow,Revenue/Collections,85733.88
CT-004756,COMP-05,2025-07-13,outflow,Operating Expenses,50874.59
CT-004757,COMP-05,2025-07-14,inflow,Revenue/Collections,168461.46
CT-004758,COMP-05,2025-07-14,outflow,Payroll,122494.41
CT-004759,COMP-05,2025-07-15,inflow,Revenue/Collections,185082.58
CT-004760,COMP-05,2025-07-15,outflow,Vendor Payments,109315.71
CT-004761,COMP-05,2025-07-16,inflow,Revenue/Collections,184217.26
CT-004762,COMP-05,2025-07-16,outflow,Vendor Payments,103081.82
CT-004763,COMP-05,2025-07-17,inflow,Revenue/Collections,163000.9
CT-004764,COMP-05,2025-07-17,outflow,Operating Expenses,104142.52
CT-004765,COMP-05,2025-07-18,inflow,Revenue/Collections,167268.72
CT-004766,COMP-05,2025-07-18,outflow,Vendor Payments,139080.35
CT-004767,COMP-05,2025-07-19,inflow,Revenue/Collections,60997.17
CT-004768,COMP-05,2025-07-19,outflow,Vendor Payments,35097.71
CT-004769,COMP-05,2025-07-20,inflow,Revenue/Collections,63519.2
CT-004770,COMP-05,2025-07-20,outflow,Operating Expenses,33714.16
CT-004771,COMP-05,2025-07-21,inflow,Revenue/Collections,174293.56
CT-004772,COMP-05,2025-07-21,outflow,Payroll,137180.43
CT-004773,COMP-05,2025-07-22,inflow,Revenue/Collections,164551.88
CT-004774,COMP-05,2025-07-22,outflow,Operating Expenses,118439.15
CT-004775,COMP-05,2025-07-23,inflow,Revenue/Collections,192808.71
CT-004776,COMP-05,2025-07-23,outflow,Operating Expenses,115852.44
CT-004777,COMP-05,2025-07-24,inflow,Revenue/Collections,163848.03
CT-004778,COMP-05,2025-07-24,outflow,Operating Expenses,107294.45
CT-004779,COMP-05,2025-07-25,inflow,Revenue/Collections,189610.61
CT-004780,COMP-05,2025-07-25,outflow,Operating Expenses,132993.36
CT-004781,COMP-05,2025-07-26,inflow,Revenue/Collections,69027.87
CT-004782,COMP-05,2025-07-26,outflow,Payroll,61831.29
CT-004783,COMP-05,2025-07-27,inflow,Revenue/Collections,60498.32
CT-004784,COMP-05,2025-07-27,outflow,Payroll,76245.71
CT-004785,COMP-05,2025-07-28,inflow,Revenue/Collections,192292.87
CT-004786,COMP-05,2025-07-28,outflow,Vendor Payments,192614.06
CT-004787,COMP-05,2025-07-29,inflow,Revenue/Collections,174715.95
CT-004788,COMP-05,2025-07-29,outflow,Vendor Payments,186563.85
CT-004789,COMP-05,2025-07-30,inflow,Revenue/Collections,187818.53
CT-004790,COMP-05,2025-07-30,outflow,Operating Expenses,185821.0
CT-004791,COMP-05,2025-07-31,inflow,Revenue/Collections,193232.1
CT-004792,COMP-05,2025-07-31,outflow,Vendor Payments,237530.08
CT-004793,COMP-05,2025-08-01,inflow,Revenue/Collections,239699.3
CT-004794,COMP-05,2025-08-01,outflow,Vendor Payments,103885.94
CT-004795,COMP-05,2025-08-02,inflow,Revenue/Collections,58304.86
CT-004796,COMP-05,2025-08-02,outflow,Operating Expenses,43963.95
CT-004797,COMP-05,2025-08-03,inflow,Revenue/Collections,88596.85
CT-004798,COMP-05,2025-08-03,outflow,Operating Expenses,25692.56
CT-004799,COMP-05,2025-08-04,inflow,Revenue/Collections,227888.47
CT-004800,COMP-05,2025-08-04,outflow,Vendor Payments,122442.85
CT-004801,COMP-05,2025-08-05,inflow,Revenue/Collections,198624.06
CT-004802,COMP-05,2025-08-05,outflow,Vendor Payments,134674.18
CT-004803,COMP-05,2025-08-06,inflow,Revenue/Collections,193192.77
CT-004804,COMP-05,2025-08-06,outflow,Payroll,126907.7
CT-004805,COMP-05,2025-08-07,inflow,Revenue/Collections,194340.4
CT-004806,COMP-05,2025-08-07,outflow,Payroll,117708.03
CT-004807,COMP-05,2025-08-08,inflow,Revenue/Collections,178560.73
CT-004808,COMP-05,2025-08-08,outflow,Payroll,115400.96
CT-004809,COMP-05,2025-08-09,inflow,Revenue/Collections,63386.32
CT-004810,COMP-05,2025-08-09,outflow,Payroll,33750.7
CT-004811,COMP-05,2025-08-10,inflow,Revenue/Collections,60760.42
CT-004812,COMP-05,2025-08-10,outflow,Payroll,31505.73
CT-004813,COMP-05,2025-08-11,inflow,Revenue/Collections,181476.5
CT-004814,COMP-05,2025-08-11,outflow,Payroll,106186.06
CT-004815,COMP-05,2025-08-12,inflow,Revenue/Collections,166658.83
CT-004816,COMP-05,2025-08-12,outflow,Operating Expenses,105629.84
CT-004817,COMP-05,2025-08-13,inflow,Revenue/Collections,168702.89
CT-004818,COMP-05,2025-08-13,outflow,Payroll,131826.18
CT-004819,COMP-05,2025-08-14,inflow,Revenue/Collections,182420.85
CT-004820,COMP-05,2025-08-14,outflow,Vendor Payments,113191.46
CT-004821,COMP-05,2025-08-15,inflow,Revenue/Collections,168858.17
CT-004822,COMP-05,2025-08-15,outflow,Operating Expenses,108215.55
CT-004823,COMP-05,2025-08-16,inflow,Revenue/Collections,72853.76
CT-004824,COMP-05,2025-08-16,outflow,Payroll,37230.33
CT-004825,COMP-05,2025-08-17,inflow,Revenue/Collections,80744.92
CT-004826,COMP-05,2025-08-17,outflow,Operating Expenses,26556.93
CT-004827,COMP-05,2025-08-18,inflow,Revenue/Collections,188201.98
CT-004828,COMP-05,2025-08-18,outflow,Operating Expenses,130458.88
CT-004829,COMP-05,2025-08-19,inflow,Revenue/Collections,165436.79
CT-004830,COMP-05,2025-08-19,outflow,Vendor Payments,135516.24
CT-004831,COMP-05,2025-08-20,inflow,Revenue/Collections,164505.01
CT-004832,COMP-05,2025-08-20,outflow,Vendor Payments,132613.1
CT-004833,COMP-05,2025-08-21,inflow,Revenue/Collections,163751.93
CT-004834,COMP-05,2025-08-21,outflow,Payroll,133798.81
CT-004835,COMP-05,2025-08-22,inflow,Revenue/Collections,176692.37
CT-004836,COMP-05,2025-08-22,outflow,Payroll,126248.0
CT-004837,COMP-05,2025-08-23,inflow,Revenue/Collections,61228.34
CT-004838,COMP-05,2025-08-23,outflow,Vendor Payments,42395.89
CT-004839,COMP-05,2025-08-24,inflow,Revenue/Collections,58952.7
CT-004840,COMP-05,2025-08-24,outflow,Vendor Payments,37575.2
CT-004841,COMP-05,2025-08-25,inflow,Revenue/Collections,161598.61
CT-004842,COMP-05,2025-08-25,outflow,Operating Expenses,110202.56
CT-004843,COMP-05,2025-08-26,inflow,Revenue/Collections,188873.87
CT-004844,COMP-05,2025-08-26,outflow,Vendor Payments,212014.95
CT-004845,COMP-05,2025-08-27,inflow,Revenue/Collections,165016.36
CT-004846,COMP-05,2025-08-27,outflow,Payroll,219054.8
CT-004847,COMP-05,2025-08-28,inflow,Revenue/Collections,187608.49
CT-004848,COMP-05,2025-08-28,outflow,Operating Expenses,234804.53
CT-004849,COMP-05,2025-08-29,inflow,Revenue/Collections,177046.12
CT-004850,COMP-05,2025-08-29,outflow,Operating Expenses,193065.47
CT-004851,COMP-05,2025-08-30,inflow,Revenue/Collections,63128.97
CT-004852,COMP-05,2025-08-30,outflow,Operating Expenses,47043.24
CT-004853,COMP-05,2025-08-31,inflow,Revenue/Collections,85282.67
CT-004854,COMP-05,2025-08-31,outflow,Operating Expenses,42405.58
CT-004855,COMP-05,2025-09-01,inflow,Revenue/Collections,187106.27
CT-004856,COMP-05,2025-09-01,outflow,Operating Expenses,118511.82
CT-004857,COMP-05,2025-09-02,inflow,Revenue/Collections,233171.13
CT-004858,COMP-05,2025-09-02,outflow,Payroll,139668.32
CT-004859,COMP-05,2025-09-03,inflow,Revenue/Collections,192881.3
CT-004860,COMP-05,2025-09-03,outflow,Vendor Payments,131078.65
CT-004861,COMP-05,2025-09-04,inflow,Revenue/Collections,203898.72
CT-004862,COMP-05,2025-09-04,outflow,Operating Expenses,129638.69
CT-004863,COMP-05,2025-09-05,inflow,Revenue/Collections,204661.11
CT-004864,COMP-05,2025-09-05,outflow,Operating Expenses,116575.03
CT-004865,COMP-05,2025-09-06,inflow,Revenue/Collections,86193.61
CT-004866,COMP-05,2025-09-06,outflow,Vendor Payments,43861.97
CT-004867,COMP-05,2025-09-07,inflow,Revenue/Collections,66974.99
CT-004868,COMP-05,2025-09-07,outflow,Operating Expenses,28074.78
CT-004869,COMP-05,2025-09-08,inflow,Revenue/Collections,192439.42
CT-004870,COMP-05,2025-09-08,outflow,Vendor Payments,118411.4
CT-004871,COMP-05,2025-09-09,inflow,Revenue/Collections,177584.36
CT-004872,COMP-05,2025-09-09,outflow,Payroll,123064.78
CT-004873,COMP-05,2025-09-10,inflow,Revenue/Collections,161674.97
CT-004874,COMP-05,2025-09-10,outflow,Payroll,115898.7
CT-004875,COMP-05,2025-09-11,inflow,Revenue/Collections,167841.51
CT-004876,COMP-05,2025-09-11,outflow,Vendor Payments,133867.98
CT-004877,COMP-05,2025-09-12,inflow,Revenue/Collections,161312.94
CT-004878,COMP-05,2025-09-12,outflow,Vendor Payments,140351.82
CT-004879,COMP-05,2025-09-13,inflow,Revenue/Collections,69019.96
CT-004880,COMP-05,2025-09-13,outflow,Payroll,35070.06
CT-004881,COMP-05,2025-09-14,inflow,Revenue/Collections,81514.52
CT-004882,COMP-05,2025-09-14,outflow,Operating Expenses,28973.48
CT-004883,COMP-05,2025-09-15,inflow,Revenue/Collections,171232.95
CT-004884,COMP-05,2025-09-15,outflow,Payroll,123477.31
CT-004885,COMP-05,2025-09-16,inflow,Revenue/Collections,185481.22
CT-004886,COMP-05,2025-09-16,outflow,Payroll,118800.34
CT-004887,COMP-05,2025-09-17,inflow,Revenue/Collections,191829.48
CT-004888,COMP-05,2025-09-17,outflow,Vendor Payments,113704.2
CT-004889,COMP-05,2025-09-18,inflow,Revenue/Collections,176488.58
CT-004890,COMP-05,2025-09-18,outflow,Vendor Payments,106491.11
CT-004891,COMP-05,2025-09-19,inflow,Revenue/Collections,194671.47
CT-004892,COMP-05,2025-09-19,outflow,Vendor Payments,140451.21
CT-004893,COMP-05,2025-09-20,inflow,Revenue/Collections,69735.16
CT-004894,COMP-05,2025-09-20,outflow,Operating Expenses,34350.03
CT-004895,COMP-05,2025-09-21,inflow,Revenue/Collections,58790.61
CT-004896,COMP-05,2025-09-21,outflow,Operating Expenses,50311.09
CT-004897,COMP-05,2025-09-22,inflow,Revenue/Collections,170245.13
CT-004898,COMP-05,2025-09-22,outflow,Vendor Payments,131019.73
CT-004899,COMP-05,2025-09-23,inflow,Revenue/Collections,191476.17
CT-004900,COMP-05,2025-09-23,outflow,Vendor Payments,110754.24
CT-004901,COMP-05,2025-09-24,inflow,Revenue/Collections,165751.0
CT-004902,COMP-05,2025-09-24,outflow,Vendor Payments,124616.04
CT-004903,COMP-05,2025-09-25,inflow,Revenue/Collections,174074.42
CT-004904,COMP-05,2025-09-25,outflow,Operating Expenses,122337.22
CT-004905,COMP-05,2025-09-26,inflow,Revenue/Collections,185865.56
CT-004906,COMP-05,2025-09-26,outflow,Operating Expenses,156794.66
CT-004907,COMP-05,2025-09-27,inflow,Revenue/Collections,55494.96
CT-004908,COMP-05,2025-09-27,outflow,Operating Expenses,70230.46
CT-004909,COMP-05,2025-09-28,inflow,Revenue/Collections,86783.15
CT-004910,COMP-05,2025-09-28,outflow,Payroll,67136.23
CT-004911,COMP-05,2025-09-29,inflow,Revenue/Collections,169557.62
CT-004912,COMP-05,2025-09-29,outflow,Vendor Payments,177328.18
CT-004913,COMP-05,2025-09-30,inflow,Revenue/Collections,182330.36
CT-004914,COMP-05,2025-09-30,outflow,Payroll,248571.82
CT-004915,COMP-05,2025-10-01,inflow,Revenue/Collections,222067.08
CT-004916,COMP-05,2025-10-01,outflow,Vendor Payments,106982.42
CT-004917,COMP-05,2025-10-02,inflow,Revenue/Collections,220267.47
CT-004918,COMP-05,2025-10-02,outflow,Payroll,139111.7
CT-004919,COMP-05,2025-10-03,inflow,Revenue/Collections,224397.33
CT-004920,COMP-05,2025-10-03,outflow,Operating Expenses,133405.45
CT-004921,COMP-05,2025-10-04,inflow,Revenue/Collections,86660.78
CT-004922,COMP-05,2025-10-04,outflow,Operating Expenses,41962.25
CT-004923,COMP-05,2025-10-05,inflow,Revenue/Collections,97197.57
CT-004924,COMP-05,2025-10-05,outflow,Operating Expenses,43893.99
CT-004925,COMP-05,2025-10-06,inflow,Revenue/Collections,171693.66
CT-004926,COMP-05,2025-10-06,outflow,Payroll,123641.24
CT-004927,COMP-05,2025-10-07,inflow,Revenue/Collections,177550.0
CT-004928,COMP-05,2025-10-07,outflow,Payroll,132195.4
CT-004929,COMP-05,2025-10-08,inflow,Revenue/Collections,194285.02
CT-004930,COMP-05,2025-10-08,outflow,Payroll,135162.67
CT-004931,COMP-05,2025-10-09,inflow,Revenue/Collections,178607.36
CT-004932,COMP-05,2025-10-09,outflow,Operating Expenses,113239.37
CT-004933,COMP-05,2025-10-10,inflow,Revenue/Collections,193024.34
CT-004934,COMP-05,2025-10-10,outflow,Vendor Payments,115800.15
CT-004935,COMP-05,2025-10-11,inflow,Revenue/Collections,65022.37
CT-004936,COMP-05,2025-10-11,outflow,Vendor Payments,50168.29
CT-004937,COMP-05,2025-10-12,inflow,Revenue/Collections,84617.71
CT-004938,COMP-05,2025-10-12,outflow,Payroll,41873.07
CT-004939,COMP-05,2025-10-13,inflow,Revenue/Collections,192010.69
CT-004940,COMP-05,2025-10-13,outflow,Operating Expenses,111575.03
CT-004941,COMP-05,2025-10-14,inflow,Revenue/Collections,176189.47
CT-004942,COMP-05,2025-10-14,outflow,Vendor Payments,105857.8
CT-004943,COMP-05,2025-10-15,inflow,Revenue/Collections,164323.3
CT-004944,COMP-05,2025-10-15,outflow,Operating Expenses,134915.87
CT-004945,COMP-05,2025-10-16,inflow,Revenue/Collections,181142.18
CT-004946,COMP-05,2025-10-16,outflow,Payroll,117163.35
CT-004947,COMP-05,2025-10-17,inflow,Revenue/Collections,166570.61
CT-004948,COMP-05,2025-10-17,outflow,Operating Expenses,141775.32
CT-004949,COMP-05,2025-10-18,inflow,Revenue/Collections,64446.15
CT-004950,COMP-05,2025-10-18,outflow,Payroll,25501.07
CT-004951,COMP-05,2025-10-19,inflow,Revenue/Collections,52668.71
CT-004952,COMP-05,2025-10-19,outflow,Operating Expenses,36558.7
CT-004953,COMP-05,2025-10-20,inflow,Revenue/Collections,179585.25
CT-004954,COMP-05,2025-10-20,outflow,Operating Expenses,116676.43
CT-004955,COMP-05,2025-10-21,inflow,Revenue/Collections,188250.59
CT-004956,COMP-05,2025-10-21,outflow,Payroll,117791.81
CT-004957,COMP-05,2025-10-22,inflow,Revenue/Collections,165292.72
CT-004958,COMP-05,2025-10-22,outflow,Payroll,141753.5
CT-004959,COMP-05,2025-10-23,inflow,Revenue/Collections,184036.57
CT-004960,COMP-05,2025-10-23,outflow,Operating Expenses,136685.61
CT-004961,COMP-05,2025-10-24,inflow,Revenue/Collections,166134.06
CT-004962,COMP-05,2025-10-24,outflow,Operating Expenses,112670.83
CT-004963,COMP-05,2025-10-25,inflow,Revenue/Collections,65436.57
CT-004964,COMP-05,2025-10-25,outflow,Payroll,40968.29
CT-004965,COMP-05,2025-10-26,inflow,Revenue/Collections,55567.63
CT-004966,COMP-05,2025-10-26,outflow,Operating Expenses,84539.52
CT-004967,COMP-05,2025-10-27,inflow,Revenue/Collections,196149.21
CT-004968,COMP-05,2025-10-27,outflow,Vendor Payments,196067.08
CT-004969,COMP-05,2025-10-28,inflow,Revenue/Collections,195751.98
CT-004970,COMP-05,2025-10-28,outflow,Payroll,227174.52
CT-004971,COMP-05,2025-10-29,inflow,Revenue/Collections,190750.48
CT-004972,COMP-05,2025-10-29,outflow,Vendor Payments,175276.25
CT-004973,COMP-05,2025-10-30,inflow,Revenue/Collections,168279.83
CT-004974,COMP-05,2025-10-30,outflow,Operating Expenses,205235.35
CT-004975,COMP-05,2025-10-31,inflow,Revenue/Collections,167641.78
CT-004976,COMP-05,2025-10-31,outflow,Operating Expenses,158310.44
CT-004977,COMP-05,2025-11-01,inflow,Revenue/Collections,89773.93
CT-004978,COMP-05,2025-11-01,outflow,Payroll,41274.36
CT-004979,COMP-05,2025-11-02,inflow,Revenue/Collections,87733.04
CT-004980,COMP-05,2025-11-02,outflow,Operating Expenses,42494.28
CT-004981,COMP-05,2025-11-03,inflow,Revenue/Collections,233292.14
CT-004982,COMP-05,2025-11-03,outflow,Operating Expenses,106936.57
CT-004983,COMP-05,2025-11-04,inflow,Revenue/Collections,204866.36
CT-004984,COMP-05,2025-11-04,outflow,Vendor Payments,133795.16
CT-004985,COMP-05,2025-11-05,inflow,Revenue/Collections,214481.64
CT-004986,COMP-05,2025-11-05,outflow,Vendor Payments,114886.46
CT-004987,COMP-05,2025-11-06,inflow,Revenue/Collections,180789.06
CT-004988,COMP-05,2025-11-06,outflow,Payroll,137517.36
CT-004989,COMP-05,2025-11-07,inflow,Revenue/Collections,190242.68
CT-004990,COMP-05,2025-11-07,outflow,Operating Expenses,127182.32
CT-004991,COMP-05,2025-11-08,inflow,Revenue/Collections,88711.37
CT-004992,COMP-05,2025-11-08,outflow,Payroll,26624.27
CT-004993,COMP-05,2025-11-09,inflow,Revenue/Collections,82792.59
CT-004994,COMP-05,2025-11-09,outflow,Payroll,43156.76
CT-004995,COMP-05,2025-11-10,inflow,Revenue/Collections,195598.6
CT-004996,COMP-05,2025-11-10,outflow,Vendor Payments,108618.89
CT-004997,COMP-05,2025-11-11,inflow,Revenue/Collections,178874.87
CT-004998,COMP-05,2025-11-11,outflow,Vendor Payments,119216.67
CT-004999,COMP-05,2025-11-12,inflow,Revenue/Collections,182872.53
CT-005000,COMP-05,2025-11-12,outflow,Payroll,139805.97
CT-005001,COMP-05,2025-11-13,inflow,Revenue/Collections,198436.9
CT-005002,COMP-05,2025-11-13,outflow,Payroll,114081.18
CT-005003,COMP-05,2025-11-14,inflow,Revenue/Collections,184006.92
CT-005004,COMP-05,2025-11-14,outflow,Payroll,112774.14
CT-005005,COMP-05,2025-11-15,inflow,Revenue/Collections,76967.94
CT-005006,COMP-05,2025-11-15,outflow,Operating Expenses,37077.95
CT-005007,COMP-05,2025-11-16,inflow,Revenue/Collections,60405.2
CT-005008,COMP-05,2025-11-16,outflow,Payroll,32946.54
CT-005009,COMP-05,2025-11-17,inflow,Revenue/Collections,182647.53
CT-005010,COMP-05,2025-11-17,outflow,Payroll,106417.75
CT-005011,COMP-05,2025-11-18,inflow,Revenue/Collections,198688.39
CT-005012,COMP-05,2025-11-18,outflow,Operating Expenses,133674.2
CT-005013,COMP-05,2025-11-19,inflow,Revenue/Collections,181948.42
CT-005014,COMP-05,2025-11-19,outflow,Vendor Payments,108806.52
CT-005015,COMP-05,2025-11-20,inflow,Revenue/Collections,165848.33
CT-005016,COMP-05,2025-11-20,outflow,Vendor Payments,125007.63
CT-005017,COMP-05,2025-11-21,inflow,Revenue/Collections,187840.91
CT-005018,COMP-05,2025-11-21,outflow,Payroll,131553.43
CT-005019,COMP-05,2025-11-22,inflow,Revenue/Collections,81069.54
CT-005020,COMP-05,2025-11-22,outflow,Operating Expenses,45377.33
CT-005021,COMP-05,2025-11-23,inflow,Revenue/Collections,81959.0
CT-005022,COMP-05,2025-11-23,outflow,Vendor Payments,45796.21
CT-005023,COMP-05,2025-11-24,inflow,Revenue/Collections,167978.32
CT-005024,COMP-05,2025-11-24,outflow,Vendor Payments,126275.34
CT-005025,COMP-05,2025-11-25,inflow,Revenue/Collections,198593.83
CT-005026,COMP-05,2025-11-25,outflow,Payroll,141061.25
CT-005027,COMP-05,2025-11-26,inflow,Revenue/Collections,165542.18
CT-005028,COMP-05,2025-11-26,outflow,Vendor Payments,194889.41
CT-005029,COMP-05,2025-11-27,inflow,Revenue/Collections,198389.02
CT-005030,COMP-05,2025-11-27,outflow,Payroll,236369.76
CT-005031,COMP-05,2025-11-28,inflow,Revenue/Collections,192101.95
CT-005032,COMP-05,2025-11-28,outflow,Operating Expenses,226966.54
CT-005033,COMP-05,2025-11-29,inflow,Revenue/Collections,71545.04
CT-005034,COMP-05,2025-11-29,outflow,Operating Expenses,48291.32
CT-005035,COMP-05,2025-11-30,inflow,Revenue/Collections,60095.1
CT-005036,COMP-05,2025-11-30,outflow,Payroll,66420.14
CT-005037,COMP-05,2025-12-01,inflow,Revenue/Collections,233029.73
CT-005038,COMP-05,2025-12-01,outflow,Payroll,119464.89
CT-005039,COMP-05,2025-12-02,inflow,Revenue/Collections,210128.23
CT-005040,COMP-05,2025-12-02,outflow,Payroll,126622.49
CT-005041,COMP-05,2025-12-03,inflow,Revenue/Collections,205457.93
CT-005042,COMP-05,2025-12-03,outflow,Operating Expenses,117081.09
CT-005043,COMP-05,2025-12-04,inflow,Revenue/Collections,191339.68
CT-005044,COMP-05,2025-12-04,outflow,Payroll,132603.58
CT-005045,COMP-05,2025-12-05,inflow,Revenue/Collections,238712.36
CT-005046,COMP-05,2025-12-05,outflow,Vendor Payments,129498.76
CT-005047,COMP-05,2025-12-06,inflow,Revenue/Collections,81500.79
CT-005048,COMP-05,2025-12-06,outflow,Operating Expenses,36444.07
CT-005049,COMP-05,2025-12-07,inflow,Revenue/Collections,66695.64
CT-005050,COMP-05,2025-12-07,outflow,Vendor Payments,43738.59
CT-005051,COMP-05,2025-12-08,inflow,Revenue/Collections,164307.33
CT-005052,COMP-05,2025-12-08,outflow,Vendor Payments,138719.83
CT-005053,COMP-05,2025-12-09,inflow,Revenue/Collections,173696.89
CT-005054,COMP-05,2025-12-09,outflow,Vendor Payments,140096.82
CT-005055,COMP-05,2025-12-10,inflow,Revenue/Collections,169416.43
CT-005056,COMP-05,2025-12-10,outflow,Operating Expenses,113420.53
CT-005057,COMP-05,2025-12-11,inflow,Revenue/Collections,167351.82
CT-005058,COMP-05,2025-12-11,outflow,Vendor Payments,128665.31
CT-005059,COMP-05,2025-12-12,inflow,Revenue/Collections,179616.35
CT-005060,COMP-05,2025-12-12,outflow,Vendor Payments,107799.37
CT-005061,COMP-05,2025-12-13,inflow,Revenue/Collections,75961.1
CT-005062,COMP-05,2025-12-13,outflow,Vendor Payments,42784.64
CT-005063,COMP-05,2025-12-14,inflow,Revenue/Collections,68953.65
CT-005064,COMP-05,2025-12-14,outflow,Vendor Payments,28433.07
CT-005065,COMP-05,2025-12-15,inflow,Revenue/Collections,197511.85
CT-005066,COMP-05,2025-12-15,outflow,Vendor Payments,126725.5
CT-005067,COMP-05,2025-12-16,inflow,Revenue/Collections,174339.98
CT-005068,COMP-05,2025-12-16,outflow,Payroll,110715.01
CT-005069,COMP-05,2025-12-17,inflow,Revenue/Collections,195014.55
CT-005070,COMP-05,2025-12-17,outflow,Payroll,115577.82
CT-005071,COMP-05,2025-12-18,inflow,Revenue/Collections,173975.83
CT-005072,COMP-05,2025-12-18,outflow,Payroll,120220.01
CT-005073,COMP-05,2025-12-19,inflow,Revenue/Collections,184857.15
CT-005074,COMP-05,2025-12-19,outflow,Operating Expenses,134166.58
CT-005075,COMP-05,2025-12-20,inflow,Revenue/Collections,53331.29
CT-005076,COMP-05,2025-12-20,outflow,Payroll,26699.72
CT-005077,COMP-05,2025-12-21,inflow,Revenue/Collections,82587.45
CT-005078,COMP-05,2025-12-21,outflow,Operating Expenses,27232.4
CT-005079,COMP-05,2025-12-22,inflow,Revenue/Collections,185542.29
CT-005080,COMP-05,2025-12-22,outflow,Operating Expenses,134354.27
CT-005081,COMP-05,2025-12-23,inflow,Revenue/Collections,166604.5
CT-005082,COMP-05,2025-12-23,outflow,Vendor Payments,132202.13
CT-005083,COMP-05,2025-12-24,inflow,Revenue/Collections,173487.62
CT-005084,COMP-05,2025-12-24,outflow,Payroll,120940.5
CT-005085,COMP-05,2025-12-25,inflow,Revenue/Collections,198017.88
CT-005086,COMP-05,2025-12-25,outflow,Payroll,115609.47
CT-005087,COMP-05,2025-12-26,inflow,Revenue/Collections,170199.37
CT-005088,COMP-05,2025-12-26,outflow,Vendor Payments,190469.95
CT-005089,COMP-05,2025-12-27,inflow,Revenue/Collections,73562.95
CT-005090,COMP-05,2025-12-27,outflow,Vendor Payments,64875.61
CT-005091,COMP-05,2025-12-28,inflow,Revenue/Collections,86224.04
CT-005092,COMP-05,2025-12-28,outflow,Operating Expenses,62765.03
CT-005093,COMP-05,2025-12-29,inflow,Revenue/Collections,185969.78
CT-005094,COMP-05,2025-12-29,outflow,Operating Expenses,197722.12
CT-005095,COMP-05,2025-12-30,inflow,Revenue/Collections,191288.42
CT-005096,COMP-05,2025-12-30,outflow,Payroll,258911.78
CT-005097,COMP-05,2025-12-31,inflow,Revenue/Collections,169659.28
CT-005098,COMP-05,2025-12-31,outflow,Payroll,217330.92
CT-005099,COMP-05,2026-01-01,inflow,Revenue/Collections,248468.58
CT-005100,COMP-05,2026-01-01,outflow,Vendor Payments,111676.12
CT-005101,COMP-05,2026-01-02,inflow,Revenue/Collections,207610.26
CT-005102,COMP-05,2026-01-02,outflow,Vendor Payments,107784.93
CT-005103,COMP-05,2026-01-03,inflow,Revenue/Collections,65323.71
CT-005104,COMP-05,2026-01-03,outflow,Vendor Payments,24702.01
CT-005105,COMP-05,2026-01-04,inflow,Revenue/Collections,93912.69
CT-005106,COMP-05,2026-01-04,outflow,Payroll,37452.47
CT-005107,COMP-05,2026-01-05,inflow,Revenue/Collections,202672.16
CT-005108,COMP-05,2026-01-05,outflow,Payroll,112854.79
CT-005109,COMP-05,2026-01-06,inflow,Revenue/Collections,168520.35
CT-005110,COMP-05,2026-01-06,outflow,Vendor Payments,135952.74
CT-005111,COMP-05,2026-01-07,inflow,Revenue/Collections,166747.53
CT-005112,COMP-05,2026-01-07,outflow,Vendor Payments,110296.44
CT-005113,COMP-05,2026-01-08,inflow,Revenue/Collections,185506.19
CT-005114,COMP-05,2026-01-08,outflow,Vendor Payments,133477.2
CT-005115,COMP-05,2026-01-09,inflow,Revenue/Collections,198330.4
CT-005116,COMP-05,2026-01-09,outflow,Operating Expenses,129427.35
CT-005117,COMP-05,2026-01-10,inflow,Revenue/Collections,78195.84
CT-005118,COMP-05,2026-01-10,outflow,Vendor Payments,29225.83
CT-005119,COMP-05,2026-01-11,inflow,Revenue/Collections,98159.97
CT-005120,COMP-05,2026-01-11,outflow,Vendor Payments,30330.67
CT-005121,COMP-05,2026-01-12,inflow,Revenue/Collections,164950.72
CT-005122,COMP-05,2026-01-12,outflow,Vendor Payments,108697.3
CT-005123,COMP-05,2026-01-13,inflow,Revenue/Collections,178556.33
CT-005124,COMP-05,2026-01-13,outflow,Payroll,124797.78
CT-005125,COMP-05,2026-01-14,inflow,Revenue/Collections,185138.49
CT-005126,COMP-05,2026-01-14,outflow,Operating Expenses,136423.85
CT-005127,COMP-05,2026-01-15,inflow,Revenue/Collections,197317.04
CT-005128,COMP-05,2026-01-15,outflow,Vendor Payments,115494.41
CT-005129,COMP-05,2026-01-16,inflow,Revenue/Collections,178500.08
CT-005130,COMP-05,2026-01-16,outflow,Operating Expenses,128593.3
CT-005131,COMP-05,2026-01-17,inflow,Revenue/Collections,83808.16
CT-005132,COMP-05,2026-01-17,outflow,Operating Expenses,43322.21
CT-005133,COMP-05,2026-01-18,inflow,Revenue/Collections,58957.92
CT-005134,COMP-05,2026-01-18,outflow,Payroll,52555.2
CT-005135,COMP-05,2026-01-19,inflow,Revenue/Collections,198397.23
CT-005136,COMP-05,2026-01-19,outflow,Vendor Payments,136388.86
CT-005137,COMP-05,2026-01-20,inflow,Revenue/Collections,175281.03
CT-005138,COMP-05,2026-01-20,outflow,Payroll,122213.24
CT-005139,COMP-05,2026-01-21,inflow,Revenue/Collections,167838.91
CT-005140,COMP-05,2026-01-21,outflow,Payroll,109544.57
CT-005141,COMP-05,2026-01-22,inflow,Revenue/Collections,188475.92
CT-005142,COMP-05,2026-01-22,outflow,Payroll,140192.95
CT-005143,COMP-05,2026-01-23,inflow,Revenue/Collections,200392.13
CT-005144,COMP-05,2026-01-23,outflow,Payroll,109694.5
CT-005145,COMP-05,2026-01-24,inflow,Revenue/Collections,66628.33
CT-005146,COMP-05,2026-01-24,outflow,Operating Expenses,35117.51
CT-005147,COMP-05,2026-01-25,inflow,Revenue/Collections,66870.05
CT-005148,COMP-05,2026-01-25,outflow,Operating Expenses,36550.83
CT-005149,COMP-05,2026-01-26,inflow,Revenue/Collections,179037.12
CT-005150,COMP-05,2026-01-26,outflow,Operating Expenses,260914.94
CT-005151,COMP-05,2026-01-27,inflow,Revenue/Collections,173762.27
CT-005152,COMP-05,2026-01-27,outflow,Vendor Payments,190440.1
CT-005153,COMP-05,2026-01-28,inflow,Revenue/Collections,174508.52
CT-005154,COMP-05,2026-01-28,outflow,Operating Expenses,175762.04
CT-005155,COMP-05,2026-01-29,inflow,Revenue/Collections,196909.3
CT-005156,COMP-05,2026-01-29,outflow,Operating Expenses,219346.14
CT-005157,COMP-05,2026-01-30,inflow,Revenue/Collections,167380.15
CT-005158,COMP-05,2026-01-30,outflow,Payroll,193267.6
CT-005159,COMP-05,2026-01-31,inflow,Revenue/Collections,71491.19
CT-005160,COMP-05,2026-01-31,outflow,Vendor Payments,46178.17
CT-005161,COMP-05,2026-02-01,inflow,Revenue/Collections,100628.36
CT-005162,COMP-05,2026-02-01,outflow,Payroll,48499.47
CT-005163,COMP-05,2026-02-02,inflow,Revenue/Collections,187833.19
CT-005164,COMP-05,2026-02-02,outflow,Vendor Payments,111941.59
CT-005165,COMP-05,2026-02-03,inflow,Revenue/Collections,240709.33
CT-005166,COMP-05,2026-02-03,outflow,Payroll,135255.68
CT-005167,COMP-05,2026-02-04,inflow,Revenue/Collections,198552.73
CT-005168,COMP-05,2026-02-04,outflow,Vendor Payments,134075.72
CT-005169,COMP-05,2026-02-05,inflow,Revenue/Collections,194105.92
CT-005170,COMP-05,2026-02-05,outflow,Vendor Payments,121062.47
CT-005171,COMP-05,2026-02-06,inflow,Revenue/Collections,168633.43
CT-005172,COMP-05,2026-02-06,outflow,Vendor Payments,129569.47
CT-005173,COMP-05,2026-02-07,inflow,Revenue/Collections,60135.22
CT-005174,COMP-05,2026-02-07,outflow,Vendor Payments,24621.6
CT-005175,COMP-05,2026-02-08,inflow,Revenue/Collections,78626.5
CT-005176,COMP-05,2026-02-08,outflow,Operating Expenses,30467.27
CT-005177,COMP-05,2026-02-09,inflow,Revenue/Collections,194153.33
CT-005178,COMP-05,2026-02-09,outflow,Vendor Payments,111753.74
CT-005179,COMP-05,2026-02-10,inflow,Revenue/Collections,195621.37
CT-005180,COMP-05,2026-02-10,outflow,Operating Expenses,110940.76
CT-005181,COMP-05,2026-02-11,inflow,Revenue/Collections,170443.29
CT-005182,COMP-05,2026-02-11,outflow,Operating Expenses,141888.58
CT-005183,COMP-05,2026-02-12,inflow,Revenue/Collections,175486.46
CT-005184,COMP-05,2026-02-12,outflow,Vendor Payments,127980.36
CT-005185,COMP-05,2026-02-13,inflow,Revenue/Collections,172216.58
CT-005186,COMP-05,2026-02-13,outflow,Vendor Payments,117024.78
CT-005187,COMP-05,2026-02-14,inflow,Revenue/Collections,75729.01
CT-005188,COMP-05,2026-02-14,outflow,Payroll,34622.2
CT-005189,COMP-05,2026-02-15,inflow,Revenue/Collections,60878.23
CT-005190,COMP-05,2026-02-15,outflow,Vendor Payments,47708.82
CT-005191,COMP-05,2026-02-16,inflow,Revenue/Collections,196414.76
CT-005192,COMP-05,2026-02-16,outflow,Operating Expenses,128893.68
CT-005193,COMP-05,2026-02-17,inflow,Revenue/Collections,189320.33
CT-005194,COMP-05,2026-02-17,outflow,Operating Expenses,145641.7
CT-005195,COMP-05,2026-02-18,inflow,Revenue/Collections,189221.13
CT-005196,COMP-05,2026-02-18,outflow,Operating Expenses,115843.16
CT-005197,COMP-05,2026-02-19,inflow,Revenue/Collections,191368.18
CT-005198,COMP-05,2026-02-19,outflow,Payroll,136995.98
CT-005199,COMP-05,2026-02-20,inflow,Revenue/Collections,194073.77
CT-005200,COMP-05,2026-02-20,outflow,Operating Expenses,122879.47
CT-005201,COMP-05,2026-02-21,inflow,Revenue/Collections,59557.19
CT-005202,COMP-05,2026-02-21,outflow,Operating Expenses,43864.8
CT-005203,COMP-05,2026-02-22,inflow,Revenue/Collections,55812.26
CT-005204,COMP-05,2026-02-22,outflow,Vendor Payments,40125.29
CT-005205,COMP-05,2026-02-23,inflow,Revenue/Collections,199471.93
CT-005206,COMP-05,2026-02-23,outflow,Operating Expenses,114480.07
CT-005207,COMP-05,2026-02-24,inflow,Revenue/Collections,198211.0
CT-005208,COMP-05,2026-02-24,outflow,Payroll,108436.12
CT-005209,COMP-05,2026-02-25,inflow,Revenue/Collections,202577.89
CT-005210,COMP-05,2026-02-25,outflow,Operating Expenses,139449.32
CT-005211,COMP-05,2026-02-26,inflow,Revenue/Collections,200995.74
CT-005212,COMP-05,2026-02-26,outflow,Payroll,199481.16
CT-005213,COMP-05,2026-02-27,inflow,Revenue/Collections,189087.69
CT-005214,COMP-05,2026-02-27,outflow,Payroll,212859.4
CT-005215,COMP-05,2026-02-28,inflow,Revenue/Collections,56527.18
CT-005216,COMP-05,2026-02-28,outflow,Operating Expenses,57432.16
CT-005217,COMP-05,2026-03-01,inflow,Revenue/Collections,114050.9
CT-005218,COMP-05,2026-03-01,outflow,Vendor Payments,45135.34
CT-005219,COMP-05,2026-03-02,inflow,Revenue/Collections,224817.36
CT-005220,COMP-05,2026-03-02,outflow,Operating Expenses,126304.11
CT-005221,COMP-05,2026-03-03,inflow,Revenue/Collections,220751.68
CT-005222,COMP-05,2026-03-03,outflow,Payroll,114152.64
CT-005223,COMP-05,2026-03-04,inflow,Revenue/Collections,214498.89
CT-005224,COMP-05,2026-03-04,outflow,Operating Expenses,124908.0
CT-005225,COMP-05,2026-03-05,inflow,Revenue/Collections,201786.07
CT-005226,COMP-05,2026-03-05,outflow,Payroll,136064.58
CT-005227,COMP-05,2026-03-06,inflow,Revenue/Collections,184179.23
CT-005228,COMP-05,2026-03-06,outflow,Vendor Payments,129819.74
CT-005229,COMP-05,2026-03-07,inflow,Revenue/Collections,73472.98
CT-005230,COMP-05,2026-03-07,outflow,Operating Expenses,41368.71
CT-005231,COMP-05,2026-03-08,inflow,Revenue/Collections,83270.66
CT-005232,COMP-05,2026-03-08,outflow,Payroll,51074.3
CT-005233,COMP-05,2026-03-09,inflow,Revenue/Collections,174462.08
CT-005234,COMP-05,2026-03-09,outflow,Operating Expenses,144552.78
CT-005235,COMP-05,2026-03-10,inflow,Revenue/Collections,182816.64
CT-005236,COMP-05,2026-03-10,outflow,Operating Expenses,142599.96
CT-005237,COMP-05,2026-03-11,inflow,Revenue/Collections,176056.05
CT-005238,COMP-05,2026-03-11,outflow,Operating Expenses,139781.47
CT-005239,COMP-05,2026-03-12,inflow,Revenue/Collections,201304.58
CT-005240,COMP-05,2026-03-12,outflow,Operating Expenses,145273.77
CT-005241,COMP-05,2026-03-13,inflow,Revenue/Collections,193920.11
CT-005242,COMP-05,2026-03-13,outflow,Vendor Payments,126082.85
CT-005243,COMP-05,2026-03-14,inflow,Revenue/Collections,79159.47
CT-005244,COMP-05,2026-03-14,outflow,Operating Expenses,23209.63
CT-005245,COMP-05,2026-03-15,inflow,Revenue/Collections,73492.7
CT-005246,COMP-05,2026-03-15,outflow,Payroll,39719.83
CT-005247,COMP-05,2026-03-16,inflow,Revenue/Collections,184313.44
CT-005248,COMP-05,2026-03-16,outflow,Payroll,138462.04
CT-005249,COMP-05,2026-03-17,inflow,Revenue/Collections,168725.75
CT-005250,COMP-05,2026-03-17,outflow,Vendor Payments,134830.06
CT-005251,COMP-05,2026-03-18,inflow,Revenue/Collections,198190.67
CT-005252,COMP-05,2026-03-18,outflow,Vendor Payments,121744.13
CT-005253,COMP-05,2026-03-19,inflow,Revenue/Collections,197620.12
CT-005254,COMP-05,2026-03-19,outflow,Operating Expenses,111744.62
CT-005255,COMP-05,2026-03-20,inflow,Revenue/Collections,180524.56
CT-005256,COMP-05,2026-03-20,outflow,Vendor Payments,115409.14
CT-005257,COMP-05,2026-03-21,inflow,Revenue/Collections,88662.02
CT-005258,COMP-05,2026-03-21,outflow,Vendor Payments,23145.9
CT-005259,COMP-05,2026-03-22,inflow,Revenue/Collections,81084.67
CT-005260,COMP-05,2026-03-22,outflow,Operating Expenses,31336.87
CT-005261,COMP-05,2026-03-23,inflow,Revenue/Collections,168308.19
CT-005262,COMP-05,2026-03-23,outflow,Operating Expenses,128762.37
CT-005263,COMP-05,2026-03-24,inflow,Revenue/Collections,177437.64
CT-005264,COMP-05,2026-03-24,outflow,Payroll,123826.58
CT-005265,COMP-05,2026-03-25,inflow,Revenue/Collections,191915.73
CT-005266,COMP-05,2026-03-25,outflow,Operating Expenses,128545.86
CT-005267,COMP-05,2026-03-26,inflow,Revenue/Collections,195758.67
CT-005268,COMP-05,2026-03-26,outflow,Vendor Payments,224283.1
CT-005269,COMP-05,2026-03-27,inflow,Revenue/Collections,202421.96
CT-005270,COMP-05,2026-03-27,outflow,Payroll,160156.65
CT-005271,COMP-05,2026-03-28,inflow,Revenue/Collections,66216.4
CT-005272,COMP-05,2026-03-28,outflow,Payroll,91920.13
CT-005273,COMP-05,2026-03-29,inflow,Revenue/Collections,83279.88
CT-005274,COMP-05,2026-03-29,outflow,Vendor Payments,43491.55
CT-005275,COMP-05,2026-03-30,inflow,Revenue/Collections,204734.75
CT-005276,COMP-05,2026-03-30,outflow,Payroll,199445.28
CT-005277,COMP-05,2026-03-31,inflow,Revenue/Collections,192772.42
CT-005278,COMP-05,2026-03-31,outflow,Operating Expenses,182951.0
CT-005279,COMP-05,2026-04-01,inflow,Revenue/Collections,214804.91
CT-005280,COMP-05,2026-04-01,outflow,Payroll,138473.66
CT-005281,COMP-05,2026-04-02,inflow,Revenue/Collections,220437.97
CT-005282,COMP-05,2026-04-02,outflow,Payroll,134274.07
CT-005283,COMP-05,2026-04-03,inflow,Revenue/Collections,225356.37
CT-005284,COMP-05,2026-04-03,outflow,Payroll,117611.44
CT-005285,COMP-05,2026-04-04,inflow,Revenue/Collections,119507.5
CT-005286,COMP-05,2026-04-04,outflow,Vendor Payments,26227.1
CT-005287,COMP-05,2026-04-05,inflow,Revenue/Collections,66137.93
CT-005288,COMP-05,2026-04-05,outflow,Operating Expenses,37641.82
CT-005289,COMP-05,2026-04-06,inflow,Revenue/Collections,194365.38
CT-005290,COMP-05,2026-04-06,outflow,Operating Expenses,129207.63
CT-005291,COMP-05,2026-04-07,inflow,Revenue/Collections,170779.35
CT-005292,COMP-05,2026-04-07,outflow,Vendor Payments,110799.08
CT-005293,COMP-05,2026-04-08,inflow,Revenue/Collections,187829.99
CT-005294,COMP-05,2026-04-08,outflow,Operating Expenses,142275.01
CT-005295,COMP-05,2026-04-09,inflow,Revenue/Collections,176784.69
CT-005296,COMP-05,2026-04-09,outflow,Operating Expenses,127217.61
CT-005297,COMP-05,2026-04-10,inflow,Revenue/Collections,195852.77
CT-005298,COMP-05,2026-04-10,outflow,Operating Expenses,145647.46
CT-005299,COMP-05,2026-04-11,inflow,Revenue/Collections,85895.0
CT-005300,COMP-05,2026-04-11,outflow,Vendor Payments,42618.83
CT-005301,COMP-05,2026-04-12,inflow,Revenue/Collections,69267.07
CT-005302,COMP-05,2026-04-12,outflow,Vendor Payments,31404.01
CT-005303,COMP-05,2026-04-13,inflow,Revenue/Collections,193047.58
CT-005304,COMP-05,2026-04-13,outflow,Payroll,137366.06
CT-005305,COMP-05,2026-04-14,inflow,Revenue/Collections,192074.17
CT-005306,COMP-05,2026-04-14,outflow,Payroll,120298.58
CT-005307,COMP-05,2026-04-15,inflow,Revenue/Collections,183070.8
CT-005308,COMP-05,2026-04-15,outflow,Operating Expenses,111278.97
CT-005309,COMP-05,2026-04-16,inflow,Revenue/Collections,173342.38
CT-005310,COMP-05,2026-04-16,outflow,Operating Expenses,109389.32
CT-005311,COMP-05,2026-04-17,inflow,Revenue/Collections,173102.85
CT-005312,COMP-05,2026-04-17,outflow,Payroll,126755.51
CT-005313,COMP-05,2026-04-18,inflow,Revenue/Collections,85322.08
CT-005314,COMP-05,2026-04-18,outflow,Operating Expenses,37555.04
CT-005315,COMP-05,2026-04-19,inflow,Revenue/Collections,61541.04
CT-005316,COMP-05,2026-04-19,outflow,Payroll,46084.61
CT-005317,COMP-05,2026-04-20,inflow,Revenue/Collections,181719.94
CT-005318,COMP-05,2026-04-20,outflow,Operating Expenses,137645.29
CT-005319,COMP-05,2026-04-21,inflow,Revenue/Collections,172527.63
CT-005320,COMP-05,2026-04-21,outflow,Operating Expenses,141355.78
CT-005321,COMP-05,2026-04-22,inflow,Revenue/Collections,202383.55
CT-005322,COMP-05,2026-04-22,outflow,Operating Expenses,118067.11
CT-005323,COMP-05,2026-04-23,inflow,Revenue/Collections,194958.67
CT-005324,COMP-05,2026-04-23,outflow,Vendor Payments,118598.11
CT-005325,COMP-05,2026-04-24,inflow,Revenue/Collections,180579.03
CT-005326,COMP-05,2026-04-24,outflow,Payroll,112766.91
CT-005327,COMP-05,2026-04-25,inflow,Revenue/Collections,67594.5
CT-005328,COMP-05,2026-04-25,outflow,Vendor Payments,32405.01
CT-005329,COMP-05,2026-04-26,inflow,Revenue/Collections,59917.47
CT-005330,COMP-05,2026-04-26,outflow,Vendor Payments,43105.47
CT-005331,COMP-05,2026-04-27,inflow,Revenue/Collections,186432.73
CT-005332,COMP-05,2026-04-27,outflow,Payroll,216801.02
CT-005333,COMP-05,2026-04-28,inflow,Revenue/Collections,174019.68
CT-005334,COMP-05,2026-04-28,outflow,Operating Expenses,264458.78
CT-005335,COMP-05,2026-04-29,inflow,Revenue/Collections,179581.01
CT-005336,COMP-05,2026-04-29,outflow,Vendor Payments,211098.22
CT-005337,COMP-05,2026-04-30,inflow,Revenue/Collections,194713.78
CT-005338,COMP-05,2026-04-30,outflow,Operating Expenses,190032.12
CT-005339,COMP-05,2026-05-01,inflow,Revenue/Collections,228256.61
CT-005340,COMP-05,2026-05-01,outflow,Operating Expenses,121933.19
CT-005341,COMP-05,2026-05-02,inflow,Revenue/Collections,82767.61
CT-005342,COMP-05,2026-05-02,outflow,Operating Expenses,37970.63
CT-005343,COMP-05,2026-05-03,inflow,Revenue/Collections,69047.73
CT-005344,COMP-05,2026-05-03,outflow,Payroll,34084.06
CT-005345,COMP-05,2026-05-04,inflow,Revenue/Collections,218887.2
CT-005346,COMP-05,2026-05-04,outflow,Operating Expenses,128387.85
CT-005347,COMP-05,2026-05-05,inflow,Revenue/Collections,260240.96
CT-005348,COMP-05,2026-05-05,outflow,Payroll,141223.1
CT-005349,COMP-05,2026-05-06,inflow,Revenue/Collections,176872.84
CT-005350,COMP-05,2026-05-06,outflow,Payroll,133639.84
CT-005351,COMP-05,2026-05-07,inflow,Revenue/Collections,195732.31
CT-005352,COMP-05,2026-05-07,outflow,Payroll,145353.15
CT-005353,COMP-05,2026-05-08,inflow,Revenue/Collections,202698.98
CT-005354,COMP-05,2026-05-08,outflow,Operating Expenses,119048.7
CT-005355,COMP-05,2026-05-09,inflow,Revenue/Collections,85070.45
CT-005356,COMP-05,2026-05-09,outflow,Payroll,37992.37
CT-005357,COMP-05,2026-05-10,inflow,Revenue/Collections,74391.32
CT-005358,COMP-05,2026-05-10,outflow,Payroll,38078.5
CT-005359,COMP-05,2026-05-11,inflow,Revenue/Collections,180200.22
CT-005360,COMP-05,2026-05-11,outflow,Vendor Payments,147911.14
CT-005361,COMP-05,2026-05-12,inflow,Revenue/Collections,199868.41
CT-005362,COMP-05,2026-05-12,outflow,Operating Expenses,137720.44
CT-005363,COMP-05,2026-05-13,inflow,Revenue/Collections,203440.98
CT-005364,COMP-05,2026-05-13,outflow,Payroll,127840.45
CT-005365,COMP-05,2026-05-14,inflow,Revenue/Collections,183077.01
CT-005366,COMP-05,2026-05-14,outflow,Payroll,114343.58
CT-005367,COMP-05,2026-05-15,inflow,Revenue/Collections,183181.47
CT-005368,COMP-05,2026-05-15,outflow,Operating Expenses,134678.8
CT-005369,COMP-05,2026-05-16,inflow,Revenue/Collections,88875.99
CT-005370,COMP-05,2026-05-16,outflow,Operating Expenses,39035.02
CT-005371,COMP-05,2026-05-17,inflow,Revenue/Collections,71530.53
CT-005372,COMP-05,2026-05-17,outflow,Vendor Payments,39213.55
CT-005373,COMP-05,2026-05-18,inflow,Revenue/Collections,181283.98
CT-005374,COMP-05,2026-05-18,outflow,Payroll,111195.62
CT-005375,COMP-05,2026-05-19,inflow,Revenue/Collections,176503.55
CT-005376,COMP-05,2026-05-19,outflow,Operating Expenses,135585.79
CT-005377,COMP-05,2026-05-20,inflow,Revenue/Collections,193536.25
CT-005378,COMP-05,2026-05-20,outflow,Vendor Payments,141265.22
CT-005379,COMP-05,2026-05-21,inflow,Revenue/Collections,184059.35
CT-005380,COMP-05,2026-05-21,outflow,Operating Expenses,129770.62
CT-005381,COMP-05,2026-05-22,inflow,Revenue/Collections,178208.28
CT-005382,COMP-05,2026-05-22,outflow,Vendor Payments,122484.48
CT-005383,COMP-05,2026-05-23,inflow,Revenue/Collections,57824.04
CT-005384,COMP-05,2026-05-23,outflow,Vendor Payments,42831.89
CT-005385,COMP-05,2026-05-24,inflow,Revenue/Collections,60405.64
CT-005386,COMP-05,2026-05-24,outflow,Payroll,47849.2
CT-005387,COMP-05,2026-05-25,inflow,Revenue/Collections,204425.48
CT-005388,COMP-05,2026-05-25,outflow,Operating Expenses,121761.89
CT-005389,COMP-05,2026-05-26,inflow,Revenue/Collections,184838.25
CT-005390,COMP-05,2026-05-26,outflow,Vendor Payments,179000.83
CT-005391,COMP-05,2026-05-27,inflow,Revenue/Collections,189553.38
CT-005392,COMP-05,2026-05-27,outflow,Vendor Payments,177796.89
CT-005393,COMP-05,2026-05-28,inflow,Revenue/Collections,199088.57
CT-005394,COMP-05,2026-05-28,outflow,Vendor Payments,170351.12
CT-005395,COMP-05,2026-05-29,inflow,Revenue/Collections,181649.09
CT-005396,COMP-05,2026-05-29,outflow,Payroll,218718.82
CT-005397,COMP-05,2026-05-30,inflow,Revenue/Collections,85241.3
CT-005398,COMP-05,2026-05-30,outflow,Payroll,67667.64
CT-005399,COMP-05,2026-05-31,inflow,Revenue/Collections,92224.69
CT-005400,COMP-05,2026-05-31,outflow,Vendor Payments,69318.04
CT-005401,COMP-05,2026-06-01,inflow,Revenue/Collections,242891.22
CT-005402,COMP-05,2026-06-01,outflow,Vendor Payments,145186.7
CT-005403,COMP-05,2026-06-02,inflow,Revenue/Collections,197956.64
CT-005404,COMP-05,2026-06-02,outflow,Payroll,142741.62
CT-005405,COMP-05,2026-06-03,inflow,Revenue/Collections,260362.9
CT-005406,COMP-05,2026-06-03,outflow,Vendor Payments,125384.52
CT-005407,COMP-05,2026-06-04,inflow,Revenue/Collections,226992.61
CT-005408,COMP-05,2026-06-04,outflow,Operating Expenses,128824.61
CT-005409,COMP-05,2026-06-05,inflow,Revenue/Collections,235201.2
CT-005410,COMP-05,2026-06-05,outflow,Payroll,130696.01
CT-005411,COMP-05,2026-06-06,inflow,Revenue/Collections,69979.49
CT-005412,COMP-05,2026-06-06,outflow,Payroll,36975.96
CT-005413,COMP-05,2026-06-07,inflow,Revenue/Collections,51527.11
CT-005414,COMP-05,2026-06-07,outflow,Payroll,50527.14
CT-005415,COMP-05,2026-06-08,inflow,Revenue/Collections,207056.68
CT-005416,COMP-05,2026-06-08,outflow,Payroll,141847.35
CT-005417,COMP-05,2026-06-09,inflow,Revenue/Collections,187368.54
CT-005418,COMP-05,2026-06-09,outflow,Payroll,145306.97
CT-005419,COMP-05,2026-06-10,inflow,Revenue/Collections,206557.19
CT-005420,COMP-05,2026-06-10,outflow,Operating Expenses,117133.08
CT-005421,COMP-05,2026-06-11,inflow,Revenue/Collections,203751.25
CT-005422,COMP-05,2026-06-11,outflow,Vendor Payments,113131.1
CT-005423,COMP-05,2026-06-12,inflow,Revenue/Collections,202310.98
CT-005424,COMP-05,2026-06-12,outflow,Operating Expenses,144919.61
CT-005425,COMP-05,2026-06-13,inflow,Revenue/Collections,75843.4
CT-005426,COMP-05,2026-06-13,outflow,Operating Expenses,36215.16
CT-005427,COMP-05,2026-06-14,inflow,Revenue/Collections,100949.19
CT-005428,COMP-05,2026-06-14,outflow,Payroll,29419.95
CT-005429,COMP-05,2026-06-15,inflow,Revenue/Collections,189358.01
CT-005430,COMP-05,2026-06-15,outflow,Payroll,139884.47
CT-005431,COMP-05,2026-06-16,inflow,Revenue/Collections,198979.51
CT-005432,COMP-05,2026-06-16,outflow,Operating Expenses,127947.77
CT-005433,COMP-05,2026-06-17,inflow,Revenue/Collections,183289.58
CT-005434,COMP-05,2026-06-17,outflow,Payroll,112346.92
CT-005435,COMP-05,2026-06-18,inflow,Revenue/Collections,172499.45
CT-005436,COMP-05,2026-06-18,outflow,Vendor Payments,142993.04
CT-005437,COMP-05,2026-06-19,inflow,Revenue/Collections,208356.22
CT-005438,COMP-05,2026-06-19,outflow,Operating Expenses,131153.32
CT-005439,COMP-05,2026-06-20,inflow,Revenue/Collections,66636.31
CT-005440,COMP-05,2026-06-20,outflow,Payroll,43123.42
CT-005441,COMP-05,2026-06-21,inflow,Revenue/Collections,79715.69
CT-005442,COMP-05,2026-06-21,outflow,Vendor Payments,35889.15
CT-005443,COMP-05,2026-06-22,inflow,Revenue/Collections,188851.62
CT-005444,COMP-05,2026-06-22,outflow,Operating Expenses,120448.34
CT-005445,COMP-05,2026-06-23,inflow,Revenue/Collections,201645.89
CT-005446,COMP-05,2026-06-23,outflow,Vendor Payments,135066.39
CT-005447,COMP-05,2026-06-24,inflow,Revenue/Collections,189665.95
CT-005448,COMP-05,2026-06-24,outflow,Operating Expenses,145243.11
CT-005449,COMP-05,2026-06-25,inflow,Revenue/Collections,192953.15
CT-005450,COMP-05,2026-06-25,outflow,Vendor Payments,127672.55
CT-005451,COMP-05,2026-06-26,inflow,Revenue/Collections,198481.87
CT-005452,COMP-05,2026-06-26,outflow,Vendor Payments,190133.78
CT-005453,COMP-05,2026-06-27,inflow,Revenue/Collections,94966.61
CT-005454,COMP-05,2026-06-27,outflow,Vendor Payments,86616.1
CT-005455,COMP-05,2026-06-28,inflow,Revenue/Collections,63151.87
CT-005456,COMP-05,2026-06-28,outflow,Operating Expenses,47877.62
CT-005457,COMP-05,2026-06-29,inflow,Revenue/Collections,193335.86
CT-005458,COMP-05,2026-06-29,outflow,Payroll,176261.06
CT-005459,COMP-05,2026-06-30,inflow,Revenue/Collections,203069.73
CT-005460,COMP-05,2026-06-30,outflow,Vendor Payments,174012.07
